1850     1    -0.753  0.365       NaN    NaN       NaN    NaN       NaN    NaN       NaN    NaN
  1850     2    -0.202  0.416       NaN    NaN       NaN    NaN       NaN    NaN       NaN    NaN
  1850     3    -0.367  0.373       NaN    NaN       NaN    NaN       NaN    NaN       NaN    NaN
  1850     4    -0.596  0.324       NaN    NaN       NaN    NaN       NaN    NaN       NaN    NaN
  1850     5    -0.619  0.267       NaN    NaN       NaN    NaN       NaN    NaN       NaN    NaN
  1850     6    -0.332  0.308    -0.436  0.170       NaN    NaN       NaN    NaN       NaN    NaN
  1850     7    -0.151  0.249    -0.386  0.176       NaN    NaN       NaN    NaN       NaN    NaN
  1850     8    -0.149  0.341    -0.403  0.166       NaN    NaN       NaN    NaN       NaN    NaN
  1850     9    -0.416  0.237    -0.418  0.172       NaN    NaN       NaN    NaN       NaN    NaN
  1850    10    -0.590  0.237    -0.421  0.187       NaN    NaN       NaN    NaN       NaN    NaN
  1850    11    -0.572  0.317    -0.396  0.200       NaN    NaN       NaN    NaN       NaN    NaN
  1850    12    -0.481  0.312    -0.389  0.195       NaN    NaN       NaN    NaN       NaN    NaN
  1851     1    -0.159  0.389    -0.392  0.194       NaN    NaN       NaN    NaN       NaN    NaN
  1851     2    -0.402  0.351    -0.405  0.191       NaN    NaN       NaN    NaN       NaN    NaN
  1851     3    -0.550  0.331    -0.402  0.196       NaN    NaN       NaN    NaN       NaN    NaN
  1851     4    -0.626  0.450    -0.365  0.211       NaN    NaN       NaN    NaN       NaN    NaN
  1851     5    -0.326  0.445    -0.349  0.235       NaN    NaN       NaN    NaN       NaN    NaN
  1851     6    -0.240  0.217    -0.321  0.259       NaN    NaN       NaN    NaN       NaN    NaN
  1851     7    -0.198  0.221    -0.327  0.275       NaN    NaN       NaN    NaN       NaN    NaN
  1851     8    -0.295  0.282    -0.336  0.290       NaN    NaN       NaN    NaN       NaN    NaN
  1851     9    -0.387  0.295    -0.351  0.300       NaN    NaN       NaN    NaN       NaN    NaN
  1851    10    -0.144  0.352    -0.342  0.288       NaN    NaN       NaN    NaN       NaN    NaN
  1851    11    -0.377  0.438    -0.327  0.285       NaN    NaN       NaN    NaN       NaN    NaN
  1851    12    -0.145  0.409    -0.315  0.294       NaN    NaN       NaN    NaN       NaN    NaN
  1852     1    -0.239  0.515    -0.301  0.296       NaN    NaN       NaN    NaN       NaN    NaN
  1852     2    -0.506  0.458    -0.304  0.286       NaN    NaN       NaN    NaN       NaN    NaN
  1852     3    -0.725  0.447    -0.297  0.285       NaN    NaN       NaN    NaN       NaN    NaN
  1852     4    -0.526  0.359    -0.298  0.271       NaN    NaN       NaN    NaN       NaN    NaN
  1852     5    -0.146  0.426    -0.311  0.266       NaN    NaN       NaN    NaN       NaN    NaN
  1852     6    -0.099  0.299    -0.292  0.249    -0.325  0.173       NaN    NaN       NaN    NaN
  1852     7    -0.020  0.240    -0.294  0.242    -0.314  0.177       NaN    NaN       NaN    NaN
  1852     8    -0.336  0.236    -0.281  0.241    -0.312  0.171       NaN    NaN       NaN    NaN
  1852     9    -0.299  0.255    -0.254  0.222    -0.310  0.169       NaN    NaN       NaN    NaN
  1852    10    -0.162  0.232    -0.233  0.231    -0.302  0.163       NaN    NaN       NaN    NaN
  1852    11    -0.536  0.366    -0.242  0.225    -0.295  0.163       NaN    NaN       NaN    NaN
  1852    12     0.087  0.330    -0.247  0.224    -0.295  0.161       NaN    NaN       NaN    NaN
  1853     1    -0.266  0.445    -0.242  0.213    -0.298  0.160       NaN    NaN       NaN    NaN
  1853     2    -0.346  0.496    -0.217  0.212    -0.300  0.156       NaN    NaN       NaN    NaN
  1853     3    -0.396  0.257    -0.225  0.204    -0.301  0.154       NaN    NaN       NaN    NaN
  1853     4    -0.273  0.445    -0.251  0.217    -0.296  0.155       NaN    NaN       NaN    NaN
  1853     5    -0.263  0.323    -0.260  0.196    -0.293  0.156       NaN    NaN       NaN    NaN
  1853     6    -0.160  0.291    -0.295  0.196    -0.294  0.155       NaN    NaN       NaN    NaN
  1853     7     0.050  0.178    -0.318  0.172    -0.291  0.155       NaN    NaN       NaN    NaN
  1853     8    -0.043  0.211    -0.338  0.164    -0.290  0.161       NaN    NaN       NaN    NaN
  1853     9    -0.393  0.207    -0.328  0.165    -0.288  0.159       NaN    NaN       NaN    NaN
  1853    10    -0.470  0.319    -0.334  0.140    -0.284  0.154       NaN    NaN       NaN    NaN
  1853    11    -0.650  0.321    -0.335  0.133    -0.284  0.150       NaN    NaN       NaN    NaN
  1853    12    -0.324  0.276    -0.360  0.129    -0.282  0.149       NaN    NaN       NaN    NaN
  1854     1    -0.547  0.351    -0.377  0.131    -0.283  0.148       NaN    NaN       NaN    NaN
  1854     2    -0.584  0.374    -0.389  0.133    -0.287  0.149       NaN    NaN       NaN    NaN
  1854     3    -0.276  0.282    -0.377  0.133    -0.292  0.150       NaN    NaN       NaN    NaN
  1854     4    -0.349  0.233    -0.328  0.128    -0.301  0.147       NaN    NaN       NaN    NaN
  1854     5    -0.278  0.220    -0.293  0.135    -0.304  0.142       NaN    NaN       NaN    NaN
  1854     6    -0.456  0.195    -0.283  0.130    -0.309  0.137       NaN    NaN       NaN    NaN
  1854     7    -0.156  0.205    -0.242  0.148    -0.313  0.135       NaN    NaN       NaN    NaN
  1854     8    -0.182  0.234    -0.202  0.135    -0.314  0.131       NaN    NaN       NaN    NaN
  1854     9    -0.248  0.211    -0.201  0.133    -0.312  0.126       NaN    NaN       NaN    NaN
  1854    10     0.115  0.266    -0.178  0.127    -0.317  0.124       NaN    NaN       NaN    NaN
  1854    11    -0.236  0.331    -0.174  0.128    -0.327  0.122       NaN    NaN       NaN    NaN
  1854    12    -0.203  0.368    -0.163  0.124    -0.335  0.121    -0.340  0.129       NaN    NaN
  1855     1    -0.050  0.457    -0.180  0.125    -0.342  0.121    -0.336  0.130       NaN    NaN
  1855     2    -0.105  0.450    -0.184  0.123    -0.344  0.123    -0.337  0.129       NaN    NaN
  1855     3    -0.262  0.270    -0.203  0.120    -0.347  0.122    -0.340  0.130       NaN    NaN
  1855     4    -0.082  0.325    -0.238  0.125    -0.353  0.123    -0.337  0.128       NaN    NaN
  1855     5    -0.221  0.294    -0.250  0.123    -0.353  0.121    -0.334  0.127       NaN    NaN
  1855     6    -0.324  0.192    -0.278  0.120    -0.358  0.121    -0.332  0.125       NaN    NaN
  1855     7    -0.359  0.219    -0.271  0.120    -0.357  0.119    -0.333  0.123       NaN    NaN
  1855     8    -0.235  0.227    -0.295  0.130    -0.359  0.114    -0.334  0.121       NaN    NaN
  1855     9    -0.468  0.201    -0.307  0.133    -0.358  0.114    -0.333  0.120       NaN    NaN
  1855    10    -0.306  0.287    -0.334  0.144    -0.358  0.110    -0.331  0.120       NaN    NaN
  1855    11    -0.387  0.257    -0.343  0.139    -0.360  0.107    -0.331  0.121       NaN    NaN
  1855    12    -0.540  0.339    -0.326  0.140    -0.362  0.107    -0.334  0.123       NaN    NaN
  1856     1     0.034  0.364    -0.316  0.139    -0.368  0.108    -0.341  0.125       NaN    NaN
  1856     2    -0.386  0.570    -0.339  0.154    -0.373  0.108    -0.343  0.126       NaN    NaN
  1856     3    -0.406  0.245    -0.359  0.171    -0.374  0.109    -0.343  0.125       NaN    NaN
  1856     4    -0.406  0.228    -0.390  0.166    -0.371  0.107    -0.342  0.121       NaN    NaN
  1856     5    -0.334  0.277    -0.406  0.162    -0.363  0.107    -0.343  0.119       NaN    NaN
  1856     6    -0.121  0.299    -0.396  0.163    -0.366  0.108    -0.344  0.118       NaN    NaN
  1856     7    -0.236  0.186    -0.441  0.166    -0.363  0.109    -0.345  0.118       NaN    NaN
  1856     8    -0.512  0.333    -0.454  0.141    -0.358  0.106    -0.344  0.116       NaN    NaN
  1856     9    -0.711  0.320    -0.473  0.138    -0.357  0.104    -0.344  0.115       NaN    NaN
  1856    10    -0.677  0.212    -0.507  0.142    -0.351  0.103    -0.347  0.113       NaN    NaN
  1856    11    -0.575  0.276    -0.542  0.144    -0.346  0.103    -0.345  0.110       NaN    NaN
  1856    12    -0.426  0.323    -0.577  0.149    -0.340  0.102    -0.347  0.108       NaN    NaN
  1857     1    -0.507  0.401    -0.598  0.156    -0.343  0.101    -0.353  0.107       NaN    NaN
  1857     2    -0.542  0.313    -0.592  0.153    -0.346  0.100    -0.355  0.105       NaN    NaN
  1857     3    -0.629  0.239    -0.573  0.147    -0.350  0.100    -0.354  0.104       NaN    NaN
  1857     4    -0.815  0.264    -0.561  0.152    -0.356  0.097    -0.354  0.103       NaN    NaN
  1857     5    -0.751  0.263    -0.555  0.159    -0.356  0.095    -0.355  0.101       NaN    NaN
  1857     6    -0.546  0.258    -0.538  0.167    -0.354  0.098    -0.357  0.099       NaN    NaN
  1857     7    -0.487  0.270    -0.513  0.159    -0.358  0.096    -0.360  0.098       NaN    NaN
  1857     8    -0.446  0.296    -0.508  0.160    -0.362  0.100    -0.361  0.098       NaN    NaN
  1857     9    -0.477  0.280    -0.482  0.161    -0.369  0.102    -0.363  0.098       NaN    NaN
  1857    10    -0.529  0.268    -0.437  0.157    -0.372  0.104    -0.365  0.097       NaN    NaN
  1857    11    -0.502  0.300    -0.408  0.150    -0.372  0.101    -0.365  0.095       NaN    NaN
  1857    12    -0.223  0.258    -0.384  0.150    -0.370  0.101    -0.373  0.096       NaN    NaN
  1858     1    -0.210  0.356    -0.370  0.145    -0.368  0.098    -0.372  0.094       NaN    NaN
  1858     2    -0.489  0.268    -0.359  0.135    -0.368  0.098    -0.370  0.091       NaN    NaN
  1858     3    -0.307  0.250    -0.359  0.132    -0.365  0.098    -0.370  0.090       NaN    NaN
  1858     4    -0.279  0.243    -0.339  0.130    -0.366  0.097    -0.370  0.088       NaN    NaN
  1858     5    -0.406  0.222    -0.312  0.124    -0.368  0.099    -0.369  0.087       NaN    NaN
  1858     6    -0.255  0.227    -0.334  0.128    -0.374  0.103    -0.371  0.086       NaN    NaN
  1858     7    -0.313  0.214    -0.346  0.126    -0.391  0.106    -0.374  0.086       NaN    NaN
  1858     8    -0.317  0.194    -0.329  0.127    -0.395  0.102    -0.377  0.086       NaN    NaN
  1858     9    -0.482  0.223    -0.324  0.120    -0.398  0.103    -0.378  0.087       NaN    NaN
  1858    10    -0.282  0.237    -0.300  0.111    -0.399  0.101    -0.378  0.086       NaN    NaN
  1858    11    -0.178  0.253    -0.264  0.111    -0.401  0.100    -0.375  0.086       NaN    NaN
  1858    12    -0.492  0.279    -0.252  0.107    -0.405  0.101    -0.375  0.087       NaN    NaN
  1859     1    -0.348  0.313    -0.252  0.105    -0.406  0.100    -0.375  0.087       NaN    NaN
  1859     2    -0.294  0.273    -0.255  0.106    -0.401  0.098    -0.373  0.088       NaN    NaN
  1859     3    -0.240  0.271    -0.258  0.106    -0.396  0.097    -0.374  0.088       NaN    NaN
  1859     4     0.011  0.226    -0.255  0.108    -0.393  0.096    -0.375  0.089       NaN    NaN
  1859     5     0.017  0.214    -0.256  0.109    -0.387  0.095    -0.374  0.089       NaN    NaN
  1859     6    -0.112  0.185    -0.222  0.105    -0.386  0.096    -0.371  0.089       NaN    NaN
  1859     7    -0.308  0.211    -0.221  0.105    -0.392  0.096    -0.371  0.089       NaN    NaN
  1859     8    -0.349  0.207    -0.222  0.110    -0.396  0.096    -0.372  0.089       NaN    NaN
  1859     9    -0.522  0.199    -0.260  0.119    -0.395  0.097    -0.374  0.089       NaN    NaN
  1859    10    -0.241  0.244    -0.284  0.121    -0.391  0.097    -0.378  0.089       NaN    NaN
  1859    11    -0.192  0.270    -0.303  0.122    -0.383  0.096    -0.379  0.088       NaN    NaN
  1859    12    -0.089  0.503    -0.311  0.121    -0.379  0.095    -0.381  0.088    -0.325  0.103
  1860     1    -0.328  0.321    -0.307  0.123    -0.377  0.094    -0.380  0.088    -0.323  0.103
  1860     2    -0.310  0.342    -0.295  0.128    -0.377  0.093    -0.382  0.089    -0.324  0.103
  1860     3    -0.694  0.269    -0.276  0.133    -0.378  0.094    -0.383  0.090    -0.324  0.103
  1860     4    -0.278  0.221    -0.285  0.139    -0.377  0.093    -0.386  0.091    -0.323  0.102
  1860     5    -0.217  0.230    -0.314  0.142    -0.378  0.092    -0.386  0.091    -0.321  0.101
  1860     6    -0.199  0.179    -0.378  0.131    -0.389  0.093    -0.386  0.091    -0.320  0.100
  1860     7    -0.260  0.259    -0.434  0.141    -0.387  0.094    -0.384  0.091    -0.320  0.100
  1860     8    -0.209  0.212    -0.463  0.140    -0.381  0.093    -0.384  0.092    -0.320  0.099
  1860     9    -0.294  0.209    -0.454  0.135    -0.382  0.093    -0.382  0.093    -0.319  0.099
  1860    10    -0.354  0.207    -0.467  0.133    -0.381  0.093    -0.381  0.093    -0.318  0.099
  1860    11    -0.533  0.286    -0.487  0.134    -0.378  0.092    -0.379  0.093    -0.317  0.098
  1860    12    -0.861  0.374    -0.501  0.141    -0.380  0.092    -0.379  0.094    -0.317  0.099
  1861     1    -1.004  0.490    -0.505  0.150    -0.381  0.092    -0.379  0.094    -0.319  0.098
  1861     2    -0.658  0.322    -0.505  0.152    -0.381  0.093    -0.379  0.093    -0.320  0.098
  1861     3    -0.583  0.248    -0.514  0.155    -0.382  0.094    -0.379  0.094    -0.319  0.097
  1861     4    -0.438  0.279    -0.524  0.151    -0.385  0.095    -0.380  0.095    -0.316  0.096
  1861     5    -0.448  0.214    -0.498  0.139    -0.388  0.096    -0.380  0.095    -0.316  0.094
  1861     6    -0.369  0.213    -0.455  0.130    -0.385  0.097    -0.381  0.095    -0.316  0.094
  1861     7    -0.313  0.224    -0.448  0.128    -0.387  0.099    -0.378  0.096    -0.316  0.094
  1861     8    -0.199  0.210    -0.457  0.131    -0.389  0.101    -0.376  0.096    -0.315  0.094
  1861     9    -0.412  0.219    -0.454  0.129    -0.392  0.103    -0.372  0.096    -0.315  0.093
  1861    10    -0.475  0.212    -0.465  0.129    -0.399  0.104    -0.369  0.096    -0.316  0.093
  1861    11    -0.216  0.263    -0.452  0.131    -0.401  0.105    -0.365  0.097    -0.316  0.091
  1861    12    -0.351  0.264    -0.448  0.131    -0.401  0.106    -0.360  0.097    -0.318  0.091
  1862     1    -0.918  0.348    -0.449  0.131    -0.399  0.106    -0.357  0.097    -0.318  0.090
  1862     2    -0.766  0.330    -0.473  0.134    -0.399  0.107    -0.356  0.097    -0.318  0.089
  1862     3    -0.545  0.261    -0.484  0.136    -0.398  0.108    -0.353  0.098    -0.316  0.088
  1862     4    -0.568  0.247    -0.483  0.138    -0.400  0.109    -0.347  0.098    -0.316  0.088
  1862     5    -0.294  0.225    -0.511  0.142    -0.403  0.110    -0.344  0.098    -0.316  0.087
  1862     6    -0.315  0.217    -0.554  0.143    -0.409  0.109    -0.341  0.098    -0.316  0.087
  1862     7    -0.330  0.207    -0.487  0.139    -0.402  0.110    -0.339  0.098    -0.317  0.086
  1862     8    -0.491  0.209    -0.435  0.138    -0.402  0.110    -0.337  0.098    -0.316  0.086
  1862     9    -0.543  0.223    -0.417  0.142    -0.398  0.110    -0.334  0.098    -0.315  0.086
  1862    10    -0.460  0.251    -0.391  0.151    -0.399  0.111    -0.330  0.099    -0.315  0.086
  1862    11    -0.556  0.285    -0.385  0.145    -0.400  0.112    -0.324  0.098    -0.315  0.085
  1862    12    -0.862  0.302    -0.387  0.146    -0.401  0.113    -0.323  0.098    -0.317  0.085
  1863     1    -0.117  0.380    -0.390  0.150    -0.400  0.114    -0.326  0.098    -0.317  0.084
  1863     2    -0.133  0.470    -0.380  0.151    -0.400  0.115    -0.327  0.099    -0.316  0.084
  1863     3    -0.334  0.239    -0.376  0.157    -0.399  0.115    -0.327  0.099    -0.316  0.084
  1863     4    -0.260  0.290    -0.375  0.156    -0.396  0.115    -0.326  0.099    -0.316  0.084
  1863     5    -0.223  0.213    -0.360  0.162    -0.390  0.115    -0.323  0.099    -0.316  0.083
  1863     6    -0.339  0.220    -0.313  0.160    -0.384  0.115    -0.322  0.099    -0.317  0.083
  1863     7    -0.357  0.221    -0.344  0.164    -0.367  0.114    -0.319  0.099    -0.317  0.083
  1863     8    -0.373  0.238    -0.366  0.157    -0.362  0.114    -0.317  0.100    -0.318  0.083
  1863     9    -0.498  0.248    -0.374  0.161    -0.360  0.114    -0.315  0.100    -0.318  0.083
  1863    10    -0.452  0.249    -0.386  0.160    -0.361  0.115    -0.312  0.100    -0.317  0.083
  1863    11    -0.374  0.278    -0.378  0.162    -0.359  0.115    -0.314  0.101    -0.316  0.083
  1863    12    -0.293  0.294    -0.358  0.164    -0.357  0.115    -0.311  0.101    -0.315  0.082
  1864     1    -0.491  0.431    -0.343  0.160    -0.350  0.115    -0.310  0.101    -0.314  0.082
  1864     2    -0.403  0.366    -0.340  0.160    -0.351  0.116    -0.307  0.101    -0.312  0.082
  1864     3    -0.426  0.300    -0.340  0.157    -0.349  0.117    -0.309  0.101    -0.314  0.082
  1864     4    -0.402  0.260    -0.330  0.153    -0.345  0.118    -0.311  0.102    -0.314  0.082
  1864     5    -0.131  0.219    -0.332  0.152    -0.342  0.118    -0.313  0.102    -0.314  0.082
  1864     6    -0.089  0.209    -0.345  0.150    -0.335  0.119    -0.313  0.102    -0.313  0.082
  1864     7    -0.187  0.217    -0.298  0.145    -0.322  0.119    -0.313  0.102    -0.313  0.082
  1864     8    -0.338  0.241    -0.290  0.142    -0.315  0.119    -0.311  0.102    -0.313  0.082
  1864     9    -0.488  0.230    -0.289  0.137    -0.311  0.119    -0.308  0.102    -0.313  0.082
  1864    10    -0.343  0.237    -0.287  0.137    -0.303  0.120    -0.308  0.102    -0.315  0.081
  1864    11    -0.389  0.307    -0.299  0.137    -0.305  0.121    -0.308  0.103    -0.316  0.081
  1864    12    -0.456  0.252    -0.313  0.139    -0.303  0.122    -0.310  0.102    -0.316  0.081
  1865     1     0.075  0.322    -0.313  0.141    -0.301  0.122    -0.310  0.102    -0.318  0.080
  1865     2    -0.305  0.302    -0.301  0.144    -0.297  0.123    -0.312  0.102    -0.319  0.081
  1865     3    -0.416  0.287    -0.279  0.148    -0.290  0.124    -0.309  0.102    -0.320  0.080
  1865     4    -0.382  0.262    -0.268  0.151    -0.282  0.126    -0.308  0.102    -0.321  0.081
  1865     5    -0.269  0.216    -0.250  0.156    -0.269  0.126    -0.308  0.102    -0.321  0.080
  1865     6    -0.263  0.198    -0.251  0.164    -0.257  0.124    -0.307  0.102    -0.321  0.080
  1865     7    -0.187  0.237    -0.256  0.169    -0.264  0.124    -0.306  0.103    -0.320  0.080
  1865     8    -0.194  0.224    -0.260  0.177    -0.272  0.124    -0.306  0.103    -0.320  0.080
  1865     9    -0.222  0.247    -0.263  0.181    -0.272  0.125    -0.306  0.103    -0.319  0.080
  1865    10    -0.205  0.263    -0.274  0.188    -0.270  0.125    -0.305  0.103    -0.319  0.080
  1865    11    -0.169  0.319    -0.281  0.188    -0.267  0.125    -0.304  0.103    -0.320  0.080
  1865    12    -0.479  0.320    -0.280  0.188    -0.264  0.126    -0.301  0.103    -0.319  0.079
  1866     1     0.025  0.369    -0.255  0.193    -0.257  0.126    -0.297  0.103    -0.321  0.079
  1866     2    -0.359  0.409    -0.258  0.191    -0.252  0.125    -0.297  0.103    -0.321  0.079
  1866     3    -0.454  0.358    -0.265  0.192    -0.248  0.124    -0.294  0.103    -0.320  0.079
  1866     4    -0.511  0.271    -0.268  0.192    -0.240  0.123    -0.291  0.102    -0.320  0.078
  1866     5    -0.352  0.228    -0.258  0.181    -0.239  0.123    -0.290  0.102    -0.320  0.078
  1866     6    -0.251  0.188    -0.211  0.176    -0.237  0.122    -0.288  0.101    -0.321  0.078
  1866     7     0.111  0.250    -0.226  0.174    -0.232  0.122    -0.287  0.101    -0.321  0.079
  1866     8    -0.224  0.254    -0.224  0.166    -0.225  0.120    -0.287  0.101    -0.320  0.078
  1866     9    -0.307  0.236    -0.209  0.161    -0.226  0.120    -0.287  0.100    -0.319  0.078
  1866    10    -0.248  0.261    -0.178  0.159    -0.224  0.119    -0.285  0.100    -0.317  0.078
  1866    11    -0.051  0.251    -0.181  0.161    -0.225  0.119    -0.287  0.100    -0.316  0.078
  1866    12     0.089  0.257    -0.177  0.161    -0.226  0.120    -0.288  0.100    -0.317  0.078
  1867     1    -0.153  0.342    -0.203  0.156    -0.227  0.121    -0.284  0.100    -0.316  0.078
  1867     2    -0.333  0.342    -0.206  0.158    -0.224  0.121    -0.281  0.100    -0.314  0.079
  1867     3    -0.285  0.277    -0.193  0.156    -0.218  0.121    -0.279  0.099    -0.311  0.079
  1867     4    -0.139  0.274    -0.170  0.156    -0.215  0.121    -0.277  0.099    -0.308  0.078
  1867     5    -0.387  0.205    -0.145  0.153    -0.212  0.120    -0.276  0.099    -0.305  0.078
  1867     6    -0.202  0.185    -0.166  0.152    -0.211  0.120    -0.276  0.099    -0.303  0.078
  1867     7    -0.192  0.240    -0.196  0.153    -0.218  0.119    -0.274  0.098    -0.301  0.078
  1867     8    -0.269  0.239    -0.222  0.155    -0.221  0.119    -0.270  0.098    -0.298  0.078
  1867     9    -0.143  0.221    -0.224  0.152    -0.219  0.117    -0.267  0.097    -0.295  0.078
  1867    10     0.018  0.262    -0.223  0.156    -0.218  0.117    -0.265  0.097    -0.292  0.078
  1867    11     0.250  0.399    -0.197  0.160    -0.216  0.117    -0.264  0.098    -0.289  0.078
  1867    12    -0.162  0.487    -0.191  0.160    -0.213  0.116    -0.261  0.098    -0.289  0.078
  1868     1    -0.504  0.354    -0.170  0.156    -0.212  0.115    -0.262  0.097    -0.288  0.078
  1868     2    -0.651  0.253    -0.153  0.156    -0.213  0.114    -0.262  0.098    -0.284  0.078
  1868     3    -0.310  0.256    -0.163  0.159    -0.213  0.112    -0.261  0.097    -0.280  0.078
  1868     4    -0.119  0.276    -0.164  0.166    -0.215  0.111    -0.263  0.097    -0.278  0.077
  1868     5    -0.085  0.230    -0.212  0.146    -0.217  0.111    -0.263  0.097    -0.277  0.077
  1868     6    -0.123  0.187    -0.211  0.139    -0.219  0.110    -0.262  0.097    -0.275  0.077
  1868     7     0.054  0.210    -0.186  0.133    -0.228  0.110    -0.261  0.097    -0.273  0.077
  1868     8    -0.062  0.204    -0.129  0.138    -0.232  0.111    -0.259  0.096    -0.271  0.077
  1868     9    -0.258  0.209    -0.146  0.139    -0.229  0.110    -0.258  0.095    -0.270  0.077
  1868    10     0.001  0.202    -0.158  0.138    -0.221  0.110    -0.256  0.095    -0.269  0.077
  1868    11    -0.326  0.247    -0.164  0.134    -0.220  0.109    -0.256  0.094    -0.268  0.078
  1868    12    -0.143  0.249    -0.169  0.135    -0.220  0.109    -0.255  0.093    -0.266  0.078
  1869     1    -0.212  0.278    -0.193  0.132    -0.224  0.109    -0.253  0.093    -0.265  0.077
  1869     2     0.040  0.473    -0.203  0.130    -0.223  0.108    -0.251  0.092    -0.265  0.077
  1869     3    -0.517  0.282    -0.188  0.128    -0.225  0.107    -0.253  0.092    -0.264  0.077
  1869     4    -0.259  0.241    -0.206  0.125    -0.225  0.107    -0.253  0.091    -0.265  0.077
  1869     5    -0.166  0.194    -0.195  0.122    -0.233  0.107    -0.253  0.092    -0.267  0.077
  1869     6    -0.180  0.284    -0.218  0.117    -0.241  0.107    -0.255  0.092    -0.267  0.077
  1869     7    -0.231  0.205    -0.225  0.119    -0.246  0.105    -0.256  0.092    -0.267  0.077
  1869     8    -0.185  0.223    -0.269  0.130    -0.247  0.105    -0.255  0.092    -0.266  0.077
  1869     9    -0.083  0.208    -0.254  0.126    -0.248  0.104    -0.252  0.092    -0.265  0.077
  1869    10    -0.213  0.201    -0.255  0.130    -0.251  0.102    -0.252  0.091    -0.265  0.077
  1869    11    -0.195  0.191    -0.257  0.131    -0.248  0.101    -0.252  0.091    -0.265  0.077
  1869    12    -0.412  0.208    -0.250  0.121    -0.249  0.101    -0.251  0.090    -0.267  0.077
  1870     1    -0.304  0.254    -0.238  0.114    -0.247  0.099    -0.255  0.090    -0.267  0.077
  1870     2    -0.483  0.277    -0.245  0.112    -0.243  0.098    -0.256  0.090    -0.268  0.077
  1870     3    -0.340  0.247    -0.255  0.109    -0.244  0.097    -0.256  0.089    -0.266  0.077
  1870     4    -0.271  0.210    -0.264  0.113    -0.248  0.097    -0.256  0.089    -0.266  0.077
  1870     5    -0.193  0.203    -0.274  0.120    -0.259  0.096    -0.256  0.088    -0.266  0.077
  1870     6    -0.087  0.175    -0.288  0.121    -0.264  0.096    -0.256  0.088    -0.267  0.077
  1870     7    -0.087  0.184    -0.308  0.124    -0.261  0.093    -0.256  0.088    -0.267  0.077
  1870     8    -0.276  0.182    -0.318  0.125    -0.251  0.088    -0.257  0.087    -0.267  0.077
  1870     9    -0.199  0.196    -0.311  0.124    -0.251  0.087    -0.257  0.086    -0.267  0.077
  1870    10    -0.321  0.183    -0.293  0.120    -0.256  0.087    -0.257  0.086    -0.267  0.077
  1870    11    -0.323  0.283    -0.300  0.117    -0.259  0.086    -0.260  0.086    -0.265  0.077
  1870    12    -0.569  0.213    -0.311  0.120    -0.261  0.086    -0.260  0.085    -0.263  0.077
  1871     1    -0.545  0.276    -0.316  0.121    -0.264  0.084    -0.263  0.084    -0.259  0.077
  1871     2    -0.605  0.316    -0.309  0.122    -0.266  0.084    -0.263  0.084    -0.257  0.077
  1871     3    -0.259  0.203    -0.325  0.123    -0.268  0.084    -0.261  0.084    -0.255  0.077
  1871     4    -0.059  0.191    -0.319  0.124    -0.271  0.083    -0.259  0.084    -0.253  0.076
  1871     5    -0.276  0.188    -0.336  0.119    -0.272  0.082    -0.261  0.083    -0.251  0.076
  1871     6    -0.215  0.191    -0.321  0.118    -0.273  0.082    -0.261  0.083    -0.251  0.076
  1871     7    -0.147  0.198    -0.313  0.115    -0.273  0.081    -0.264  0.083    -0.251  0.076
  1871     8    -0.188  0.182    -0.296  0.110    -0.278  0.080    -0.264  0.082    -0.250  0.076
  1871     9    -0.395  0.185    -0.304  0.112    -0.280  0.079    -0.265  0.082    -0.250  0.075
  1871    10    -0.242  0.189    -0.328  0.112    -0.281  0.079    -0.265  0.081    -0.249  0.075
  1871    11    -0.536  0.273    -0.320  0.112    -0.282  0.079    -0.268  0.081    -0.250  0.075
  1871    12    -0.388  0.219    -0.323  0.111    -0.284  0.078    -0.274  0.081    -0.249  0.075
  1872     1    -0.450  0.322    -0.320  0.107    -0.285  0.078    -0.275  0.080    -0.245  0.075
  1872     2    -0.401  0.271    -0.307  0.107    -0.285  0.078    -0.273  0.079    -0.242  0.075
  1872     3    -0.347  0.213    -0.290  0.106    -0.286  0.078    -0.270  0.079    -0.240  0.075
  1872     4    -0.352  0.215    -0.286  0.106    -0.288  0.078    -0.270  0.078    -0.239  0.075
  1872     5    -0.177  0.181    -0.277  0.102    -0.291  0.078    -0.267  0.078    -0.238  0.075
  1872     6    -0.256  0.164    -0.285  0.100    -0.290  0.077    -0.266  0.077    -0.239  0.074
  1872     7    -0.107  0.182    -0.273  0.097    -0.293  0.077    -0.263  0.076    -0.239  0.074
  1872     8    -0.035  0.187    -0.246  0.097    -0.290  0.075    -0.259  0.076    -0.238  0.074
  1872     9    -0.187  0.187    -0.239  0.095    -0.292  0.075    -0.256  0.076    -0.236  0.074
  1872    10    -0.198  0.181    -0.247  0.095    -0.294  0.075    -0.255  0.076    -0.236  0.074
  1872    11    -0.421  0.266    -0.254  0.097    -0.295  0.074    -0.255  0.075    -0.235  0.074
  1872    12    -0.486  0.265    -0.250  0.099    -0.298  0.074    -0.254  0.074    -0.234  0.074
  1873     1    -0.305  0.253    -0.255  0.099    -0.300  0.074    -0.250  0.073    -0.235  0.074
  1873     2    -0.077  0.264    -0.264  0.101    -0.300  0.074    -0.241  0.070    -0.236  0.073
  1873     3    -0.263  0.185    -0.279  0.107    -0.301  0.074    -0.234  0.070    -0.235  0.073
  1873     4    -0.451  0.215    -0.283  0.106    -0.299  0.074    -0.230  0.069    -0.236  0.073
  1873     5    -0.266  0.184    -0.276  0.102    -0.303  0.073    -0.230  0.069    -0.236  0.073
  1873     6    -0.201  0.173    -0.254  0.099    -0.302  0.073    -0.228  0.068    -0.235  0.073
  1873     7    -0.168  0.175    -0.246  0.098    -0.299  0.071    -0.228  0.068    -0.234  0.073
  1873     8    -0.144  0.176    -0.262  0.095    -0.293  0.070    -0.226  0.067    -0.234  0.072
  1873     9    -0.372  0.216    -0.292  0.097    -0.293  0.070    -0.224  0.067    -0.234  0.072
  1873    10    -0.237  0.172    -0.284  0.095    -0.297  0.070    -0.225  0.067    -0.233  0.072
  1873    11    -0.339  0.198    -0.279  0.096    -0.301  0.069    -0.222  0.067    -0.234  0.071
  1873    12    -0.224  0.230    -0.289  0.098    -0.303  0.069    -0.222  0.066    -0.234  0.071
  1874     1    -0.211  0.249    -0.296  0.100    -0.303  0.069    -0.221  0.066    -0.232  0.071
  1874     2    -0.263  0.198    -0.299  0.103    -0.305  0.068    -0.223  0.066    -0.232  0.071
  1874     3    -0.624  0.167    -0.281  0.104    -0.305  0.068    -0.219  0.065    -0.232  0.070
  1874     4    -0.355  0.183    -0.288  0.104    -0.305  0.068    -0.220  0.065    -0.233  0.070
  1874     5    -0.211  0.243    -0.294  0.104    -0.304  0.068    -0.220  0.065    -0.234  0.070
  1874     6    -0.314  0.170    -0.302  0.096    -0.307  0.068    -0.220  0.064    -0.236  0.070
  1874     7    -0.257  0.196    -0.323  0.097    -0.304  0.068    -0.220  0.064    -0.238  0.070
  1874     8    -0.175  0.189    -0.331  0.096    -0.299  0.068    -0.221  0.064    -0.238  0.069
  1874     9    -0.167  0.181    -0.316  0.098    -0.292  0.068    -0.223  0.064    -0.238  0.069
  1874    10    -0.311  0.178    -0.318  0.097    -0.288  0.068    -0.222  0.064    -0.239  0.069
  1874    11    -0.419  0.172    -0.323  0.092    -0.286  0.068    -0.222  0.064    -0.240  0.069
  1874    12    -0.312  0.220    -0.319  0.091    -0.283  0.068    -0.223  0.064    -0.240  0.069
  1875     1    -0.465  0.215    -0.315  0.089    -0.279  0.068    -0.224  0.064    -0.243  0.069
  1875     2    -0.362  0.200    -0.322  0.087    -0.274  0.068    -0.224  0.063    -0.244  0.069
  1875     3    -0.445  0.174    -0.331  0.087    -0.268  0.069    -0.223  0.063    -0.243  0.068
  1875     4    -0.374  0.185    -0.321  0.088    -0.262  0.069    -0.224  0.063    -0.244  0.068
  1875     5    -0.273  0.168    -0.334  0.090    -0.251  0.069    -0.224  0.063    -0.245  0.068
  1875     6    -0.269  0.177    -0.346  0.096    -0.245  0.068    -0.226  0.063    -0.246  0.068
  1875     7    -0.212  0.182    -0.339  0.097    -0.240  0.069    -0.228  0.063    -0.247  0.068
  1875     8    -0.257  0.193    -0.330  0.101    -0.231  0.069    -0.227  0.063    -0.248  0.067
  1875     9    -0.277  0.175    -0.317  0.099    -0.217  0.069    -0.228  0.063    -0.249  0.067
  1875    10    -0.188  0.172    -0.309  0.097    -0.205  0.070    -0.228  0.063    -0.250  0.067
  1875    11    -0.573  0.197    -0.329  0.099    -0.201  0.070    -0.227  0.062    -0.251  0.067
  1875    12    -0.460  0.226    -0.334  0.096    -0.196  0.070    -0.224  0.062    -0.249  0.066
  1876     1    -0.372  0.227    -0.331  0.095    -0.191  0.070    -0.220  0.062    -0.252  0.066
  1876     2    -0.265  0.201    -0.335  0.095    -0.187  0.070    -0.217  0.061    -0.253  0.066
  1876     3    -0.286  0.164    -0.341  0.098    -0.181  0.071    -0.215  0.061    -0.253  0.066
  1876     4    -0.272  0.164    -0.347  0.098    -0.178  0.071    -0.215  0.061    -0.253  0.066
  1876     5    -0.522  0.183    -0.340  0.097    -0.172  0.071    -0.213  0.061    -0.253  0.065
  1876     6    -0.329  0.149    -0.350  0.092    -0.170  0.070    -0.214  0.061    -0.254  0.065
  1876     7    -0.166  0.190    -0.339  0.092    -0.168  0.070    -0.214  0.061    -0.255  0.065
  1876     8    -0.308  0.197    -0.325  0.092    -0.168  0.070    -0.214  0.060    -0.256  0.065
  1876     9    -0.350  0.182    -0.296  0.092    -0.159  0.070    -0.213  0.061    -0.257  0.065
  1876    10    -0.261  0.169    -0.283  0.092    -0.158  0.070    -0.213  0.060    -0.258  0.065
  1876    11    -0.484  0.194    -0.244  0.092    -0.158  0.069    -0.212  0.060    -0.260  0.065
  1876    12    -0.579  0.173    -0.221  0.093    -0.156  0.069    -0.210  0.060    -0.262  0.064
  1877     1    -0.250  0.214    -0.196  0.093    -0.156  0.068    -0.206  0.060    -0.265  0.064
  1877     2    -0.088  0.216    -0.152  0.092    -0.157  0.068    -0.202  0.060    -0.267  0.064
  1877     3     0.055  0.155    -0.109  0.092    -0.159  0.069    -0.200  0.060    -0.268  0.063
  1877     4    -0.119  0.181    -0.072  0.093    -0.156  0.069    -0.200  0.060    -0.268  0.063
  1877     5    -0.045  0.209    -0.013  0.093    -0.153  0.069    -0.201  0.060    -0.269  0.063
  1877     6    -0.059  0.154     0.028  0.093    -0.156  0.068    -0.201  0.060    -0.270  0.063
  1877     7     0.132  0.186     0.049  0.092    -0.155  0.069    -0.203  0.060    -0.271  0.063
  1877     8     0.230  0.201     0.091  0.091    -0.157  0.069    -0.205  0.060    -0.272  0.062
  1877     9     0.161  0.183     0.134  0.092    -0.154  0.068    -0.205  0.061    -0.273  0.062
  1877    10     0.189  0.177     0.170  0.091    -0.154  0.068    -0.206  0.061    -0.275  0.062
  1877    11     0.212  0.184     0.169  0.091    -0.153  0.068    -0.206  0.060    -0.278  0.062
  1877    12    -0.081  0.197     0.184  0.092    -0.154  0.069    -0.207  0.060    -0.279  0.062
  1878     1    -0.004  0.208     0.184  0.091    -0.155  0.069    -0.208  0.060    -0.278  0.061
  1878     2     0.420  0.204     0.172  0.094    -0.154  0.069    -0.211  0.060    -0.277  0.059
  1878     3     0.576  0.162     0.157  0.094    -0.155  0.069    -0.209  0.060    -0.278  0.059
  1878     4     0.310  0.175     0.138  0.095    -0.157  0.069    -0.208  0.060    -0.279  0.058
  1878     5    -0.053  0.173     0.122  0.096    -0.151  0.069    -0.208  0.060    -0.280  0.058
  1878     6     0.114  0.162     0.119  0.096    -0.147  0.068    -0.207  0.060    -0.281  0.058
  1878     7     0.135  0.172     0.110  0.094    -0.142  0.067    -0.208  0.060    -0.282  0.058
  1878     8     0.082  0.197     0.056  0.092    -0.141  0.067    -0.210  0.060    -0.283  0.058
  1878     9    -0.011  0.162     0.002  0.090    -0.137  0.067    -0.210  0.060    -0.283  0.058
  1878    10    -0.046  0.168    -0.048  0.089    -0.133  0.068    -0.210  0.060    -0.284  0.058
  1878    11     0.024  0.181    -0.065  0.088    -0.125  0.068    -0.212  0.060    -0.283  0.057
  1878    12    -0.118  0.182    -0.092  0.088    -0.125  0.068    -0.212  0.060    -0.283  0.057
  1879     1    -0.117  0.198    -0.121  0.089    -0.125  0.068    -0.212  0.060    -0.282  0.057
  1879     2    -0.224  0.178    -0.148  0.090    -0.122  0.068    -0.212  0.060    -0.282  0.057
  1879     3    -0.072  0.179    -0.173  0.090    -0.122  0.068    -0.211  0.060    -0.279  0.057
  1879     4    -0.295  0.169    -0.177  0.090    -0.121  0.068    -0.212  0.059    -0.278  0.057
  1879     5    -0.256  0.164    -0.202  0.086    -0.120  0.067    -0.215  0.059    -0.278  0.056
  1879     6    -0.200  0.166    -0.233  0.086    -0.114  0.067    -0.217  0.059    -0.278  0.056
  1879     7    -0.218  0.172    -0.256  0.086    -0.108  0.067    -0.220  0.059    -0.278  0.056
  1879     8    -0.246  0.189    -0.278  0.085    -0.106  0.067    -0.222  0.059    -0.278  0.056
  1879     9    -0.308  0.174    -0.295  0.086    -0.109  0.066    -0.225  0.059    -0.279  0.056
  1879    10    -0.090  0.177    -0.299  0.087    -0.112  0.066    -0.226  0.059    -0.280  0.056
  1879    11    -0.285  0.179    -0.296  0.090    -0.115  0.066    -0.228  0.058    -0.281  0.056
  1879    12    -0.487  0.190    -0.305  0.094    -0.120  0.066    -0.229  0.058    -0.281  0.056
  1880     1    -0.386  0.220    -0.310  0.095    -0.128  0.066    -0.231  0.058    -0.281  0.056
  1880     2    -0.497  0.180    -0.305  0.097    -0.135  0.066    -0.232  0.058    -0.281  0.056
  1880     3    -0.272  0.184    -0.311  0.098    -0.141  0.066    -0.231  0.058    -0.282  0.055
  1880     4    -0.338  0.197    -0.329  0.102    -0.150  0.065    -0.232  0.058    -0.282  0.055
  1880     5    -0.225  0.189    -0.320  0.102    -0.161  0.065    -0.235  0.058    -0.284  0.055
  1880     6    -0.311  0.171    -0.299  0.100    -0.169  0.064    -0.237  0.058    -0.285  0.055
  1880     7    -0.270  0.188    -0.274  0.103    -0.176  0.064    -0.238  0.058    -0.287  0.055
  1880     8    -0.190  0.200    -0.248  0.103    -0.190  0.064    -0.240  0.058    -0.288  0.055
  1880     9    -0.377  0.165    -0.230  0.102    -0.201  0.064    -0.241  0.058    -0.289  0.055
  1880    10    -0.313  0.184    -0.203  0.100    -0.212  0.064    -0.242  0.058    -0.289  0.055
  1880    11    -0.179  0.178    -0.189  0.098    -0.215  0.064    -0.241  0.058    -0.290  0.055
  1880    12    -0.232  0.180    -0.192  0.095    -0.219  0.064    -0.238  0.057    -0.289  0.054
  1881     1    -0.083  0.251    -0.182  0.095    -0.226  0.064    -0.241  0.057    -0.289  0.054
  1881     2    -0.185  0.187    -0.178  0.092    -0.233  0.064    -0.244  0.057    -0.289  0.054
  1881     3    -0.063  0.176    -0.172  0.091    -0.239  0.064    -0.246  0.057    -0.289  0.054
  1881     4    -0.005  0.175    -0.167  0.089    -0.243  0.064    -0.247  0.057    -0.290  0.054
  1881     5    -0.066  0.167    -0.185  0.088    -0.252  0.064    -0.245  0.057    -0.290  0.054
  1881     6    -0.347  0.159    -0.183  0.087    -0.254  0.064    -0.246  0.057    -0.291  0.054
  1881     7    -0.151  0.182    -0.168  0.085    -0.256  0.064    -0.247  0.057    -0.291  0.054
  1881     8    -0.139  0.178    -0.152  0.084    -0.256  0.063    -0.248  0.057    -0.292  0.054
  1881     9    -0.308  0.165    -0.155  0.084    -0.263  0.063    -0.249  0.057    -0.291  0.054
  1881    10    -0.251  0.156    -0.179  0.085    -0.267  0.063    -0.251  0.057    -0.292  0.054
  1881    11    -0.387  0.200    -0.195  0.085    -0.272  0.064    -0.252  0.057    -0.292  0.054
  1881    12    -0.213  0.171    -0.195  0.087    -0.278  0.064    -0.250  0.056    -0.290  0.054
  1882     1     0.093  0.194    -0.212  0.087    -0.283  0.064    -0.256  0.056    -0.290  0.054
  1882     2     0.014  0.185    -0.217  0.087    -0.287  0.064    -0.261  0.056    -0.289  0.054
  1882     3    -0.106  0.155    -0.208  0.088    -0.291  0.064    -0.265  0.056    -0.289  0.054
  1882     4    -0.282  0.146    -0.217  0.087    -0.297  0.064    -0.267  0.056    -0.290  0.054
  1882     5    -0.257  0.168    -0.221  0.087    -0.302  0.064    -0.271  0.056    -0.291  0.054
  1882     6    -0.349  0.160    -0.251  0.088    -0.302  0.064    -0.274  0.056    -0.291  0.054
  1882     7    -0.356  0.162    -0.292  0.089    -0.307  0.064    -0.278  0.057    -0.292  0.054
  1882     8    -0.201  0.173    -0.329  0.088    -0.306  0.064    -0.285  0.057    -0.294  0.054
  1882     9    -0.203  0.156    -0.328  0.085    -0.308  0.064    -0.290  0.056    -0.295  0.054
  1882    10    -0.352  0.142    -0.331  0.084    -0.311  0.064    -0.295  0.056    -0.295  0.054
  1882    11    -0.444  0.172    -0.329  0.082    -0.316  0.063    -0.300  0.056    -0.296  0.054
  1882    12    -0.567  0.153    -0.310  0.082    -0.321  0.063    -0.303  0.056    -0.297  0.054
  1883     1    -0.399  0.176    -0.303  0.081    -0.322  0.063    -0.306  0.056    -0.299  0.054
  1883     2    -0.427  0.183    -0.316  0.081    -0.326  0.063    -0.313  0.056    -0.301  0.054
  1883     3    -0.092  0.136    -0.330  0.081    -0.327  0.063    -0.322  0.056    -0.301  0.054
  1883     4    -0.319  0.148    -0.324  0.081    -0.327  0.063    -0.328  0.056    -0.301  0.054
  1883     5    -0.234  0.159    -0.329  0.080    -0.331  0.062    -0.330  0.056    -0.301  0.054
  1883     6    -0.130  0.149    -0.304  0.082    -0.330  0.062    -0.334  0.056    -0.302  0.054
  1883     7    -0.272  0.187    -0.291  0.082    -0.339  0.062    -0.337  0.056    -0.302  0.054
  1883     8    -0.350  0.171    -0.272  0.081    -0.346  0.062    -0.340  0.056    -0.302  0.054
  1883     9    -0.368  0.148    -0.305  0.081    -0.354  0.062    -0.342  0.056    -0.302  0.054
  1883    10    -0.285  0.154    -0.324  0.081    -0.361  0.063    -0.343  0.056    -0.302  0.054
  1883    11    -0.504  0.152    -0.353  0.082    -0.365  0.063    -0.344  0.056    -0.302  0.054
  1883    12    -0.274  0.170    -0.386  0.081    -0.367  0.063    -0.344  0.057    -0.303  0.054
  1884     1    -0.241  0.171    -0.409  0.080    -0.369  0.063    -0.344  0.057    -0.304  0.054
  1884     2    -0.193  0.167    -0.419  0.080    -0.374  0.063    -0.340  0.056    -0.305  0.054
  1884     3    -0.495  0.144    -0.433  0.080    -0.377  0.064    -0.339  0.056    -0.304  0.054
  1884     4    -0.549  0.137    -0.449  0.079    -0.381  0.064    -0.336  0.056    -0.304  0.054
  1884     5    -0.580  0.152    -0.457  0.078    -0.383  0.063    -0.336  0.057    -0.305  0.054
  1884     6    -0.520  0.140    -0.472  0.078    -0.386  0.063    -0.336  0.057    -0.306  0.054
  1884     7    -0.551  0.162    -0.508  0.079    -0.403  0.063    -0.335  0.057    -0.306  0.054
  1884     8    -0.471  0.174    -0.531  0.081    -0.415  0.062    -0.335  0.057    -0.306  0.054
  1884     9    -0.531  0.168    -0.520  0.081    -0.421  0.062    -0.336  0.057    -0.307  0.054
  1884    10    -0.475  0.143    -0.518  0.082    -0.423  0.062    -0.338  0.057    -0.306  0.054
  1884    11    -0.606  0.162    -0.514  0.083    -0.426  0.062    -0.339  0.057    -0.306  0.054
  1884    12    -0.446  0.184    -0.519  0.085    -0.429  0.062    -0.338  0.057    -0.307  0.054
  1885     1    -0.673  0.185    -0.503  0.087    -0.429  0.062    -0.339  0.057    -0.307  0.054
  1885     2    -0.471  0.159    -0.500  0.087    -0.434  0.062    -0.338  0.057    -0.307  0.054
  1885     3    -0.371  0.140    -0.492  0.088    -0.438  0.062    -0.340  0.057    -0.307  0.055
  1885     4    -0.518  0.154    -0.480  0.088    -0.439  0.061    -0.341  0.057    -0.307  0.055
  1885     5    -0.541  0.185    -0.463  0.088    -0.439  0.061    -0.343  0.057    -0.307  0.055
  1885     6    -0.578  0.179    -0.440  0.088    -0.436  0.061    -0.345  0.057    -0.307  0.055
  1885     7    -0.354  0.182    -0.436  0.087    -0.435  0.061    -0.346  0.057    -0.307  0.055
  1885     8    -0.435  0.172    -0.449  0.085    -0.437  0.061    -0.348  0.057    -0.307  0.055
  1885     9    -0.432  0.162    -0.463  0.085    -0.443  0.062    -0.349  0.057    -0.307  0.055
  1885    10    -0.330  0.172    -0.453  0.084    -0.444  0.061    -0.349  0.057    -0.307  0.055
  1885    11    -0.406  0.158    -0.434  0.081    -0.445  0.062    -0.353  0.056    -0.306  0.055
  1885    12    -0.168  0.147    -0.425  0.078    -0.449  0.061    -0.354  0.056    -0.305  0.055
  1886     1    -0.628  0.164    -0.419  0.078    -0.448  0.062    -0.358  0.057    -0.304  0.055
  1886     2    -0.627  0.146    -0.419  0.079    -0.447  0.061    -0.361  0.057    -0.304  0.055
  1886     3    -0.535  0.122    -0.423  0.081    -0.446  0.061    -0.362  0.057    -0.305  0.055
  1886     4    -0.398  0.144    -0.434  0.082    -0.442  0.061    -0.365  0.057    -0.306  0.055
  1886     5    -0.322  0.150    -0.447  0.082    -0.437  0.061    -0.367  0.057    -0.305  0.055
  1886     6    -0.468  0.128    -0.464  0.083    -0.434  0.061    -0.367  0.057    -0.304  0.055
  1886     7    -0.276  0.164    -0.490  0.083    -0.432  0.061    -0.369  0.057    -0.304  0.055
  1886     8    -0.434  0.182    -0.496  0.080    -0.425  0.062    -0.370  0.057    -0.303  0.055
  1886     9    -0.488  0.174    -0.491  0.081    -0.416  0.062    -0.370  0.057    -0.302  0.055
  1886    10    -0.458  0.143    -0.489  0.081    -0.406  0.062    -0.370  0.057    -0.301  0.055
  1886    11    -0.563  0.155    -0.501  0.083    -0.399  0.062    -0.371  0.057    -0.301  0.055
  1886    12    -0.376  0.157    -0.503  0.085    -0.393  0.061    -0.370  0.057    -0.299  0.055
  1887     1    -0.938  0.160    -0.509  0.084    -0.387  0.061    -0.374  0.057    -0.298  0.056
  1887     2    -0.701  0.137    -0.519  0.082    -0.384  0.061    -0.375  0.057    -0.299  0.056
  1887     3    -0.471  0.139    -0.511  0.080    -0.381  0.061    -0.378  0.057    -0.301  0.056
  1887     4    -0.378  0.137    -0.509  0.079    -0.378  0.061    -0.380  0.057    -0.301  0.056
  1887     5    -0.464  0.159    -0.497  0.078    -0.376  0.061    -0.381  0.056    -0.300  0.056
  1887     6    -0.492  0.143    -0.501  0.077    -0.374  0.061    -0.380  0.056    -0.301  0.056
  1887     7    -0.351  0.171    -0.451  0.078    -0.371  0.061    -0.381  0.057    -0.302  0.056
  1887     8    -0.545  0.179    -0.436  0.078    -0.370  0.060    -0.383  0.057    -0.304  0.056
  1887     9    -0.398  0.148    -0.434  0.079    -0.373  0.060    -0.385  0.057    -0.306  0.056
  1887    10    -0.429  0.140    -0.433  0.078    -0.371  0.060    -0.384  0.057    -0.307  0.056
  1887    11    -0.419  0.156    -0.424  0.077    -0.371  0.060    -0.387  0.056    -0.310  0.056
  1887    12    -0.423  0.146    -0.410  0.076    -0.369  0.060    -0.386  0.057    -0.311  0.056
  1888     1    -0.346  0.170    -0.401  0.076    -0.370  0.059    -0.390  0.057    -0.311  0.056
  1888     2    -0.513  0.137    -0.378  0.075    -0.371  0.060    -0.392  0.057    -0.315  0.056
  1888     3    -0.446  0.123    -0.369  0.076    -0.371  0.060    -0.393  0.057    -0.320  0.057
  1888     4    -0.376  0.149    -0.341  0.076    -0.371  0.060    -0.394  0.057    -0.323  0.057
  1888     5    -0.351  0.168    -0.320  0.077    -0.375  0.060    -0.395  0.057    -0.325  0.057
  1888     6    -0.321  0.149    -0.294  0.077    -0.379  0.060    -0.396  0.057    -0.326  0.057
  1888     7    -0.243  0.161    -0.275  0.077    -0.376  0.060    -0.395  0.057    -0.328  0.057
  1888     8    -0.270  0.169    -0.214  0.078    -0.376  0.060    -0.395  0.057    -0.330  0.057
  1888     9    -0.294  0.151    -0.173  0.077    -0.370  0.060    -0.395  0.057    -0.332  0.057
  1888    10    -0.092  0.141    -0.137  0.076    -0.370  0.060    -0.394  0.057    -0.333  0.057
  1888    11    -0.164  0.156    -0.120  0.075    -0.369  0.060    -0.393  0.057    -0.336  0.057
  1888    12    -0.116  0.153    -0.110  0.075    -0.367  0.060    -0.394  0.057    -0.337  0.057
  1889     1    -0.121  0.168    -0.103  0.076    -0.368  0.060    -0.396  0.057    -0.338  0.058
  1889     2     0.223  0.143    -0.105  0.077    -0.366  0.060    -0.398  0.057    -0.339  0.058
  1889     3     0.046  0.130    -0.110  0.078    -0.362  0.060    -0.396  0.058    -0.340  0.058
  1889     4     0.062  0.137    -0.127  0.078    -0.360  0.060    -0.396  0.058    -0.340  0.058
  1889     5    -0.153  0.147    -0.155  0.079    -0.359  0.060    -0.395  0.058    -0.340  0.058
  1889     6    -0.196  0.132    -0.173  0.079    -0.355  0.060    -0.394  0.058    -0.340  0.058
  1889     7    -0.161  0.166    -0.200  0.077    -0.344  0.061    -0.392  0.058    -0.341  0.058
  1889     8    -0.289  0.171    -0.254  0.077    -0.335  0.061    -0.390  0.058    -0.340  0.058
  1889     9    -0.353  0.153    -0.304  0.076    -0.334  0.061    -0.389  0.058    -0.340  0.058
  1889    10    -0.301  0.136    -0.344  0.076    -0.336  0.061    -0.387  0.058    -0.340  0.058
  1889    11    -0.495  0.138    -0.373  0.075    -0.335  0.061    -0.385  0.058    -0.338  0.058
  1889    12    -0.333  0.134    -0.397  0.075    -0.332  0.061    -0.384  0.058    -0.338  0.059
  1890     1    -0.447  0.138    -0.420  0.075    -0.333  0.061    -0.382  0.058    -0.338  0.059
  1890     2    -0.427  0.143    -0.435  0.075    -0.332  0.062    -0.382  0.059    -0.336  0.059
  1890     3    -0.560  0.138    -0.444  0.075    -0.332  0.062    -0.383  0.059    -0.334  0.059
  1890     4    -0.418  0.135    -0.443  0.076    -0.329  0.062    -0.381  0.059    -0.334  0.059
  1890     5    -0.500  0.147    -0.458  0.077    -0.335  0.062    -0.379  0.059    -0.333  0.059
  1890     6    -0.477  0.130    -0.462  0.078    -0.336  0.063    -0.377  0.059    -0.332  0.059
  1890     7    -0.439  0.165    -0.465  0.078    -0.345  0.063    -0.375  0.059    -0.332  0.059
  1890     8    -0.474  0.168    -0.478  0.079    -0.347  0.063    -0.374  0.060    -0.332  0.059
  1890     9    -0.461  0.146    -0.450  0.079    -0.344  0.063    -0.373  0.060    -0.331  0.060
  1890    10    -0.290  0.136    -0.445  0.080    -0.344  0.063    -0.373  0.060    -0.330  0.060
  1890    11    -0.672  0.149    -0.426  0.081    -0.344  0.064    -0.371  0.060    -0.330  0.060
  1890    12    -0.373  0.163    -0.416  0.081    -0.344  0.064    -0.371  0.060    -0.329  0.060
  1891     1    -0.482  0.169    -0.408  0.082    -0.343  0.064    -0.368  0.060    -0.330  0.060
  1891     2    -0.589  0.167    -0.393  0.083    -0.343  0.064    -0.365  0.060    -0.330  0.060
  1891     3    -0.221  0.141    -0.377  0.083    -0.344  0.064    -0.365  0.060    -0.330  0.060
  1891     4    -0.365  0.140    -0.381  0.083    -0.346  0.065    -0.365  0.061    -0.330  0.060
  1891     5    -0.264  0.147    -0.367  0.083    -0.348  0.065    -0.365  0.061    -0.330  0.060
  1891     6    -0.363  0.136    -0.345  0.083    -0.353  0.065    -0.362  0.061    -0.330  0.060
  1891     7    -0.337  0.163    -0.328  0.083    -0.360  0.065    -0.361  0.061    -0.330  0.060
  1891     8    -0.296  0.168    -0.293  0.083    -0.371  0.065    -0.358  0.061    -0.331  0.061
  1891     9    -0.270  0.144    -0.311  0.084    -0.377  0.065    -0.355  0.061    -0.331  0.061
  1891    10    -0.340  0.147    -0.321  0.083    -0.386  0.065    -0.352  0.061    -0.331  0.061
  1891    11    -0.507  0.145    -0.332  0.083    -0.390  0.065    -0.350  0.062    -0.331  0.061
  1891    12    -0.106  0.133    -0.326  0.083    -0.395  0.065    -0.348  0.062    -0.331  0.061
  1892     1    -0.275  0.155    -0.336  0.083    -0.397  0.065    -0.341  0.062    -0.332  0.061
  1892     2    -0.175  0.137    -0.348  0.083    -0.396  0.065    -0.338  0.062    -0.333  0.061
  1892     3    -0.437  0.140    -0.359  0.083    -0.396  0.065    -0.337  0.063    -0.334  0.061
  1892     4    -0.486  0.138    -0.353  0.081    -0.395  0.065    -0.334  0.063    -0.334  0.061
  1892     5    -0.398  0.151    -0.373  0.081    -0.394  0.066    -0.330  0.063    -0.335  0.061
  1892     6    -0.285  0.147    -0.406  0.082    -0.394  0.066    -0.327  0.063    -0.335  0.061
  1892     7    -0.459  0.165    -0.458  0.081    -0.394  0.066    -0.326  0.063    -0.335  0.061
  1892     8    -0.440  0.170    -0.494  0.081    -0.395  0.066    -0.323  0.063    -0.335  0.061
  1892     9    -0.399  0.145    -0.482  0.081    -0.393  0.066    -0.322  0.063    -0.336  0.061
  1892    10    -0.264  0.135    -0.471  0.080    -0.390  0.067    -0.320  0.063    -0.336  0.061
  1892    11    -0.754  0.136    -0.470  0.080    -0.387  0.067    -0.320  0.063    -0.337  0.061
  1892    12    -0.500  0.151    -0.471  0.081    -0.384  0.068    -0.318  0.064    -0.337  0.061
  1893     1    -0.894  0.142    -0.447  0.081    -0.380  0.068    -0.317  0.064    -0.336  0.061
  1893     2    -0.617  0.124    -0.432  0.081    -0.378  0.068    -0.317  0.064    -0.335  0.061
  1893     3    -0.288  0.112    -0.428  0.081    -0.375  0.068    -0.318  0.064    -0.336  0.062
  1893     4    -0.352  0.129    -0.425  0.081    -0.374  0.068    -0.319  0.065    -0.337  0.062
  1893     5    -0.383  0.145    -0.389  0.081    -0.367  0.068    -0.319  0.065    -0.338  0.062
  1893     6    -0.298  0.153    -0.381  0.078    -0.364  0.068    -0.318  0.065    -0.340  0.062
  1893     7    -0.170  0.163    -0.351  0.079    -0.360  0.068    -0.319  0.065    -0.341  0.062
  1893     8    -0.268  0.166    -0.334  0.080    -0.355  0.068    -0.320  0.065    -0.341  0.062
  1893     9    -0.349  0.146    -0.336  0.081    -0.359  0.068    -0.321  0.065    -0.343  0.062
  1893    10    -0.220  0.131    -0.350  0.081    -0.361  0.069    -0.324  0.065    -0.344  0.062
  1893    11    -0.330  0.124    -0.351  0.081    -0.361  0.069    -0.328  0.066    -0.344  0.062
  1893    12    -0.401  0.125    -0.364  0.080    -0.357  0.069    -0.330  0.066    -0.345  0.062
  1894     1    -0.533  0.139    -0.373  0.081    -0.353  0.069    -0.331  0.066    -0.347  0.062
  1894     2    -0.414  0.135    -0.374  0.081    -0.350  0.069    -0.337  0.066    -0.349  0.063
  1894     3    -0.317  0.127    -0.373  0.081    -0.349  0.069    -0.341  0.066    -0.349  0.063
  1894     4    -0.516  0.134    -0.374  0.081    -0.344  0.069    -0.343  0.066    -0.349  0.063
  1894     5    -0.394  0.143    -0.381  0.082    -0.340  0.069    -0.344  0.066    -0.349  0.063
  1894     6    -0.452  0.148    -0.375  0.082    -0.340  0.069    -0.345  0.066    -0.349  0.063
  1894     7    -0.277  0.169    -0.370  0.082    -0.339  0.069    -0.346  0.066    -0.349  0.063
  1894     8    -0.281  0.167    -0.374  0.082    -0.341  0.069    -0.345  0.066    -0.349  0.063
  1894     9    -0.346  0.142    -0.383  0.083    -0.339  0.070    -0.343  0.066    -0.349  0.063
  1894    10    -0.222  0.129    -0.364  0.084    -0.332  0.070    -0.342  0.066    -0.350  0.063
  1894    11    -0.418  0.132    -0.358  0.085    -0.325  0.070    -0.338  0.066    -0.348  0.063
  1894    12    -0.328  0.131    -0.344  0.085    -0.323  0.070    -0.337  0.067    -0.348  0.063
  1895     1    -0.476  0.145    -0.339  0.086    -0.319  0.070    -0.337  0.067    -0.347  0.063
  1895     2    -0.462  0.129    -0.341  0.087    -0.315  0.071    -0.334  0.067    -0.347  0.063
  1895     3    -0.429  0.127    -0.340  0.087    -0.313  0.070    -0.329  0.067    -0.347  0.063
  1895     4    -0.284  0.138    -0.341  0.088    -0.312  0.071    -0.326  0.068    -0.346  0.064
  1895     5    -0.324  0.154    -0.324  0.089    -0.305  0.071    -0.323  0.068    -0.345  0.064
  1895     6    -0.278  0.141    -0.314  0.089    -0.301  0.071    -0.320  0.068    -0.344  0.064
  1895     7    -0.219  0.173    -0.294  0.087    -0.289  0.071    -0.318  0.068    -0.344  0.064
  1895     8    -0.300  0.169    -0.278  0.086    -0.287  0.072    -0.315  0.068    -0.344  0.064
  1895     9    -0.333  0.144    -0.280  0.085    -0.293  0.072    -0.313  0.068    -0.344  0.064
  1895    10    -0.236  0.130    -0.298  0.084    -0.293  0.072    -0.310  0.069    -0.344  0.064
  1895    11    -0.221  0.133    -0.293  0.084    -0.294  0.072    -0.306  0.069    -0.343  0.064
  1895    12    -0.210  0.128    -0.281  0.083    -0.292  0.072    -0.304  0.069    -0.343  0.064
  1896     1    -0.231  0.141    -0.271  0.083    -0.296  0.072    -0.303  0.069    -0.342  0.064
  1896     2    -0.270  0.128    -0.255  0.084    -0.297  0.072    -0.299  0.069    -0.341  0.064
  1896     3    -0.459  0.119    -0.243  0.085    -0.298  0.073    -0.297  0.070    -0.339  0.065
  1896     4    -0.491  0.137    -0.227  0.085    -0.303  0.073    -0.295  0.070    -0.337  0.065
  1896     5    -0.270  0.149    -0.233  0.086    -0.307  0.073    -0.294  0.070    -0.337  0.065
  1896     6    -0.129  0.138    -0.225  0.087    -0.307  0.073    -0.293  0.070    -0.337  0.065
  1896     7    -0.099  0.163    -0.222  0.088    -0.302  0.074    -0.292  0.070    -0.337  0.065
  1896     8    -0.115  0.169    -0.224  0.088    -0.303  0.073    -0.291  0.070    -0.336  0.065
  1896     9    -0.188  0.151    -0.211  0.088    -0.305  0.074    -0.292  0.070    -0.336  0.065
  1896    10    -0.041  0.127    -0.175  0.087    -0.300  0.074    -0.291  0.070    -0.334  0.065
  1896    11    -0.293  0.133    -0.153  0.087    -0.297  0.074    -0.290  0.070    -0.334  0.065
  1896    12    -0.117  0.135    -0.156  0.087    -0.296  0.074    -0.291  0.070    -0.333  0.065
  1897     1    -0.190  0.168    -0.164  0.087    -0.296  0.074    -0.291  0.070    -0.331  0.066
  1897     2    -0.293  0.119    -0.173  0.087    -0.294  0.074    -0.290  0.070    -0.330  0.066
  1897     3    -0.301  0.125    -0.178  0.087    -0.290  0.074    -0.290  0.070    -0.329  0.066
  1897     4    -0.064  0.129    -0.192  0.088    -0.288  0.074    -0.289  0.070    -0.329  0.066
  1897     5    -0.006  0.143    -0.197  0.090    -0.281  0.074    -0.289  0.070    -0.330  0.066
  1897     6    -0.168  0.142    -0.210  0.089    -0.281  0.075    -0.289  0.070    -0.330  0.066
  1897     7    -0.195  0.175    -0.208  0.089    -0.280  0.075    -0.288  0.070    -0.330  0.066
  1897     8    -0.214  0.172    -0.225  0.089    -0.272  0.075    -0.288  0.070    -0.329  0.066
  1897     9    -0.258  0.152    -0.252  0.090    -0.265  0.075    -0.287  0.070    -0.330  0.066
  1897    10    -0.209  0.148    -0.280  0.090    -0.262  0.075    -0.289  0.070    -0.329  0.066
  1897    11    -0.344  0.137    -0.313  0.088    -0.258  0.075    -0.287  0.070    -0.329  0.067
  1897    12    -0.272  0.124    -0.318  0.086    -0.256  0.075    -0.288  0.070    -0.330  0.067
  1898     1    -0.170  0.170    -0.331  0.087    -0.255  0.075    -0.283  0.071    -0.330  0.067
  1898     2    -0.498  0.123    -0.344  0.087    -0.253  0.075    -0.279  0.071    -0.329  0.067
  1898     3    -0.625  0.127    -0.357  0.089    -0.250  0.075    -0.279  0.071    -0.330  0.067
  1898     4    -0.403  0.136    -0.381  0.090    -0.246  0.076    -0.280  0.071    -0.330  0.067
  1898     5    -0.399  0.156    -0.400  0.091    -0.246  0.076    -0.281  0.071    -0.330  0.067
  1898     6    -0.228  0.150    -0.412  0.092    -0.245  0.076    -0.283  0.071    -0.330  0.067
  1898     7    -0.351  0.168    -0.417  0.093    -0.246  0.076    -0.286  0.071    -0.330  0.067
  1898     8    -0.374  0.165    -0.417  0.093    -0.243  0.077    -0.288  0.071    -0.331  0.067
  1898     9    -0.411  0.154    -0.401  0.094    -0.236  0.077    -0.291  0.071    -0.332  0.067
  1898    10    -0.493  0.139    -0.385  0.096    -0.228  0.077    -0.293  0.072    -0.333  0.067
  1898    11    -0.570  0.147    -0.369  0.095    -0.227  0.077    -0.296  0.072    -0.335  0.067
  1898    12    -0.420  0.136    -0.381  0.092    -0.228  0.077    -0.297  0.072    -0.337  0.067
  1899     1    -0.229  0.147    -0.375  0.092    -0.231  0.077    -0.298  0.072    -0.340  0.067
  1899     2    -0.494  0.127    -0.358  0.092    -0.233  0.076    -0.300  0.072    -0.343  0.067
  1899     3    -0.434  0.131    -0.334  0.091    -0.234  0.076    -0.302  0.072    -0.346  0.067
  1899     4    -0.213  0.145    -0.300  0.090    -0.239  0.076    -0.302  0.072    -0.348  0.067
  1899     5    -0.210  0.143    -0.253  0.089    -0.239  0.076    -0.303  0.072    -0.350  0.067
  1899     6    -0.370  0.138    -0.242  0.090    -0.242  0.076    -0.304  0.072    -0.351  0.067
  1899     7    -0.279  0.163    -0.258  0.090    -0.244  0.075    -0.306  0.072    -0.353  0.067
  1899     8    -0.175  0.169    -0.218  0.093    -0.240  0.076    -0.308  0.072    -0.353  0.067
  1899     9    -0.122  0.142    -0.179  0.092    -0.242  0.076    -0.310  0.072    -0.353  0.067
  1899    10    -0.089  0.128    -0.172  0.091    -0.246  0.076    -0.313  0.073    -0.354  0.067
  1899    11     0.001  0.137    -0.160  0.091    -0.252  0.076    -0.312  0.073    -0.354  0.067
  1899    12    -0.288  0.148    -0.142  0.089    -0.256  0.075    -0.312  0.073    -0.354  0.067
  1900     1    -0.419  0.142    -0.134  0.089    -0.258  0.075    -0.311  0.073    -0.354  0.067
  1900     2    -0.019  0.152    -0.135  0.090    -0.260  0.076    -0.312  0.073    -0.354  0.067
  1900     3     0.031  0.120    -0.137  0.092    -0.262  0.076    -0.311  0.073    -0.354  0.067
  1900     4    -0.121  0.131    -0.127  0.094    -0.266  0.076    -0.312  0.073    -0.354  0.067
  1900     5    -0.072  0.142    -0.147  0.094    -0.270  0.076    -0.312  0.073    -0.354  0.067
  1900     6    -0.150  0.143    -0.135  0.093    -0.274  0.076    -0.312  0.073    -0.354  0.067
  1900     7    -0.188  0.166    -0.124  0.092    -0.276  0.076    -0.314  0.073    -0.353  0.067
  1900     8    -0.181  0.170    -0.131  0.091    -0.271  0.076    -0.314  0.073    -0.353  0.067
  1900     9    -0.147  0.149    -0.136  0.091    -0.265  0.076    -0.314  0.073    -0.353  0.067
  1900    10     0.029  0.136    -0.130  0.090    -0.267  0.076    -0.314  0.073    -0.354  0.067
  1900    11    -0.234  0.141    -0.138  0.090    -0.268  0.076    -0.314  0.073    -0.353  0.067
  1900    12    -0.144  0.126    -0.145  0.090    -0.274  0.076    -0.315  0.073    -0.355  0.067
  1901     1    -0.294  0.130    -0.152  0.088    -0.276  0.076    -0.316  0.073    -0.356  0.067
  1901     2    -0.104  0.134    -0.154  0.088    -0.279  0.076    -0.316  0.073    -0.356  0.067
  1901     3    -0.029  0.116    -0.166  0.087    -0.283  0.076    -0.313  0.073    -0.358  0.067
  1901     4    -0.042  0.129    -0.193  0.086    -0.284  0.076    -0.310  0.074    -0.358  0.067
  1901     5    -0.168  0.140    -0.201  0.085    -0.284  0.076    -0.310  0.074    -0.359  0.067
  1901     6    -0.233  0.140    -0.211  0.084    -0.286  0.076    -0.311  0.074    -0.360  0.067
  1901     7    -0.274  0.161    -0.212  0.083    -0.294  0.076    -0.313  0.074    -0.361  0.067
  1901     8    -0.204  0.166    -0.210  0.082    -0.297  0.076    -0.314  0.074    -0.361  0.067
  1901     9    -0.295  0.140    -0.240  0.082    -0.298  0.076    -0.316  0.074    -0.362  0.067
  1901    10    -0.300  0.134    -0.264  0.083    -0.303  0.076    -0.317  0.074    -0.362  0.067
  1901    11    -0.322  0.125    -0.282  0.083    -0.309  0.076    -0.318  0.074    -0.361  0.066
  1901    12    -0.273  0.126    -0.292  0.083    -0.312  0.076    -0.318  0.074    -0.362  0.066
  1902     1    -0.297  0.119    -0.297  0.083    -0.316  0.076    -0.320  0.074    -0.362  0.066
  1902     2    -0.080  0.119    -0.310  0.083    -0.322  0.076    -0.323  0.074    -0.362  0.066
  1902     3    -0.393  0.112    -0.317  0.084    -0.330  0.076    -0.322  0.074    -0.362  0.066
  1902     4    -0.329  0.134    -0.329  0.084    -0.337  0.076    -0.325  0.074    -0.360  0.066
  1902     5    -0.388  0.142    -0.350  0.085    -0.342  0.076    -0.329  0.074    -0.360  0.066
  1902     6    -0.356  0.129    -0.372  0.086    -0.343  0.076    -0.332  0.074    -0.360  0.066
  1902     7    -0.324  0.165    -0.370  0.087    -0.342  0.075    -0.334  0.074    -0.360  0.066
  1902     8    -0.363  0.164    -0.377  0.087    -0.352  0.075    -0.336  0.074    -0.360  0.066
  1902     9    -0.384  0.149    -0.370  0.087    -0.358  0.075    -0.337  0.074    -0.362  0.066
  1902    10    -0.434  0.126    -0.384  0.087    -0.362  0.075    -0.337  0.074    -0.363  0.066
  1902    11    -0.583  0.122    -0.391  0.089    -0.366  0.076    -0.339  0.074    -0.362  0.066
  1902    12    -0.532  0.133    -0.408  0.090    -0.369  0.076    -0.341  0.074    -0.362  0.066
  1903     1    -0.274  0.143    -0.421  0.090    -0.372  0.076    -0.343  0.074    -0.361  0.066
  1903     2    -0.166  0.123    -0.439  0.090    -0.374  0.076    -0.341  0.074    -0.360  0.066
  1903     3    -0.303  0.125    -0.459  0.092    -0.378  0.076    -0.341  0.074    -0.361  0.066
  1903     4    -0.500  0.137    -0.471  0.092    -0.383  0.076    -0.341  0.074    -0.361  0.065
  1903     5    -0.469  0.146    -0.470  0.092    -0.383  0.076    -0.341  0.074    -0.361  0.065
  1903     6    -0.560  0.130    -0.471  0.092    -0.385  0.076    -0.342  0.074    -0.361  0.065
  1903     7    -0.482  0.159    -0.505  0.090    -0.386  0.076    -0.342  0.074    -0.363  0.065
  1903     8    -0.579  0.162    -0.547  0.091    -0.389  0.076    -0.343  0.074    -0.363  0.065
  1903     9    -0.631  0.150    -0.564  0.091    -0.391  0.076    -0.342  0.074    -0.363  0.065
  1903    10    -0.573  0.124    -0.568  0.089    -0.391  0.076    -0.342  0.074    -0.364  0.065
  1903    11    -0.575  0.119    -0.574  0.088    -0.393  0.076    -0.343  0.074    -0.364  0.065
  1903    12    -0.545  0.122    -0.571  0.088    -0.394  0.076    -0.345  0.073    -0.362  0.065
  1904     1    -0.674  0.129    -0.577  0.088    -0.395  0.077    -0.349  0.073    -0.360  0.065
  1904     2    -0.674  0.126    -0.572  0.088    -0.396  0.077    -0.349  0.073    -0.359  0.065
  1904     3    -0.506  0.114    -0.571  0.088    -0.397  0.077    -0.350  0.073    -0.359  0.065
  1904     4    -0.546  0.126    -0.566  0.090    -0.395  0.077    -0.353  0.073    -0.358  0.065
  1904     5    -0.549  0.140    -0.543  0.090    -0.397  0.078    -0.356  0.073    -0.357  0.065
  1904     6    -0.523  0.132    -0.527  0.090    -0.395  0.078    -0.357  0.073    -0.357  0.064
  1904     7    -0.551  0.167    -0.500  0.090    -0.397  0.078    -0.359  0.073    -0.357  0.064
  1904     8    -0.521  0.174    -0.495  0.091    -0.405  0.078    -0.360  0.073    -0.356  0.064
  1904     9    -0.619  0.142    -0.480  0.091    -0.403  0.078    -0.363  0.072    -0.356  0.064
  1904    10    -0.504  0.139    -0.466  0.091    -0.404  0.078    -0.367  0.072    -0.355  0.064
  1904    11    -0.300  0.130    -0.445  0.091    -0.406  0.079    -0.370  0.072    -0.354  0.064
  1904    12    -0.352  0.119    -0.429  0.091    -0.408  0.079    -0.372  0.072    -0.353  0.064
  1905     1    -0.351  0.119    -0.414  0.090    -0.410  0.079    -0.372  0.072    -0.352  0.064
  1905     2    -0.622  0.135    -0.395  0.090    -0.411  0.079    -0.375  0.071    -0.351  0.064
  1905     3    -0.316  0.116    -0.374  0.090    -0.411  0.079    -0.380  0.071    -0.349  0.064
  1905     4    -0.380  0.129    -0.359  0.090    -0.408  0.079    -0.383  0.071    -0.347  0.064
  1905     5    -0.299  0.139    -0.350  0.089    -0.408  0.079    -0.385  0.071    -0.346  0.064
  1905     6    -0.335  0.128    -0.344  0.089    -0.407  0.079    -0.387  0.071    -0.346  0.064
  1905     7    -0.372  0.166    -0.343  0.089    -0.409  0.079    -0.389  0.071    -0.345  0.063
  1905     8    -0.294  0.168    -0.318  0.088    -0.411  0.078    -0.391  0.070    -0.345  0.063
  1905     9    -0.359  0.141    -0.302  0.088    -0.416  0.078    -0.394  0.070    -0.344  0.063
  1905    10    -0.326  0.138    -0.274  0.087    -0.416  0.078    -0.397  0.070    -0.344  0.063
  1905    11    -0.196  0.119    -0.273  0.087    -0.413  0.078    -0.401  0.070    -0.344  0.063
  1905    12    -0.277  0.119    -0.267  0.087    -0.409  0.077    -0.406  0.070    -0.344  0.063
  1906     1    -0.343  0.127    -0.265  0.088    -0.408  0.077    -0.409  0.069    -0.344  0.063
  1906     2    -0.322  0.121    -0.264  0.089    -0.406  0.077    -0.413  0.069    -0.344  0.063
  1906     3    -0.125  0.114    -0.263  0.089    -0.402  0.077    -0.418  0.069    -0.343  0.063
  1906     4    -0.035  0.133    -0.252  0.088    -0.401  0.077    -0.422  0.069    -0.342  0.063
  1906     5    -0.294  0.140    -0.270  0.090    -0.402  0.077    -0.425  0.069    -0.343  0.063
  1906     6    -0.263  0.132    -0.261  0.090    -0.403  0.076    -0.427  0.069    -0.344  0.063
  1906     7    -0.345  0.164    -0.268  0.090    -0.405  0.076    -0.429  0.068    -0.345  0.063
  1906     8    -0.290  0.174    -0.288  0.090    -0.402  0.076    -0.431  0.068    -0.346  0.063
  1906     9    -0.345  0.143    -0.301  0.090    -0.403  0.076    -0.433  0.068    -0.347  0.063
  1906    10    -0.186  0.131    -0.326  0.091    -0.403  0.075    -0.433  0.068    -0.348  0.063
  1906    11    -0.413  0.128    -0.345  0.091    -0.402  0.075    -0.433  0.068    -0.349  0.063
  1906    12    -0.176  0.121    -0.364  0.091    -0.402  0.075    -0.433  0.068    -0.352  0.063
  1907     1    -0.419  0.114    -0.371  0.090    -0.401  0.074    -0.432  0.068    -0.354  0.063
  1907     2    -0.562  0.116    -0.383  0.089    -0.399  0.074    -0.433  0.067    -0.355  0.063
  1907     3    -0.282  0.116    -0.389  0.087    -0.397  0.074    -0.434  0.067    -0.357  0.063
  1907     4    -0.344  0.136    -0.394  0.086    -0.396  0.073    -0.432  0.067    -0.359  0.063
  1907     5    -0.518  0.135    -0.407  0.087    -0.398  0.073    -0.431  0.067    -0.361  0.063
  1907     6    -0.484  0.130    -0.432  0.087    -0.400  0.073    -0.430  0.067    -0.363  0.063
  1907     7    -0.429  0.159    -0.432  0.086    -0.401  0.073    -0.431  0.067    -0.363  0.063
  1907     8    -0.443  0.169    -0.408  0.086    -0.398  0.072    -0.433  0.067    -0.363  0.063
  1907     9    -0.418  0.137    -0.435  0.086    -0.402  0.072    -0.436  0.066    -0.364  0.063
  1907    10    -0.243  0.126    -0.447  0.085    -0.403  0.071    -0.437  0.066    -0.365  0.063
  1907    11    -0.563  0.145    -0.429  0.085    -0.404  0.071    -0.437  0.066    -0.366  0.063
  1907    12    -0.475  0.119    -0.416  0.085    -0.405  0.071    -0.436  0.066    -0.368  0.063
  1908     1    -0.420  0.112    -0.412  0.085    -0.406  0.070    -0.439  0.065    -0.369  0.063
  1908     2    -0.281  0.114    -0.416  0.084    -0.408  0.070    -0.441  0.065    -0.369  0.063
  1908     3    -0.603  0.118    -0.413  0.084    -0.410  0.070    -0.442  0.065    -0.368  0.063
  1908     4    -0.486  0.132    -0.433  0.083    -0.411  0.069    -0.441  0.064    -0.369  0.063
  1908     5    -0.300  0.132    -0.443  0.081    -0.418  0.069    -0.441  0.064    -0.369  0.063
  1908     6    -0.333  0.120    -0.451  0.080    -0.426  0.069    -0.440  0.064    -0.370  0.063
  1908     7    -0.377  0.162    -0.481  0.081    -0.432  0.068    -0.439  0.064    -0.370  0.062
  1908     8    -0.499  0.162    -0.498  0.081    -0.437  0.068    -0.438  0.064    -0.370  0.062
  1908     9    -0.378  0.135    -0.496  0.079    -0.445  0.068    -0.436  0.064    -0.369  0.062
  1908    10    -0.488  0.125    -0.502  0.079    -0.453  0.067    -0.434  0.063    -0.367  0.062
  1908    11    -0.677  0.116    -0.520  0.077    -0.457  0.067    -0.432  0.063    -0.366  0.062
  1908    12    -0.573  0.113    -0.533  0.078    -0.461  0.067    -0.427  0.063    -0.365  0.062
  1909     1    -0.776  0.128    -0.546  0.077    -0.464  0.066    -0.422  0.063    -0.365  0.062
  1909     2    -0.492  0.110    -0.534  0.077    -0.467  0.066    -0.418  0.063    -0.364  0.062
  1909     3    -0.569  0.103    -0.544  0.077    -0.469  0.066    -0.417  0.062    -0.363  0.062
  1909     4    -0.558  0.124    -0.541  0.077    -0.470  0.065    -0.415  0.062    -0.363  0.062
  1909     5    -0.514  0.134    -0.520  0.077    -0.469  0.065    -0.412  0.062    -0.363  0.062
  1909     6    -0.495  0.127    -0.514  0.078    -0.471  0.064    -0.409  0.062    -0.362  0.062
  1909     7    -0.529  0.156    -0.481  0.076    -0.467  0.064    -0.407  0.062    -0.363  0.062
  1909     8    -0.362  0.161    -0.479  0.075    -0.461  0.064    -0.405  0.062    -0.363  0.062
  1909     9    -0.490  0.133    -0.477  0.074    -0.464  0.064    -0.402  0.061    -0.364  0.062
  1909    10    -0.459  0.121    -0.467  0.073    -0.461  0.063    -0.398  0.061    -0.365  0.062
  1909    11    -0.423  0.113    -0.453  0.073    -0.456  0.063    -0.397  0.061    -0.367  0.062
  1909    12    -0.495  0.117    -0.447  0.073    -0.452  0.063    -0.394  0.061    -0.368  0.062
  1910     1    -0.389  0.106    -0.439  0.073    -0.453  0.063    -0.393  0.061    -0.367  0.062
  1910     2    -0.471  0.102    -0.444  0.073    -0.456  0.063    -0.389  0.061    -0.368  0.062
  1910     3    -0.536  0.094    -0.440  0.073    -0.460  0.063    -0.387  0.060    -0.368  0.062
  1910     4    -0.437  0.123    -0.435  0.072    -0.466  0.063    -0.383  0.060    -0.369  0.062
  1910     5    -0.352  0.130    -0.452  0.073    -0.465  0.062    -0.380  0.060    -0.369  0.062
  1910     6    -0.419  0.126    -0.473  0.073    -0.466  0.062    -0.379  0.060    -0.370  0.062
  1910     7    -0.434  0.158    -0.498  0.073    -0.468  0.061    -0.377  0.060    -0.370  0.062
  1910     8    -0.417  0.160    -0.512  0.072    -0.471  0.061    -0.376  0.060    -0.370  0.062
  1910     9    -0.444  0.131    -0.518  0.073    -0.468  0.061    -0.375  0.060    -0.371  0.062
  1910    10    -0.400  0.112    -0.523  0.072    -0.466  0.060    -0.374  0.060    -0.371  0.062
  1910    11    -0.635  0.121    -0.538  0.072    -0.468  0.060    -0.374  0.060    -0.372  0.062
  1910    12    -0.743  0.120    -0.546  0.071    -0.470  0.060    -0.374  0.060    -0.373  0.062
  1911     1    -0.681  0.107    -0.551  0.071    -0.471  0.060    -0.373  0.060    -0.372  0.062
  1911     2    -0.642  0.101    -0.555  0.070    -0.469  0.060    -0.371  0.060    -0.373  0.062
  1911     3    -0.616  0.104    -0.560  0.071    -0.469  0.060    -0.372  0.060    -0.374  0.062
  1911     4    -0.495  0.115    -0.548  0.071    -0.467  0.060    -0.375  0.060    -0.375  0.062
  1911     5    -0.528  0.136    -0.522  0.070    -0.461  0.060    -0.375  0.060    -0.375  0.062
  1911     6    -0.513  0.119    -0.483  0.070    -0.452  0.060    -0.376  0.059    -0.375  0.062
  1911     7    -0.492  0.153    -0.446  0.071    -0.439  0.060    -0.376  0.059    -0.374  0.062
  1911     8    -0.476  0.159    -0.409  0.070    -0.434  0.059    -0.377  0.059    -0.375  0.062
  1911     9    -0.498  0.133    -0.393  0.070    -0.430  0.059    -0.377  0.059    -0.374  0.062
  1911    10    -0.261  0.113    -0.366  0.070    -0.426  0.059    -0.379  0.059    -0.373  0.062
  1911    11    -0.324  0.107    -0.342  0.071    -0.421  0.059    -0.380  0.059    -0.372  0.062
  1911    12    -0.274  0.105    -0.318  0.071    -0.417  0.059    -0.385  0.060    -0.372  0.062
  1912     1    -0.232  0.106    -0.320  0.071    -0.413  0.059    -0.388  0.060    -0.372  0.062
  1912     2    -0.194  0.101    -0.329  0.072    -0.410  0.059    -0.388  0.060    -0.373  0.062
  1912     3    -0.432  0.102    -0.342  0.071    -0.407  0.059    -0.392  0.060    -0.372  0.062
  1912     4    -0.165  0.121    -0.374  0.072    -0.400  0.059    -0.393  0.060    -0.371  0.062
  1912     5    -0.247  0.135    -0.389  0.071    -0.396  0.059    -0.393  0.060    -0.371  0.062
  1912     6    -0.220  0.116    -0.408  0.072    -0.388  0.059    -0.394  0.060    -0.370  0.062
  1912     7    -0.513  0.158    -0.433  0.071    -0.385  0.059    -0.392  0.060    -0.370  0.062
  1912     8    -0.582  0.162    -0.458  0.071    -0.380  0.059    -0.391  0.060    -0.370  0.062
  1912     9    -0.663  0.132    -0.458  0.070    -0.371  0.059    -0.391  0.060    -0.370  0.062
  1912    10    -0.644  0.112    -0.472  0.070    -0.362  0.059    -0.393  0.061    -0.370  0.062
  1912    11    -0.499  0.104    -0.486  0.069    -0.356  0.059    -0.393  0.060    -0.368  0.062
  1912    12    -0.503  0.104    -0.508  0.069    -0.352  0.059    -0.395  0.061    -0.367  0.062
  1913     1    -0.532  0.099    -0.501  0.069    -0.348  0.059    -0.396  0.061    -0.367  0.062
  1913     2    -0.490  0.095    -0.482  0.070    -0.343  0.059    -0.397  0.061    -0.368  0.062
  1913     3    -0.438  0.098    -0.462  0.070    -0.340  0.059    -0.396  0.061    -0.368  0.062
  1913     4    -0.337  0.115    -0.438  0.070    -0.338  0.059    -0.396  0.061    -0.367  0.062
  1913     5    -0.412  0.129    -0.422  0.070    -0.329  0.059    -0.398  0.061    -0.366  0.062
  1913     6    -0.481  0.119    -0.380  0.069    -0.322  0.059    -0.398  0.061    -0.365  0.062
  1913     7    -0.429  0.155    -0.336  0.069    -0.313  0.060    -0.398  0.061    -0.364  0.062
  1913     8    -0.351  0.161    -0.315  0.069    -0.305  0.060    -0.397  0.061    -0.363  0.062
  1913     9    -0.422  0.131    -0.305  0.069    -0.300  0.060    -0.396  0.061    -0.362  0.062
  1913    10    -0.358  0.107    -0.303  0.069    -0.297  0.060    -0.392  0.061    -0.360  0.062
  1913    11    -0.309  0.106    -0.286  0.069    -0.293  0.060    -0.388  0.061    -0.357  0.062
  1913    12    -0.003  0.098    -0.266  0.069    -0.291  0.060    -0.386  0.061    -0.355  0.062
  1914     1    -0.000  0.104    -0.254  0.069    -0.289  0.060    -0.381  0.061    -0.353  0.062
  1914     2    -0.236  0.100    -0.243  0.069    -0.287  0.060    -0.378  0.061    -0.351  0.062
  1914     3    -0.324  0.095    -0.230  0.070    -0.286  0.061    -0.376  0.061    -0.349  0.062
  1914     4    -0.310  0.123    -0.202  0.070    -0.288  0.061    -0.372  0.061    -0.348  0.062
  1914     5    -0.212  0.126    -0.192  0.071    -0.291  0.061    -0.370  0.062    -0.347  0.062
  1914     6    -0.234  0.118    -0.195  0.071    -0.300  0.061    -0.368  0.062    -0.345  0.062
  1914     7    -0.292  0.162    -0.215  0.072    -0.308  0.062    -0.367  0.062    -0.344  0.062
  1914     8    -0.212  0.160    -0.205  0.073    -0.315  0.062    -0.366  0.062    -0.343  0.062
  1914     9    -0.270  0.135    -0.180  0.074    -0.319  0.063    -0.365  0.062    -0.342  0.062
  1914    10    -0.027  0.114    -0.147  0.074    -0.325  0.063    -0.363  0.062    -0.341  0.062
  1914    11    -0.189  0.111    -0.127  0.074    -0.331  0.063    -0.364  0.062    -0.341  0.062
  1914    12    -0.036  0.108    -0.124  0.075    -0.335  0.063    -0.364  0.062    -0.341  0.062
  1915     1    -0.235  0.116    -0.117  0.075    -0.332  0.063    -0.362  0.062    -0.341  0.062
  1915     2    -0.120  0.108    -0.109  0.076    -0.327  0.064    -0.361  0.062    -0.341  0.062
  1915     3    -0.020  0.100    -0.104  0.076    -0.322  0.064    -0.357  0.063    -0.340  0.062
  1915     4     0.089  0.121    -0.126  0.077    -0.320  0.064    -0.355  0.063    -0.340  0.062
  1915     5     0.021  0.135    -0.122  0.077    -0.320  0.065    -0.354  0.063    -0.339  0.062
  1915     6    -0.192  0.126    -0.141  0.078    -0.324  0.065    -0.352  0.063    -0.339  0.062
  1915     7    -0.207  0.157    -0.138  0.079    -0.323  0.065    -0.351  0.063    -0.338  0.062
  1915     8    -0.121  0.163    -0.141  0.079    -0.324  0.066    -0.350  0.063    -0.338  0.062
  1915     9    -0.213  0.135    -0.162  0.079    -0.323  0.066    -0.348  0.063    -0.337  0.062
  1915    10    -0.292  0.116    -0.196  0.079    -0.326  0.066    -0.346  0.063    -0.336  0.062
  1915    11    -0.135  0.120    -0.225  0.078    -0.327  0.066    -0.343  0.063    -0.336  0.062
  1915    12    -0.269  0.110    -0.241  0.079    -0.325  0.067    -0.340  0.064    -0.334  0.062
  1916     1    -0.191  0.116    -0.254  0.079    -0.324  0.067    -0.336  0.064    -0.331  0.062
  1916     2    -0.164  0.112    -0.274  0.080    -0.325  0.067    -0.332  0.064    -0.330  0.062
  1916     3    -0.267  0.108    -0.289  0.081    -0.322  0.067    -0.329  0.064    -0.329  0.062
  1916     4    -0.325  0.122    -0.298  0.080    -0.317  0.068    -0.327  0.064    -0.329  0.062
  1916     5    -0.326  0.132    -0.332  0.080    -0.315  0.068    -0.326  0.064    -0.329  0.062
  1916     6    -0.382  0.123    -0.377  0.081    -0.320  0.068    -0.323  0.064    -0.329  0.062
  1916     7    -0.357  0.166    -0.417  0.081    -0.323  0.068    -0.320  0.064    -0.328  0.062
  1916     8    -0.362  0.174    -0.458  0.083    -0.322  0.069    -0.318  0.064    -0.327  0.062
  1916     9    -0.403  0.143    -0.492  0.083    -0.321  0.069    -0.315  0.064    -0.326  0.062
  1916    10    -0.395  0.122    -0.508  0.085    -0.318  0.069    -0.314  0.064    -0.326  0.062
  1916    11    -0.546  0.118    -0.528  0.085    -0.318  0.070    -0.312  0.065    -0.324  0.062
  1916    12    -0.803  0.120    -0.538  0.086    -0.320  0.070    -0.311  0.065    -0.324  0.062
  1917     1    -0.669  0.125    -0.532  0.087    -0.320  0.070    -0.311  0.065    -0.323  0.062
  1917     2    -0.658  0.123    -0.529  0.087    -0.321  0.070    -0.313  0.065    -0.322  0.062
  1917     3    -0.675  0.115    -0.526  0.089    -0.323  0.071    -0.310  0.065    -0.322  0.062
  1917     4    -0.514  0.126    -0.536  0.090    -0.327  0.071    -0.310  0.065    -0.322  0.062
  1917     5    -0.568  0.139    -0.531  0.091    -0.333  0.071    -0.311  0.065    -0.320  0.062
  1917     6    -0.499  0.127    -0.525  0.091    -0.339  0.071    -0.311  0.065    -0.319  0.062
  1917     7    -0.293  0.166    -0.512  0.090    -0.338  0.071    -0.309  0.065    -0.318  0.062
  1917     8    -0.324  0.178    -0.500  0.088    -0.342  0.071    -0.307  0.065    -0.317  0.062
  1917     9    -0.371  0.158    -0.478  0.088    -0.343  0.071    -0.304  0.065    -0.316  0.062
  1917    10    -0.509  0.123    -0.477  0.087    -0.347  0.072    -0.302  0.065    -0.315  0.062
  1917    11    -0.485  0.126    -0.469  0.088    -0.351  0.072    -0.300  0.065    -0.313  0.062
  1917    12    -0.730  0.121    -0.459  0.088    -0.353  0.072    -0.297  0.065    -0.312  0.062
  1918     1    -0.519  0.122    -0.465  0.088    -0.354  0.072    -0.295  0.066    -0.310  0.062
  1918     2    -0.507  0.105    -0.472  0.087    -0.356  0.072    -0.294  0.066    -0.308  0.062
  1918     3    -0.413  0.110    -0.459  0.086    -0.356  0.072    -0.293  0.066    -0.307  0.062
  1918     4    -0.509  0.128    -0.420  0.086    -0.353  0.073    -0.293  0.066    -0.306  0.062
  1918     5    -0.473  0.141    -0.397  0.086    -0.356  0.072    -0.292  0.066    -0.306  0.062
  1918     6    -0.376  0.130    -0.360  0.086    -0.359  0.073    -0.290  0.066    -0.306  0.062
  1918     7    -0.368  0.162    -0.332  0.085    -0.358  0.073    -0.289  0.066    -0.305  0.062
  1918     8    -0.404  0.169    -0.307  0.086    -0.359  0.073    -0.289  0.066    -0.304  0.062
  1918     9    -0.218  0.143    -0.295  0.087    -0.359  0.073    -0.288  0.066    -0.303  0.062
  1918    10    -0.039  0.123    -0.261  0.087    -0.358  0.073    -0.286  0.067    -0.302  0.063
  1918    11    -0.206  0.120    -0.240  0.087    -0.358  0.073    -0.283  0.067    -0.300  0.063
  1918    12    -0.283  0.116    -0.236  0.087    -0.354  0.073    -0.283  0.067    -0.298  0.063
  1919     1    -0.191  0.126    -0.233  0.088    -0.350  0.073    -0.285  0.067    -0.296  0.063
  1919     2    -0.208  0.123    -0.223  0.087    -0.349  0.073    -0.285  0.067    -0.297  0.063
  1919     3    -0.263  0.115    -0.234  0.087    -0.345  0.073    -0.282  0.067    -0.296  0.063
  1919     4    -0.097  0.130    -0.255  0.087    -0.339  0.073    -0.282  0.067    -0.295  0.063
  1919     5    -0.229  0.140    -0.285  0.087    -0.333  0.073    -0.281  0.067    -0.295  0.063
  1919     6    -0.327  0.131    -0.295  0.087    -0.321  0.073    -0.281  0.067    -0.294  0.063
  1919     7    -0.327  0.164    -0.293  0.086    -0.314  0.073    -0.281  0.067    -0.294  0.063
  1919     8    -0.286  0.172    -0.303  0.085    -0.310  0.072    -0.282  0.068    -0.294  0.063
  1919     9    -0.357  0.148    -0.288  0.084    -0.301  0.072    -0.283  0.068    -0.293  0.063
  1919    10    -0.286  0.120    -0.294  0.085    -0.294  0.072    -0.285  0.068    -0.291  0.063
  1919    11    -0.564  0.123    -0.295  0.085    -0.291  0.072    -0.285  0.068    -0.290  0.063
  1919    12    -0.404  0.113    -0.289  0.085    -0.287  0.072    -0.288  0.068    -0.290  0.063
  1920     1    -0.166  0.117    -0.283  0.085    -0.286  0.072    -0.289  0.068    -0.290  0.063
  1920     2    -0.326  0.112    -0.280  0.085    -0.286  0.071    -0.292  0.068    -0.289  0.063
  1920     3    -0.088  0.107    -0.269  0.085    -0.286  0.071    -0.294  0.068    -0.287  0.063
  1920     4    -0.170  0.129    -0.257  0.085    -0.284  0.071    -0.297  0.068    -0.286  0.063
  1920     5    -0.235  0.139    -0.234  0.085    -0.280  0.071    -0.298  0.068    -0.285  0.063
  1920     6    -0.253  0.129    -0.241  0.085    -0.270  0.071    -0.299  0.068    -0.285  0.063
  1920     7    -0.266  0.167    -0.237  0.085    -0.266  0.071    -0.299  0.068    -0.283  0.063
  1920     8    -0.248  0.167    -0.225  0.086    -0.264  0.071    -0.300  0.068    -0.282  0.064
  1920     9    -0.216  0.139    -0.242  0.086    -0.264  0.071    -0.300  0.069    -0.281  0.064
  1920    10    -0.147  0.119    -0.251  0.086    -0.260  0.071    -0.299  0.069    -0.279  0.064
  1920    11    -0.291  0.120    -0.257  0.085    -0.257  0.071    -0.298  0.069    -0.276  0.064
  1920    12    -0.480  0.116    -0.248  0.085    -0.254  0.071    -0.294  0.069    -0.273  0.064
  1921     1    -0.118  0.116    -0.238  0.084    -0.254  0.071    -0.290  0.069    -0.271  0.064
  1921     2    -0.192  0.117    -0.241  0.084    -0.253  0.071    -0.289  0.068    -0.269  0.064
  1921     3    -0.289  0.115    -0.237  0.084    -0.255  0.070    -0.286  0.068    -0.267  0.064
  1921     4    -0.274  0.126    -0.229  0.085    -0.255  0.070    -0.284  0.069    -0.265  0.064
  1921     5    -0.306  0.136    -0.216  0.084    -0.251  0.070    -0.282  0.069    -0.264  0.064
  1921     6    -0.150  0.124    -0.185  0.085    -0.246  0.070    -0.281  0.069    -0.262  0.064
  1921     7    -0.150  0.158    -0.198  0.084    -0.247  0.070    -0.280  0.069    -0.260  0.064
  1921     8    -0.282  0.168    -0.214  0.082    -0.247  0.070    -0.278  0.069    -0.258  0.064
  1921     9    -0.167  0.136    -0.200  0.081    -0.244  0.070    -0.275  0.069    -0.256  0.064
  1921    10    -0.045  0.123    -0.187  0.081    -0.246  0.070    -0.272  0.069    -0.255  0.065
  1921    11    -0.136  0.111    -0.192  0.080    -0.245  0.070    -0.268  0.068    -0.253  0.065
  1921    12    -0.112  0.119    -0.201  0.080    -0.243  0.070    -0.263  0.069    -0.252  0.065
  1922     1    -0.270  0.115    -0.208  0.080    -0.242  0.070    -0.259  0.068    -0.251  0.065
  1922     2    -0.386  0.103    -0.215  0.080    -0.243  0.070    -0.255  0.068    -0.251  0.065
  1922     3    -0.128  0.105    -0.232  0.080    -0.242  0.070    -0.253  0.068    -0.249  0.065
  1922     4    -0.116  0.122    -0.257  0.080    -0.243  0.070    -0.250  0.068    -0.248  0.065
  1922     5    -0.362  0.133    -0.267  0.080    -0.237  0.070    -0.247  0.068    -0.248  0.065
  1922     6    -0.264  0.117    -0.271  0.080    -0.236  0.070    -0.245  0.068    -0.248  0.065
  1922     7    -0.226  0.159    -0.272  0.079    -0.240  0.070    -0.244  0.068    -0.246  0.065
  1922     8    -0.366  0.166    -0.273  0.080    -0.242  0.070    -0.243  0.068    -0.245  0.065
  1922     9    -0.370  0.137    -0.292  0.080    -0.245  0.070    -0.241  0.068    -0.242  0.065
  1922    10    -0.349  0.121    -0.306  0.080    -0.246  0.070    -0.236  0.068    -0.239  0.065
  1922    11    -0.253  0.114    -0.299  0.080    -0.245  0.070    -0.233  0.068    -0.239  0.065
  1922    12    -0.164  0.108    -0.295  0.081    -0.245  0.070    -0.229  0.068    -0.237  0.065
  1923     1    -0.284  0.106    -0.307  0.080    -0.245  0.070    -0.224  0.068    -0.236  0.065
  1923     2    -0.392  0.107    -0.304  0.080    -0.244  0.070    -0.220  0.068    -0.235  0.065
  1923     3    -0.362  0.104    -0.301  0.080    -0.244  0.070    -0.218  0.068    -0.235  0.065
  1923     4    -0.278  0.128    -0.275  0.080    -0.244  0.070    -0.215  0.068    -0.234  0.065
  1923     5    -0.283  0.135    -0.251  0.080    -0.239  0.070    -0.214  0.068    -0.234  0.065
  1923     6    -0.216  0.122    -0.236  0.080    -0.228  0.070    -0.214  0.068    -0.234  0.065
  1923     7    -0.370  0.158    -0.234  0.080    -0.222  0.070    -0.212  0.068    -0.233  0.066
  1923     8    -0.322  0.163    -0.221  0.081    -0.219  0.070    -0.211  0.068    -0.232  0.066
  1923     9    -0.345  0.135    -0.195  0.081    -0.212  0.070    -0.211  0.068    -0.232  0.066
  1923    10    -0.033  0.114    -0.193  0.081    -0.209  0.069    -0.212  0.068    -0.231  0.066
  1923    11     0.033  0.119    -0.182  0.082    -0.207  0.069    -0.212  0.068    -0.232  0.066
  1923    12     0.015  0.110    -0.184  0.082    -0.208  0.069    -0.210  0.068    -0.233  0.066
  1924     1    -0.252  0.111    -0.174  0.082    -0.209  0.069    -0.212  0.068    -0.235  0.066
  1924     2    -0.236  0.106    -0.173  0.082    -0.206  0.069    -0.215  0.068    -0.234  0.066
  1924     3    -0.050  0.108    -0.172  0.082    -0.206  0.069    -0.216  0.068    -0.234  0.066
  1924     4    -0.261  0.121    -0.196  0.082    -0.205  0.069    -0.218  0.068    -0.234  0.066
  1924     5    -0.152  0.138    -0.217  0.082    -0.203  0.069    -0.220  0.068    -0.234  0.066
  1924     6    -0.229  0.121    -0.247  0.082    -0.205  0.069    -0.221  0.068    -0.234  0.066
  1924     7    -0.255  0.156    -0.261  0.082    -0.204  0.069    -0.222  0.068    -0.233  0.066
  1924     8    -0.315  0.165    -0.278  0.082    -0.201  0.069    -0.222  0.068    -0.233  0.066
  1924     9    -0.333  0.143    -0.295  0.081    -0.205  0.069    -0.221  0.068    -0.232  0.066
  1924    10    -0.321  0.115    -0.293  0.081    -0.207  0.069    -0.220  0.068    -0.232  0.066
  1924    11    -0.216  0.116    -0.294  0.081    -0.204  0.070    -0.216  0.068    -0.231  0.066
  1924    12    -0.347  0.114    -0.297  0.081    -0.204  0.070    -0.217  0.068    -0.231  0.066
  1925     1    -0.414  0.110    -0.299  0.081    -0.203  0.070    -0.217  0.068    -0.232  0.066
  1925     2    -0.449  0.106    -0.287  0.081    -0.200  0.070    -0.217  0.068    -0.231  0.066
  1925     3    -0.250  0.097    -0.277  0.081    -0.196  0.070    -0.217  0.068    -0.232  0.066
  1925     4    -0.237  0.119    -0.262  0.081    -0.189  0.070    -0.217  0.068    -0.233  0.066
  1925     5    -0.165  0.136    -0.245  0.081    -0.186  0.069    -0.217  0.068    -0.235  0.066
  1925     6    -0.265  0.122    -0.202  0.081    -0.187  0.069    -0.217  0.068    -0.235  0.066
  1925     7    -0.281  0.157    -0.148  0.080    -0.181  0.069    -0.216  0.068    -0.235  0.066
  1925     8    -0.159  0.166    -0.111  0.080    -0.175  0.070    -0.215  0.068    -0.235  0.066
  1925     9    -0.214  0.138    -0.079  0.080    -0.172  0.070    -0.214  0.068    -0.235  0.066
  1925    10    -0.142  0.115    -0.065  0.080    -0.171  0.070    -0.213  0.068    -0.234  0.066
  1925    11    -0.021  0.114    -0.068  0.079    -0.171  0.070    -0.210  0.068    -0.235  0.066
  1925    12     0.171  0.109    -0.062  0.078    -0.173  0.070    -0.206  0.068    -0.235  0.066
  1926     1     0.237  0.105    -0.058  0.079    -0.171  0.070    -0.205  0.068    -0.236  0.066
  1926     2    -0.003  0.104    -0.054  0.079    -0.169  0.070    -0.206  0.068    -0.236  0.066
  1926     3     0.136  0.101    -0.046  0.079    -0.168  0.070    -0.204  0.068    -0.236  0.066
  1926     4    -0.076  0.121    -0.033  0.079    -0.170  0.070    -0.203  0.068    -0.236  0.066
  1926     5    -0.194  0.135    -0.035  0.079    -0.173  0.069    -0.202  0.068    -0.235  0.066
  1926     6    -0.199  0.126    -0.068  0.079    -0.175  0.069    -0.201  0.068    -0.234  0.066
  1926     7    -0.228  0.158    -0.107  0.079    -0.178  0.069    -0.200  0.068    -0.233  0.066
  1926     8    -0.118  0.168    -0.121  0.079    -0.183  0.069    -0.198  0.068    -0.232  0.066
  1926     9    -0.111  0.134    -0.163  0.078    -0.188  0.069    -0.197  0.068    -0.231  0.066
  1926    10     0.015  0.115    -0.176  0.078    -0.190  0.069    -0.196  0.068    -0.229  0.066
  1926    11    -0.054  0.111    -0.175  0.078    -0.195  0.069    -0.195  0.068    -0.227  0.066
  1926    12    -0.216  0.113    -0.180  0.079    -0.198  0.069    -0.194  0.068    -0.224  0.066
  1927     1    -0.236  0.103    -0.178  0.079    -0.201  0.069    -0.191  0.068    -0.221  0.066
  1927     2    -0.169  0.104    -0.182  0.078    -0.201  0.069    -0.189  0.068    -0.218  0.066
  1927     3    -0.375  0.113    -0.184  0.078    -0.200  0.069    -0.189  0.068    -0.216  0.066
  1927     4    -0.231  0.123    -0.180  0.079    -0.196  0.069    -0.187  0.068    -0.214  0.066
  1927     5    -0.173  0.134    -0.181  0.079    -0.195  0.069    -0.185  0.069    -0.212  0.066
  1927     6    -0.263  0.129    -0.184  0.079    -0.198  0.069    -0.185  0.069    -0.210  0.066
  1927     7    -0.203  0.158    -0.154  0.079    -0.194  0.069    -0.184  0.069    -0.208  0.066
  1927     8    -0.174  0.163    -0.142  0.080    -0.191  0.069    -0.183  0.069    -0.207  0.066
  1927     9    -0.124  0.136    -0.129  0.080    -0.189  0.069    -0.180  0.069    -0.205  0.066
  1927    10     0.060  0.116    -0.125  0.081    -0.188  0.069    -0.177  0.069    -0.202  0.066
  1927    11    -0.066  0.106    -0.135  0.081    -0.189  0.069    -0.178  0.068    -0.200  0.066
  1927    12    -0.252  0.107    -0.144  0.080    -0.188  0.069    -0.178  0.068    -0.197  0.066
  1928     1     0.115  0.107    -0.144  0.080    -0.186  0.070    -0.177  0.068    -0.194  0.066
  1928     2    -0.019  0.108    -0.149  0.080    -0.185  0.070    -0.176  0.068    -0.192  0.066
  1928     3    -0.216  0.109    -0.161  0.080    -0.184  0.070    -0.176  0.068    -0.190  0.066
  1928     4    -0.187  0.124    -0.178  0.080    -0.183  0.070    -0.176  0.068    -0.187  0.066
  1928     5    -0.291  0.134    -0.184  0.080    -0.180  0.070    -0.176  0.068    -0.186  0.066
  1928     6    -0.376  0.123    -0.175  0.080    -0.183  0.070    -0.177  0.068    -0.185  0.066
  1928     7    -0.201  0.159    -0.219  0.080    -0.188  0.070    -0.177  0.068    -0.184  0.066
  1928     8    -0.232  0.162    -0.261  0.080    -0.192  0.070    -0.176  0.068    -0.182  0.066
  1928     9    -0.269  0.137    -0.276  0.080    -0.196  0.070    -0.176  0.068    -0.181  0.066
  1928    10    -0.148  0.113    -0.292  0.080    -0.197  0.070    -0.177  0.068    -0.180  0.066
  1928    11    -0.136  0.119    -0.303  0.080    -0.197  0.070    -0.181  0.068    -0.179  0.066
  1928    12    -0.141  0.106    -0.307  0.080    -0.194  0.071    -0.184  0.068    -0.178  0.066
  1929     1    -0.407  0.108    -0.327  0.079    -0.191  0.071    -0.184  0.068    -0.177  0.066
  1929     2    -0.528  0.104    -0.332  0.080    -0.189  0.071    -0.183  0.068    -0.177  0.066
  1929     3    -0.399  0.102    -0.332  0.080    -0.188  0.071    -0.186  0.068    -0.177  0.066
  1929     4    -0.371  0.121    -0.330  0.080    -0.187  0.071    -0.186  0.068    -0.176  0.065
  1929     5    -0.427  0.138    -0.330  0.080    -0.187  0.071    -0.186  0.068    -0.175  0.065
  1929     6    -0.427  0.120    -0.359  0.079    -0.183  0.071    -0.186  0.068    -0.174  0.065
  1929     7    -0.438  0.157    -0.343  0.079    -0.177  0.071    -0.185  0.068    -0.172  0.065
  1929     8    -0.290  0.163    -0.322  0.079    -0.177  0.071    -0.183  0.068    -0.171  0.065
  1929     9    -0.266  0.138    -0.298  0.079    -0.173  0.071    -0.182  0.068    -0.170  0.065
  1929    10    -0.128  0.115    -0.284  0.080    -0.168  0.071    -0.180  0.068    -0.169  0.065
  1929    11    -0.139  0.110    -0.266  0.080    -0.166  0.071    -0.178  0.068    -0.167  0.065
  1929    12    -0.489  0.112    -0.247  0.080    -0.165  0.071    -0.175  0.068    -0.163  0.065
  1930     1    -0.216  0.104    -0.223  0.081    -0.165  0.071    -0.175  0.068    -0.162  0.065
  1930     2    -0.278  0.109    -0.209  0.082    -0.165  0.071    -0.170  0.068    -0.161  0.065
  1930     3    -0.112  0.106    -0.198  0.082    -0.163  0.071    -0.169  0.068    -0.160  0.065
  1930     4    -0.197  0.126    -0.192  0.083    -0.165  0.071    -0.170  0.068    -0.159  0.065
  1930     5    -0.212  0.132    -0.170  0.083    -0.169  0.071    -0.171  0.068    -0.158  0.065
  1930     6    -0.205  0.128    -0.129  0.084    -0.168  0.071    -0.171  0.068    -0.156  0.065
  1930     7    -0.146  0.162    -0.119  0.085    -0.174  0.071    -0.170  0.068    -0.155  0.065
  1930     8    -0.119  0.167    -0.114  0.084    -0.178  0.071    -0.171  0.068    -0.153  0.065
  1930     9    -0.130  0.141    -0.111  0.085    -0.180  0.071    -0.171  0.068    -0.152  0.065
  1930    10    -0.060  0.117    -0.108  0.085    -0.181  0.071    -0.170  0.068    -0.151  0.065
  1930    11     0.126  0.114    -0.106  0.085    -0.181  0.071    -0.173  0.068    -0.150  0.065
  1930    12    -0.001  0.112    -0.093  0.084    -0.181  0.071    -0.176  0.068    -0.148  0.064
  1931     1    -0.092  0.106    -0.082  0.084    -0.183  0.071    -0.181  0.068    -0.147  0.064
  1931     2    -0.215  0.105    -0.073  0.083    -0.182  0.071    -0.184  0.068    -0.146  0.064
  1931     3    -0.079  0.107    -0.066  0.083    -0.184  0.071    -0.187  0.068    -0.145  0.064
  1931     4    -0.160  0.128    -0.054  0.083    -0.185  0.071    -0.188  0.068    -0.144  0.064
  1931     5    -0.189  0.132    -0.068  0.084    -0.189  0.071    -0.188  0.068    -0.142  0.064
  1931     6    -0.056  0.123    -0.068  0.083    -0.193  0.071    -0.188  0.068    -0.142  0.064
  1931     7    -0.011  0.157    -0.051  0.084    -0.191  0.071    -0.186  0.068    -0.140  0.064
  1931     8    -0.006  0.164    -0.047  0.084    -0.184  0.070    -0.186  0.067    -0.139  0.063
  1931     9    -0.050  0.136    -0.049  0.083    -0.183  0.070    -0.186  0.067    -0.139  0.063
  1931    10     0.079  0.120    -0.031  0.083    -0.182  0.070    -0.186  0.067    -0.138  0.063
  1931    11    -0.040  0.116    -0.021  0.082    -0.178  0.070    -0.186  0.067    -0.138  0.063
  1931    12     0.003  0.109    -0.035  0.082    -0.173  0.070    -0.184  0.067    -0.137  0.063
  1932     1     0.115  0.111    -0.048  0.082    -0.169  0.071    -0.183  0.067    -0.134  0.063
  1932     2    -0.170  0.103    -0.064  0.082    -0.166  0.071    -0.181  0.067    -0.132  0.063
  1932     3    -0.102  0.112    -0.061  0.082    -0.165  0.071    -0.179  0.067    -0.132  0.063
  1932     4     0.048  0.122    -0.071  0.081    -0.163  0.071    -0.178  0.067    -0.131  0.063
  1932     5    -0.065  0.136    -0.093  0.080    -0.160  0.071    -0.177  0.067    -0.129  0.063
  1932     6    -0.219  0.121    -0.108  0.080    -0.153  0.071    -0.174  0.067    -0.128  0.063
  1932     7    -0.174  0.159    -0.138  0.079    -0.155  0.071    -0.173  0.067    -0.127  0.063
  1932     8    -0.201  0.162    -0.146  0.079    -0.149  0.071    -0.171  0.067    -0.126  0.063
  1932     9    -0.004  0.132    -0.164  0.078    -0.150  0.071    -0.169  0.067    -0.125  0.063
  1932    10    -0.041  0.110    -0.191  0.078    -0.152  0.070    -0.168  0.067    -0.123  0.063
  1932    11    -0.312  0.107    -0.210  0.078    -0.154  0.070    -0.167  0.067    -0.122  0.063
  1932    12    -0.176  0.103    -0.224  0.079    -0.154  0.070    -0.165  0.067    -0.121  0.063
  1933     1    -0.244  0.106    -0.233  0.079    -0.155  0.070    -0.165  0.067    -0.120  0.064
  1933     2    -0.269  0.098    -0.233  0.079    -0.157  0.070    -0.164  0.067    -0.118  0.064
  1933     3    -0.311  0.104    -0.262  0.079    -0.158  0.070    -0.162  0.067    -0.116  0.064
  1933     4    -0.274  0.124    -0.278  0.079    -0.158  0.070    -0.160  0.067    -0.115  0.064
  1933     5    -0.303  0.134    -0.284  0.078    -0.167  0.070    -0.158  0.067    -0.113  0.064
  1933     6    -0.384  0.125    -0.303  0.078    -0.170  0.070    -0.156  0.067    -0.112  0.064
  1933     7    -0.282  0.160    -0.304  0.078    -0.173  0.069    -0.155  0.067    -0.110  0.064
  1933     8    -0.203  0.162    -0.288  0.078    -0.175  0.069    -0.153  0.067    -0.109  0.064
  1933     9    -0.349  0.136    -0.294  0.078    -0.179  0.069    -0.151  0.067    -0.107  0.064
  1933    10    -0.231  0.113    -0.298  0.077    -0.179  0.069    -0.148  0.067    -0.106  0.065
  1933    11    -0.378  0.105    -0.285  0.077    -0.179  0.069    -0.146  0.067    -0.105  0.065
  1933    12    -0.410  0.111    -0.267  0.077    -0.181  0.069    -0.146  0.067    -0.104  0.065
  1934     1    -0.250  0.098    -0.256  0.077    -0.182  0.069    -0.143  0.067    -0.101  0.065
  1934     2    -0.085  0.099    -0.251  0.077    -0.184  0.068    -0.139  0.067    -0.099  0.065
  1934     3    -0.373  0.098    -0.237  0.077    -0.185  0.068    -0.137  0.067    -0.098  0.065
  1934     4    -0.333  0.120    -0.222  0.078    -0.186  0.068    -0.134  0.067    -0.096  0.066
  1934     5    -0.147  0.132    -0.186  0.079    -0.186  0.068    -0.130  0.067    -0.095  0.066
  1934     6    -0.163  0.124    -0.154  0.079    -0.186  0.068    -0.126  0.067    -0.094  0.066
  1934     7    -0.150  0.160    -0.163  0.079    -0.188  0.067    -0.123  0.067    -0.092  0.066
  1934     8    -0.144  0.164    -0.150  0.079    -0.184  0.067    -0.121  0.067    -0.090  0.066
  1934     9    -0.186  0.135    -0.131  0.080    -0.185  0.067    -0.119  0.067    -0.087  0.067
  1934    10    -0.040  0.122    -0.130  0.080    -0.188  0.067    -0.118  0.067    -0.085  0.067
  1934    11     0.053  0.106    -0.146  0.080    -0.187  0.068    -0.118  0.067    -0.084  0.067
  1934    12    -0.033  0.103    -0.151  0.079    -0.183  0.068    -0.110  0.066    -0.082  0.068
  1935     1    -0.357  0.103    -0.155  0.079    -0.180  0.068    -0.108  0.066    -0.079  0.068
  1935     2     0.077  0.103    -0.162  0.079    -0.176  0.068    -0.104  0.066    -0.078  0.068
  1935     3    -0.156  0.101    -0.166  0.079    -0.174  0.068    -0.103  0.066    -0.076  0.068
  1935     4    -0.317  0.121    -0.166  0.079    -0.171  0.068    -0.100  0.066    -0.074  0.069
  1935     5    -0.333  0.132    -0.203  0.079    -0.164  0.068    -0.098  0.066    -0.074  0.069
  1935     6    -0.223  0.122    -0.215  0.078    -0.162  0.068    -0.096  0.066    -0.073  0.069
  1935     7    -0.204  0.160    -0.210  0.077    -0.156  0.068    -0.094  0.066    -0.071  0.070
  1935     8    -0.223  0.161    -0.245  0.077    -0.151  0.068    -0.092  0.066    -0.070  0.070
  1935     9    -0.235  0.135    -0.257  0.077    -0.144  0.068    -0.091  0.066    -0.068  0.070
  1935    10    -0.038  0.114    -0.246  0.077    -0.139  0.068    -0.090  0.066    -0.067  0.071
  1935    11    -0.390  0.107    -0.232  0.077    -0.135  0.068    -0.091  0.066    -0.067  0.071
  1935    12    -0.185  0.102    -0.226  0.076    -0.131  0.068    -0.089  0.066    -0.068  0.071
  1936     1    -0.296  0.097    -0.216  0.076    -0.127  0.068    -0.089  0.065    -0.069  0.071
  1936     2    -0.335  0.099    -0.207  0.075    -0.124  0.068    -0.086  0.065    -0.069  0.071
  1936     3    -0.310  0.094    -0.198  0.075    -0.118  0.068    -0.086  0.065    -0.069  0.071
  1936     4    -0.179  0.120    -0.192  0.075    -0.110  0.068    -0.085  0.064    -0.069  0.071
  1936     5    -0.167  0.131    -0.165  0.074    -0.103  0.068    -0.083  0.064    -0.068  0.071
  1936     6    -0.155  0.121    -0.147  0.074    -0.098  0.068    -0.082  0.064    -0.068  0.071
  1936     7    -0.078  0.155    -0.127  0.074    -0.094  0.068    -0.081  0.064    -0.067  0.071
  1936     8    -0.117  0.159    -0.093  0.074    -0.094  0.068    -0.081  0.064    -0.068  0.071
  1936     9    -0.131  0.131    -0.080  0.075    -0.091  0.068    -0.082  0.064    -0.068  0.071
  1936    10     0.042  0.109    -0.073  0.075    -0.086  0.068    -0.081  0.064    -0.068  0.071
  1936    11    -0.074  0.103    -0.062  0.075    -0.082  0.068    -0.081  0.064    -0.068  0.071
  1936    12     0.036  0.101    -0.048  0.076    -0.079  0.068    -0.079  0.064    -0.068  0.071
  1937     1    -0.055  0.107    -0.040  0.076    -0.077  0.068    -0.077  0.064    -0.067  0.071
  1937     2     0.072  0.099    -0.027  0.077    -0.075  0.067    -0.076  0.064    -0.066  0.071
  1937     3    -0.154  0.106    -0.006  0.078    -0.073  0.067    -0.074  0.065    -0.064  0.071
  1937     4    -0.096  0.122     0.002  0.079    -0.074  0.068    -0.075  0.065    -0.063  0.071
  1937     5    -0.040  0.134     0.015  0.080    -0.075  0.068    -0.073  0.065    -0.062  0.071
  1937     6     0.017  0.122     0.010  0.081    -0.068  0.067    -0.071  0.066    -0.062  0.071
  1937     7     0.018  0.156     0.022  0.081    -0.061  0.067    -0.070  0.066    -0.061  0.071
  1937     8     0.040  0.161     0.022  0.080    -0.060  0.067    -0.069  0.067    -0.061  0.071
  1937     9     0.118  0.142     0.042  0.079    -0.056  0.067    -0.070  0.067    -0.061  0.071
  1937    10     0.145  0.118     0.055  0.079    -0.049  0.067    -0.069  0.068    -0.060  0.071
  1937    11     0.075  0.110     0.050  0.079    -0.042  0.067    -0.066  0.068    -0.060  0.071
  1937    12    -0.019  0.106     0.038  0.078    -0.038  0.067    -0.064  0.069    -0.059  0.071
  1938     1     0.084  0.103     0.031  0.078    -0.033  0.067    -0.062  0.069    -0.059  0.071
  1938     2     0.080  0.097     0.025  0.078    -0.028  0.067    -0.059  0.070    -0.060  0.071
  1938     3     0.083  0.099     0.019  0.077    -0.023  0.068    -0.057  0.071    -0.060  0.071
  1938     4     0.057  0.124     0.025  0.077    -0.021  0.068    -0.053  0.071    -0.059  0.071
  1938     5    -0.095  0.133     0.024  0.077    -0.016  0.068    -0.050  0.072    -0.058  0.071
  1938     6    -0.131  0.118     0.017  0.076    -0.009  0.068    -0.047  0.073    -0.056  0.071
  1938     7    -0.071  0.154     0.008  0.076    -0.004  0.068    -0.044  0.073    -0.056  0.072
  1938     8    -0.023  0.160    -0.006  0.077     0.003  0.067    -0.042  0.074    -0.055  0.072
  1938     9     0.043  0.136    -0.030  0.077     0.008  0.067    -0.039  0.075    -0.055  0.072
  1938    10     0.213  0.112    -0.035  0.077     0.010  0.067    -0.034  0.076    -0.054  0.072
  1938    11     0.070  0.106    -0.021  0.076     0.013  0.067    -0.030  0.077    -0.054  0.072
  1938    12    -0.106  0.103    -0.009  0.076     0.017  0.067    -0.024  0.077    -0.055  0.072
  1939     1    -0.028  0.102    -0.006  0.076     0.020  0.068    -0.019  0.078    -0.053  0.072
  1939     2    -0.083  0.100    -0.006  0.077     0.022  0.068    -0.016  0.079    -0.052  0.072
  1939     3    -0.203  0.097    -0.013  0.077     0.020  0.069    -0.011  0.080    -0.050  0.072
  1939     4    -0.011  0.117    -0.037  0.079     0.023  0.070    -0.006  0.081    -0.049  0.072
  1939     5     0.076  0.131    -0.048  0.080     0.024  0.071    -0.004  0.082    -0.048  0.072
  1939     6     0.018  0.125    -0.004  0.081     0.027  0.072    -0.001  0.083    -0.047  0.072
  1939     7    -0.045  0.157     0.005  0.082     0.034  0.073     0.001  0.084    -0.046  0.072
  1939     8    -0.023  0.165     0.021  0.083     0.033  0.075     0.004  0.085    -0.045  0.072
  1939     9    -0.040  0.144     0.045  0.084     0.037  0.076     0.008  0.086    -0.045  0.072
  1939    10    -0.073  0.133     0.057  0.086     0.038  0.077     0.010  0.087    -0.044  0.072
  1939    11    -0.061  0.122     0.054  0.088     0.040  0.079     0.010  0.088    -0.044  0.072
  1939    12     0.429  0.119     0.054  0.089     0.041  0.081     0.012  0.089    -0.042  0.072
  1940     1     0.074  0.108     0.068  0.091     0.040  0.082     0.016  0.090    -0.043  0.072
  1940     2     0.114  0.111     0.075  0.092     0.038  0.084     0.015  0.091    -0.043  0.072
  1940     3     0.082  0.106     0.085  0.092     0.035  0.086     0.017  0.092    -0.043  0.072
  1940     4     0.130  0.131     0.095  0.092     0.033  0.088     0.021  0.094    -0.043  0.072
  1940     5     0.040  0.141     0.095  0.092     0.032  0.090     0.024  0.095    -0.042  0.072
  1940     6     0.022  0.128     0.077  0.092     0.034  0.092     0.026  0.096    -0.041  0.072
  1940     7     0.125  0.166     0.071  0.090     0.032  0.094     0.028  0.097    -0.041  0.072
  1940     8     0.062  0.171     0.072  0.091     0.033  0.096     0.031  0.098    -0.041  0.072
  1940     9     0.072  0.147     0.061  0.094     0.030  0.099     0.034  0.099    -0.041  0.072
  1940    10     0.049  0.129     0.048  0.099     0.032  0.101     0.036  0.100    -0.042  0.072
  1940    11    -0.056  0.122     0.046  0.106     0.035  0.103     0.040  0.102    -0.044  0.072
  1940    12     0.216  0.118     0.048  0.115     0.036  0.105     0.041  0.103    -0.045  0.072
  1941     1    -0.005  0.199     0.048  0.126     0.039  0.108     0.044  0.103    -0.046  0.072
  1941     2     0.133  0.201     0.042  0.137     0.041  0.110     0.046  0.103    -0.046  0.072
  1941     3    -0.060  0.200     0.018  0.149     0.041  0.113     0.049  0.103    -0.047  0.072
  1941     4    -0.024  0.214     0.033  0.162     0.042  0.115     0.051  0.103    -0.046  0.072
  1941     5     0.018  0.218     0.035  0.175     0.044  0.118     0.052  0.103    -0.045  0.072
  1941     6     0.051  0.206     0.034  0.189     0.050  0.120     0.051  0.103    -0.044  0.072
  1941     7     0.120  0.228     0.063  0.189     0.057  0.123     0.051  0.103    -0.044  0.072
  1941     8    -0.014  0.235     0.053  0.189     0.063  0.125     0.051  0.104    -0.043  0.072
  1941     9    -0.207  0.218     0.065  0.190     0.070  0.128     0.051  0.104    -0.042  0.072
  1941    10     0.219  0.206     0.068  0.189     0.073  0.131     0.051  0.104    -0.042  0.072
  1941    11    -0.024  0.207     0.073  0.189     0.075  0.133     0.051  0.104    -0.041  0.072
  1941    12     0.198  0.206     0.072  0.190     0.076  0.136     0.048  0.104    -0.041  0.072
  1942     1     0.349  0.202     0.059  0.190     0.080  0.138     0.049  0.104    -0.040  0.072
  1942     2     0.010  0.205     0.054  0.190     0.084  0.141     0.048  0.104    -0.039  0.072
  1942     3     0.083  0.202     0.065  0.190     0.088  0.144     0.051  0.104    -0.039  0.072
  1942     4     0.012  0.210     0.049  0.191     0.094  0.146     0.052  0.105    -0.039  0.072
  1942     5     0.078  0.220     0.052  0.191     0.096  0.149     0.052  0.105    -0.038  0.072
  1942     6     0.038  0.208     0.044  0.191     0.091  0.152     0.051  0.105    -0.037  0.072
  1942     7    -0.029  0.230     0.012  0.191     0.092  0.154     0.051  0.105    -0.035  0.072
  1942     8    -0.075  0.238     0.022  0.191     0.090  0.157     0.049  0.105    -0.034  0.072
  1942     9    -0.074  0.221     0.011  0.191     0.090  0.160     0.047  0.105    -0.034  0.072
  1942    10     0.021  0.209     0.022  0.191     0.091  0.163     0.047  0.105    -0.033  0.072
  1942    11     0.007  0.205     0.022  0.191     0.091  0.165     0.047  0.106    -0.032  0.072
  1942    12     0.109  0.206     0.016  0.191     0.090  0.168     0.047  0.106    -0.031  0.072
  1943     1    -0.041  0.205     0.025  0.191     0.088  0.171     0.047  0.106    -0.030  0.072
  1943     2     0.131  0.203     0.041  0.191     0.091  0.174     0.045  0.106    -0.028  0.072
  1943     3    -0.041  0.203     0.049  0.190     0.091  0.176     0.042  0.106    -0.026  0.072
  1943     4     0.134  0.213     0.073  0.190     0.094  0.179     0.041  0.106    -0.024  0.072
  1943     5     0.086  0.218     0.085  0.190     0.095  0.182     0.042  0.107    -0.021  0.072
  1943     6    -0.031  0.208     0.099  0.190     0.090  0.184     0.044  0.107    -0.019  0.072
  1943     7     0.081  0.230     0.134  0.190     0.091  0.182     0.043  0.107    -0.017  0.072
  1943     8     0.106  0.230     0.144  0.190     0.088  0.179     0.043  0.107    -0.015  0.072
  1943     9     0.024  0.212     0.169  0.190     0.090  0.176     0.041  0.107    -0.014  0.072
  1943    10     0.310  0.205     0.173  0.190     0.092  0.173     0.039  0.108    -0.012  0.072
  1943    11     0.156  0.205     0.179  0.190     0.090  0.171     0.037  0.108    -0.011  0.072
  1943    12     0.269  0.205     0.191  0.190     0.086  0.168     0.035  0.108    -0.008  0.072
  1944     1     0.390  0.200     0.199  0.190     0.083  0.165     0.036  0.108    -0.008  0.072
  1944     2     0.248  0.202     0.209  0.190     0.080  0.163     0.035  0.108    -0.008  0.072
  1944     3     0.258  0.200     0.223  0.190     0.082  0.160     0.036  0.109    -0.007  0.072
  1944     4     0.175  0.211     0.221  0.191     0.078  0.158     0.036  0.109    -0.005  0.072
  1944     5     0.169  0.215     0.214  0.191     0.077  0.155     0.034  0.109    -0.005  0.072
  1944     6     0.111  0.211     0.202  0.191     0.069  0.153     0.032  0.109    -0.004  0.072
  1944     7     0.178  0.226     0.179  0.192     0.063  0.150     0.031  0.109    -0.004  0.072
  1944     8     0.226  0.233     0.157  0.192     0.064  0.147     0.031  0.109    -0.004  0.072
  1944     9     0.187  0.213     0.142  0.192     0.064  0.145     0.029  0.110    -0.003  0.072
  1944    10     0.282  0.208     0.146  0.192     0.066  0.143     0.030  0.110    -0.003  0.072
  1944    11     0.069  0.208     0.133  0.192     0.063  0.140     0.029  0.110    -0.002  0.072
  1944    12     0.131  0.209     0.124  0.193     0.062  0.138     0.025  0.110    -0.003  0.072
  1945     1     0.109  0.206     0.108  0.193     0.061  0.136     0.023  0.110    -0.000  0.072
  1945     2    -0.016  0.205     0.108  0.193     0.061  0.133     0.019  0.110    -0.001  0.072
  1945     3     0.085  0.204     0.101  0.193     0.060  0.131     0.017  0.110    -0.002  0.072
  1945     4     0.220  0.211     0.096  0.192     0.062  0.129     0.015  0.110    -0.001  0.072
  1945     5     0.013  0.217     0.090  0.191     0.063  0.127     0.014  0.110    -0.000  0.072
  1945     6     0.003  0.214     0.074  0.189     0.060  0.125     0.013  0.110     0.001  0.072
  1945     7    -0.010  0.234     0.069  0.176     0.062  0.123     0.012  0.110     0.001  0.072
  1945     8     0.226  0.239     0.067  0.163     0.057  0.121     0.010  0.109     0.003  0.072
  1945     9     0.101  0.215     0.062  0.151     0.054  0.119     0.008  0.109     0.003  0.072
  1945    10     0.216  0.203     0.050  0.141     0.050  0.118     0.006  0.109     0.003  0.072
  1945    11     0.001  0.197     0.044  0.132     0.050  0.116     0.004  0.109     0.004  0.072
  1945    12    -0.065  0.199     0.027  0.124     0.051  0.114     0.000  0.109     0.004  0.072
  1946     1     0.057  0.152     0.022  0.119     0.048  0.113    -0.002  0.108     0.004  0.072
  1946     2    -0.046  0.147    -0.011  0.116     0.045  0.111    -0.007  0.107     0.005  0.072
  1946     3     0.030  0.143    -0.030  0.116     0.042  0.110    -0.007  0.106     0.006  0.072
  1946     4     0.075  0.154    -0.050  0.119     0.036  0.109    -0.007  0.105     0.005  0.072
  1946     5    -0.061  0.166    -0.056  0.123     0.030  0.107    -0.006  0.104     0.005  0.072
  1946     6    -0.199  0.153    -0.072  0.128     0.021  0.106    -0.006  0.103     0.005  0.072
  1946     7    -0.075  0.183    -0.077  0.127     0.016  0.105    -0.006  0.102     0.005  0.072
  1946     8    -0.167  0.188    -0.071  0.125     0.008  0.104    -0.005  0.101     0.004  0.072
  1946     9    -0.130  0.167    -0.063  0.125     0.003  0.103    -0.002  0.100     0.004  0.072
  1946    10    -0.015  0.155    -0.062  0.125    -0.002  0.102    -0.002  0.099     0.002  0.072
  1946    11    -0.077  0.145    -0.062  0.124    -0.006  0.101    -0.002  0.098     0.002  0.071
  1946    12    -0.256  0.138    -0.050  0.124    -0.012  0.100    -0.002  0.097     0.002  0.071
  1947     1     0.002  0.138    -0.048  0.124    -0.018  0.100    -0.003  0.096     0.002  0.071
  1947     2     0.025  0.133    -0.043  0.124    -0.023  0.099    -0.002  0.095     0.001  0.071
  1947     3     0.128  0.135    -0.042  0.123    -0.029  0.098    -0.003  0.094     0.001  0.071
  1947     4     0.077  0.151    -0.031  0.123    -0.034  0.098    -0.003  0.093     0.002  0.071
  1947     5    -0.054  0.162    -0.019  0.123    -0.038  0.097    -0.003  0.092     0.003  0.071
  1947     6    -0.056  0.154    -0.003  0.123    -0.041  0.097    -0.002  0.091     0.003  0.071
  1947     7    -0.048  0.182     0.003  0.123    -0.046  0.097    -0.001  0.090     0.003  0.071
  1947     8    -0.117  0.182    -0.012  0.123    -0.052  0.096     0.001  0.089     0.004  0.071
  1947     9    -0.112  0.163    -0.041  0.123    -0.055  0.096     0.002  0.088     0.004  0.071
  1947    10     0.118  0.151    -0.055  0.122    -0.062  0.096     0.003  0.088     0.003  0.071
  1947    11     0.061  0.144    -0.046  0.122    -0.063  0.096     0.002  0.087     0.003  0.071
  1947    12    -0.063  0.140    -0.039  0.121    -0.064  0.096     0.002  0.086     0.004  0.071
  1948     1     0.080  0.133    -0.044  0.121    -0.064  0.097     0.003  0.085     0.005  0.071
  1948     2    -0.160  0.133    -0.039  0.120    -0.071  0.097     0.003  0.084     0.006  0.071
  1948     3    -0.217  0.136    -0.043  0.119    -0.076  0.098     0.005  0.083     0.006  0.071
  1948     4    -0.089  0.146    -0.056  0.119    -0.082  0.098     0.006  0.083     0.006  0.071
  1948     5     0.049  0.153    -0.077  0.118    -0.088  0.098     0.008  0.082     0.006  0.071
  1948     6     0.031  0.149    -0.097  0.118    -0.090  0.099     0.010  0.081     0.006  0.071
  1948     7    -0.109  0.169    -0.096  0.116    -0.096  0.098     0.010  0.081     0.007  0.071
  1948     8    -0.060  0.169    -0.099  0.115    -0.102  0.097     0.011  0.080     0.006  0.071
  1948     9    -0.157  0.148    -0.087  0.113    -0.105  0.096     0.011  0.080     0.006  0.071
  1948    10    -0.035  0.142    -0.088  0.112    -0.106  0.095     0.010  0.079     0.005  0.071
  1948    11    -0.198  0.139    -0.099  0.110    -0.103  0.094     0.008  0.079     0.005  0.071
  1948    12    -0.297  0.132    -0.121  0.108    -0.098  0.093     0.007  0.078     0.006  0.071
  1949     1     0.089  0.119    -0.127  0.107    -0.096  0.092     0.002  0.077     0.006  0.071
  1949     2    -0.193  0.117    -0.131  0.105    -0.090  0.091    -0.000  0.077     0.007  0.071
  1949     3    -0.078  0.115    -0.131  0.104    -0.086  0.090    -0.003  0.076     0.008  0.071
  1949     4    -0.096  0.128    -0.131  0.102    -0.082  0.089    -0.004  0.076     0.009  0.071
  1949     5    -0.080  0.141    -0.126  0.099    -0.081  0.088    -0.006  0.076     0.009  0.071
  1949     6    -0.245  0.134    -0.106  0.097    -0.073  0.087    -0.007  0.075     0.010  0.071
  1949     7    -0.173  0.158    -0.132  0.096    -0.070  0.086    -0.010  0.075     0.010  0.071
  1949     8    -0.108  0.159    -0.144  0.094    -0.068  0.085    -0.012  0.075     0.010  0.071
  1949     9    -0.165  0.135    -0.147  0.093    -0.071  0.084    -0.014  0.074     0.010  0.071
  1949    10    -0.026  0.116    -0.156  0.092    -0.071  0.083    -0.016  0.074     0.010  0.070
  1949    11    -0.138  0.109    -0.155  0.091    -0.069  0.083    -0.015  0.074     0.010  0.070
  1949    12    -0.061  0.106    -0.136  0.089    -0.066  0.082    -0.017  0.073     0.008  0.070
  1950     1    -0.225  0.101    -0.124  0.088    -0.063  0.081    -0.016  0.073     0.008  0.070
  1950     2    -0.337  0.101    -0.129  0.087    -0.059  0.080    -0.017  0.073     0.008  0.070
  1950     3    -0.113  0.098    -0.131  0.085    -0.056  0.079    -0.020  0.073     0.006  0.070
  1950     4    -0.200  0.114    -0.143  0.084    -0.056  0.078    -0.023  0.073     0.005  0.070
  1950     5    -0.069  0.121    -0.160  0.083    -0.059  0.077    -0.024  0.073     0.004  0.070
  1950     6    -0.019  0.115    -0.170  0.082    -0.056  0.076    -0.025  0.073     0.004  0.070
  1950     7    -0.025  0.136    -0.179  0.081    -0.056  0.075    -0.025  0.073     0.004  0.070
  1950     8    -0.170  0.125    -0.183  0.080    -0.050  0.075    -0.026  0.073     0.004  0.070
  1950     9    -0.194  0.114    -0.185  0.079    -0.045  0.074    -0.028  0.073     0.004  0.070
  1950    10    -0.170  0.105    -0.170  0.078    -0.038  0.073    -0.030  0.073     0.004  0.069
  1950    11    -0.339  0.095    -0.154  0.077    -0.035  0.072    -0.032  0.073     0.003  0.069
  1950    12    -0.183  0.095    -0.143  0.076    -0.031  0.072    -0.034  0.073     0.003  0.069
  1951     1    -0.327  0.085    -0.136  0.074    -0.027  0.071    -0.035  0.072     0.003  0.069
  1951     2    -0.392  0.086    -0.107  0.074    -0.023  0.071    -0.036  0.072     0.004  0.068
  1951     3    -0.136  0.086    -0.082  0.073    -0.019  0.070    -0.038  0.071     0.004  0.068
  1951     4    -0.018  0.096    -0.050  0.072    -0.016  0.069    -0.040  0.071     0.005  0.067
  1951     5     0.128  0.109    -0.022  0.071    -0.013  0.069    -0.042  0.070     0.005  0.067
  1951     6     0.108  0.097     0.009  0.071    -0.006  0.068    -0.041  0.070     0.006  0.067
  1951     7     0.059  0.115     0.053  0.070    -0.011  0.067    -0.041  0.070     0.005  0.066
  1951     8     0.187  0.128     0.099  0.070    -0.009  0.067    -0.043  0.069     0.005  0.066
  1951     9     0.098  0.107     0.105  0.071    -0.009  0.067    -0.043  0.069     0.006  0.065
  1951    10     0.211  0.092     0.115  0.071    -0.007  0.066    -0.046  0.068     0.005  0.065
  1951    11     0.007  0.083     0.110  0.072    -0.006  0.066    -0.046  0.068     0.006  0.064
  1951    12     0.187  0.086     0.109  0.072    -0.003  0.066    -0.044  0.067     0.004  0.064
  1952     1     0.193  0.084     0.114  0.073    -0.002  0.066    -0.045  0.067     0.003  0.064
  1952     2     0.164  0.091     0.108  0.073    -0.001  0.065    -0.046  0.067     0.003  0.063
  1952     3    -0.062  0.089     0.110  0.074     0.000  0.065    -0.048  0.066     0.004  0.063
  1952     4     0.099  0.116     0.098  0.074     0.002  0.065    -0.048  0.066     0.004  0.062
  1952     5     0.072  0.131     0.090  0.075     0.007  0.065    -0.046  0.065     0.003  0.062
  1952     6     0.096  0.116     0.082  0.075     0.007  0.064    -0.044  0.065     0.003  0.062
  1952     7     0.119  0.150     0.074  0.076     0.014  0.064    -0.044  0.065     0.003  0.061
  1952     8     0.116  0.149     0.077  0.076     0.018  0.064    -0.042  0.064     0.003  0.061
  1952     9     0.121  0.124     0.090  0.077     0.015  0.064    -0.040  0.064     0.003  0.060
  1952    10     0.069  0.102     0.109  0.076     0.017  0.064    -0.041  0.063     0.002  0.060
  1952    11    -0.098  0.099     0.124  0.077     0.015  0.064    -0.041  0.063     0.002  0.060
  1952    12     0.091  0.097     0.137  0.077     0.014  0.064    -0.039  0.063     0.002  0.059
  1953     1     0.098  0.090     0.138  0.077     0.013  0.064    -0.037  0.062     0.002  0.059
  1953     2     0.197  0.095     0.141  0.077     0.018  0.064    -0.034  0.062     0.002  0.059
  1953     3     0.104  0.094     0.140  0.078     0.019  0.064    -0.031  0.062     0.001  0.058
  1953     4     0.319  0.114     0.144  0.078     0.022  0.064    -0.030  0.061     0.000  0.058
  1953     5     0.257  0.130     0.152  0.078     0.023  0.064    -0.030  0.061    -0.000  0.058
  1953     6     0.252  0.123     0.156  0.079     0.022  0.064    -0.031  0.061    -0.000  0.057
  1953     7     0.132  0.148     0.130  0.079     0.027  0.064    -0.030  0.060    -0.000  0.057
  1953     8     0.146  0.151     0.109  0.078     0.031  0.063    -0.030  0.060     0.000  0.057
  1953     9     0.116  0.124     0.093  0.078     0.029  0.063    -0.030  0.060     0.001  0.056
  1953    10     0.119  0.104     0.067  0.078     0.026  0.064    -0.029  0.060     0.000  0.056
  1953    11    -0.010  0.099     0.044  0.078     0.019  0.064    -0.027  0.059     0.000  0.056
  1953    12     0.137  0.097     0.019  0.077     0.015  0.063    -0.024  0.059    -0.001  0.056
  1954     1    -0.204  0.089    -0.001  0.077     0.013  0.064    -0.023  0.059    -0.003  0.055
  1954     2    -0.056  0.094    -0.020  0.076     0.005  0.064    -0.022  0.058    -0.004  0.055
  1954     3    -0.086  0.092    -0.036  0.075    -0.001  0.064    -0.020  0.058    -0.007  0.055
  1954     4     0.004  0.108    -0.038  0.075    -0.009  0.063    -0.017  0.058    -0.009  0.055
  1954     5    -0.022  0.115    -0.024  0.074    -0.012  0.063    -0.016  0.058    -0.011  0.055
  1954     6    -0.042  0.107    -0.041  0.074    -0.015  0.063    -0.013  0.058    -0.011  0.054
  1954     7    -0.119  0.125    -0.006  0.074    -0.020  0.063    -0.011  0.058    -0.012  0.054
  1954     8    -0.077  0.126    -0.012  0.074    -0.024  0.063    -0.010  0.058    -0.015  0.054
  1954     9    -0.076  0.108    -0.026  0.073    -0.024  0.063    -0.010  0.058    -0.017  0.054
  1954    10     0.095  0.095    -0.037  0.073    -0.025  0.063    -0.010  0.058    -0.019  0.054
  1954    11     0.157  0.092    -0.050  0.074    -0.024  0.063    -0.010  0.057    -0.020  0.053
  1954    12    -0.064  0.092    -0.050  0.073    -0.022  0.063    -0.009  0.057    -0.022  0.053
  1955     1     0.217  0.087    -0.049  0.073    -0.025  0.062    -0.007  0.057    -0.023  0.053
  1955     2    -0.129  0.089    -0.032  0.073    -0.025  0.062    -0.004  0.057    -0.023  0.053
  1955     3    -0.261  0.082    -0.039  0.073    -0.025  0.062    -0.005  0.057    -0.024  0.053
  1955     4    -0.124  0.098    -0.046  0.072    -0.025  0.062    -0.005  0.057    -0.026  0.053
  1955     5    -0.174  0.111    -0.079  0.072    -0.022  0.062    -0.005  0.057    -0.026  0.053
  1955     6    -0.050  0.097    -0.093  0.071    -0.021  0.062    -0.005  0.057    -0.027  0.053
  1955     7    -0.100  0.112    -0.117  0.071    -0.017  0.062    -0.005  0.057    -0.027  0.053
  1955     8     0.127  0.112    -0.119  0.070    -0.017  0.061    -0.003  0.056    -0.029  0.053
  1955     9    -0.160  0.095    -0.116  0.070    -0.017  0.061    -0.001  0.056    -0.030  0.052
  1955    10     0.010  0.084    -0.124  0.069    -0.022  0.061     0.001  0.056    -0.031  0.052
  1955    11    -0.243  0.080    -0.131  0.068    -0.025  0.061     0.003  0.056    -0.031  0.052
  1955    12    -0.232  0.079    -0.138  0.068    -0.030  0.060     0.006  0.056    -0.031  0.052
  1956     1    -0.070  0.069    -0.138  0.068    -0.033  0.060     0.009  0.056    -0.032  0.052
  1956     2    -0.152  0.078    -0.174  0.068    -0.036  0.060     0.014  0.056    -0.032  0.052
  1956     3    -0.221  0.070    -0.180  0.068    -0.040  0.060     0.015  0.056    -0.032  0.052
  1956     4    -0.220  0.079    -0.204  0.067    -0.042  0.060     0.017  0.056    -0.032  0.051
  1956     5    -0.262  0.094    -0.198  0.067    -0.041  0.059     0.017  0.055    -0.032  0.051
  1956     6    -0.135  0.080    -0.179  0.066    -0.041  0.059     0.017  0.055    -0.032  0.051
  1956     7    -0.103  0.085    -0.183  0.066    -0.036  0.059     0.017  0.055    -0.031  0.050
  1956     8    -0.303  0.083    -0.174  0.065    -0.034  0.059     0.016  0.055    -0.030  0.050
  1956     9    -0.225  0.075    -0.163  0.065    -0.031  0.059     0.015  0.055    -0.030  0.050
  1956    10    -0.279  0.071    -0.141  0.064    -0.027  0.059     0.013  0.055    -0.030  0.050
  1956    11    -0.174  0.068    -0.108  0.063    -0.025  0.058     0.013  0.054    -0.030  0.050
  1956    12     0.000  0.071    -0.080  0.063    -0.023  0.058     0.011  0.054    -0.029  0.049
  1957     1    -0.120  0.065    -0.074  0.064    -0.021  0.058     0.009  0.054    -0.029  0.049
  1957     2    -0.044  0.069    -0.037  0.063    -0.020  0.058     0.009  0.054    -0.031  0.049
  1957     3    -0.090  0.067    -0.012  0.063    -0.020  0.058     0.011  0.054    -0.031  0.049
  1957     4     0.047  0.072     0.019  0.064    -0.022  0.058     0.010  0.054    -0.031  0.048
  1957     5     0.134  0.078     0.038  0.065    -0.027  0.058     0.009  0.053    -0.030  0.048
  1957     6     0.195  0.075     0.051  0.064    -0.025  0.057     0.008  0.053    -0.030  0.048
  1957     7    -0.028  0.118     0.091  0.064    -0.029  0.057     0.006  0.053    -0.029  0.048
  1957     8     0.140  0.072     0.110  0.063    -0.025  0.057     0.005  0.053    -0.029  0.047
  1957     9     0.077  0.117     0.127  0.063    -0.026  0.057     0.003  0.053    -0.029  0.047
  1957    10     0.096  0.084     0.125  0.064    -0.027  0.057     0.002  0.052    -0.029  0.047
  1957    11     0.054  0.085     0.120  0.065    -0.025  0.056     0.003  0.052    -0.030  0.047
  1957    12     0.148  0.063     0.098  0.065    -0.024  0.056     0.002  0.052    -0.029  0.046
  1958     1     0.358  0.068     0.099  0.063    -0.023  0.056     0.001  0.052    -0.031  0.046
  1958     2     0.188  0.077     0.081  0.063    -0.024  0.056     0.001  0.051    -0.031  0.046
  1958     3     0.115  0.066     0.065  0.064    -0.020  0.055    -0.002  0.051    -0.029  0.046
  1958     4     0.027  0.073     0.061  0.064    -0.019  0.055    -0.005  0.051    -0.029  0.045
  1958     5     0.069  0.099     0.060  0.063    -0.018  0.055    -0.008  0.051    -0.030  0.045
  1958     6    -0.068  0.076     0.055  0.062    -0.011  0.055    -0.010  0.050    -0.030  0.045
  1958     7    -0.018  0.100     0.035  0.062    -0.008  0.054    -0.011  0.050    -0.030  0.045
  1958     8    -0.075  0.075     0.023  0.061    -0.003  0.054    -0.010  0.050    -0.031  0.045
  1958     9    -0.117  0.079     0.025  0.061     0.001  0.054    -0.009  0.050    -0.031  0.044
  1958    10     0.045  0.072     0.039  0.062     0.008  0.053    -0.009  0.050    -0.030  0.044
  1958    11     0.052  0.093     0.042  0.062     0.015  0.053    -0.008  0.049    -0.030  0.044
  1958    12     0.087  0.103     0.055  0.062     0.019  0.053    -0.009  0.049    -0.029  0.044
  1959     1     0.112  0.069     0.058  0.062     0.021  0.052    -0.008  0.049    -0.029  0.044
  1959     2     0.042  0.081     0.064  0.061     0.027  0.052    -0.009  0.049    -0.029  0.043
  1959     3     0.141  0.067     0.065  0.061     0.031  0.052    -0.010  0.048    -0.029  0.043
  1959     4     0.196  0.078     0.060  0.061     0.035  0.051    -0.013  0.048    -0.028  0.043
  1959     5     0.103  0.074     0.045  0.061     0.038  0.051    -0.015  0.048    -0.026  0.043
  1959     6     0.089  0.073     0.039  0.061     0.036  0.051    -0.015  0.048    -0.025  0.043
  1959     7     0.024  0.082     0.029  0.061     0.039  0.051    -0.015  0.047    -0.024  0.042
  1959     8    -0.002  0.070     0.035  0.060     0.042  0.050    -0.017  0.047    -0.024  0.042
  1959     9    -0.108  0.076    -0.005  0.059     0.045  0.050    -0.019  0.047    -0.023  0.042
  1959    10    -0.014  0.078    -0.033  0.059     0.046  0.050    -0.022  0.047    -0.023  0.042
  1959    11    -0.137  0.062    -0.046  0.058     0.041  0.049    -0.026  0.047    -0.022  0.042
  1959    12     0.021  0.061    -0.054  0.057     0.038  0.049    -0.027  0.046    -0.020  0.042
  1960     1    -0.006  0.063    -0.060  0.057     0.038  0.049    -0.029  0.046    -0.019  0.042
  1960     2     0.108  0.065    -0.053  0.057     0.034  0.048    -0.029  0.046    -0.017  0.041
  1960     3    -0.335  0.064    -0.039  0.056     0.031  0.048    -0.029  0.046    -0.016  0.041
  1960     4    -0.139  0.063    -0.033  0.056     0.029  0.048    -0.029  0.045    -0.015  0.041
  1960     5    -0.057  0.073    -0.036  0.056     0.028  0.047    -0.028  0.045    -0.015  0.041
  1960     6    -0.005  0.066    -0.019  0.055     0.026  0.047    -0.029  0.045    -0.015  0.041
  1960     7    -0.052  0.074    -0.014  0.055     0.020  0.047    -0.029  0.045    -0.015  0.040
  1960     8     0.082  0.098    -0.008  0.055     0.019  0.046    -0.031  0.044    -0.015  0.040
  1960     9     0.062  0.066     0.023  0.055     0.013  0.046    -0.031  0.044    -0.013  0.040
  1960    10     0.065  0.074     0.048  0.055     0.012  0.046    -0.031  0.044    -0.013  0.040
  1960    11    -0.172  0.066     0.067  0.056     0.009  0.045    -0.030  0.044    -0.011  0.040
  1960    12     0.222  0.059     0.078  0.054     0.010  0.045    -0.028  0.043    -0.011  0.040
  1961     1     0.058  0.061     0.084  0.054     0.011  0.045    -0.029  0.043    -0.010  0.040
  1961     2     0.173  0.068     0.078  0.051     0.016  0.045    -0.028  0.043    -0.009  0.039
  1961     3     0.041  0.071     0.076  0.051     0.021  0.045    -0.026  0.043    -0.010  0.039
  1961     4     0.155  0.063     0.068  0.049     0.023  0.044    -0.025  0.043    -0.010  0.039
  1961     5     0.173  0.071     0.083  0.047     0.024  0.044    -0.023  0.042    -0.011  0.039
  1961     6     0.129  0.069     0.055  0.047     0.023  0.044    -0.022  0.042    -0.012  0.039
  1961     7     0.016  0.064     0.055  0.046     0.020  0.044    -0.020  0.042    -0.012  0.039
  1961     8     0.011  0.067     0.050  0.046     0.017  0.044    -0.018  0.042    -0.013  0.038
  1961     9     0.045  0.064     0.057  0.046     0.010  0.043    -0.016  0.041    -0.014  0.038
  1961    10    -0.039  0.064     0.049  0.047     0.001  0.043    -0.015  0.041    -0.015  0.038
  1961    11     0.013  0.052     0.025  0.046    -0.005  0.043    -0.014  0.041    -0.015  0.038
  1961    12    -0.121  0.050     0.015  0.046    -0.007  0.042    -0.014  0.041    -0.017  0.038
  1962     1     0.063  0.050     0.007  0.046    -0.009  0.042    -0.014  0.041    -0.019  0.038
  1962     2     0.115  0.050     0.000  0.046    -0.014  0.042    -0.015  0.041    -0.020  0.038
  1962     3     0.128  0.064    -0.011  0.044    -0.018  0.042    -0.014  0.040    -0.020  0.037
  1962     4     0.051  0.071    -0.011  0.045    -0.022  0.041    -0.014  0.040    -0.020  0.037
  1962     5    -0.115  0.062    -0.012  0.045    -0.024  0.041    -0.014  0.040    -0.020  0.037
  1962     6     0.012  0.058    -0.001  0.045    -0.029  0.041    -0.015  0.040    -0.020  0.037
  1962     7    -0.074  0.070    -0.007  0.045    -0.029  0.040    -0.015  0.040    -0.021  0.037
  1962     8    -0.071  0.056    -0.006  0.046    -0.034  0.040    -0.016  0.039    -0.021  0.036
  1962     9    -0.093  0.087    -0.035  0.045    -0.031  0.040    -0.017  0.039    -0.021  0.036
  1962    10    -0.036  0.090    -0.045  0.045    -0.032  0.040    -0.017  0.039    -0.021  0.036
  1962    11     0.002  0.053    -0.042  0.045    -0.032  0.040    -0.019  0.039    -0.021  0.036
  1962    12     0.002  0.054    -0.046  0.045    -0.034  0.040    -0.020  0.039    -0.020  0.036
  1963     1     0.002  0.047    -0.034  0.046    -0.035  0.039    -0.025  0.039    -0.020  0.035
  1963     2     0.121  0.054    -0.007  0.046    -0.038  0.039    -0.027  0.038    -0.020  0.035
  1963     3    -0.222  0.052     0.015  0.049    -0.042  0.039    -0.027  0.038    -0.019  0.035
  1963     4    -0.063  0.072     0.030  0.050    -0.043  0.039    -0.028  0.038    -0.019  0.035
  1963     5    -0.088  0.062     0.039  0.051    -0.042  0.039    -0.029  0.038    -0.019  0.035
  1963     6    -0.025  0.059     0.043  0.051    -0.045  0.039    -0.029  0.038    -0.019  0.034
  1963     7     0.065  0.081     0.036  0.051    -0.049  0.039    -0.031  0.037    -0.020  0.034
  1963     8     0.252  0.068     0.015  0.052    -0.052  0.039    -0.031  0.037    -0.020  0.034
  1963     9     0.176  0.097     0.009  0.050    -0.054  0.039    -0.032  0.037    -0.021  0.034
  1963    10     0.137  0.058    -0.013  0.048    -0.057  0.039    -0.032  0.037    -0.021  0.034
  1963    11     0.111  0.062    -0.029  0.048    -0.061  0.038    -0.033  0.037    -0.021  0.033
  1963    12     0.045  0.051    -0.030  0.049    -0.063  0.038    -0.034  0.036    -0.021  0.033
  1964     1    -0.079  0.060    -0.043  0.047    -0.062  0.038    -0.035  0.036    -0.021  0.033
  1964     2    -0.124  0.050    -0.088  0.049    -0.063  0.038    -0.036  0.036    -0.022  0.033
  1964     3    -0.294  0.059    -0.131  0.046    -0.063  0.038    -0.038  0.036    -0.022  0.033
  1964     4    -0.334  0.065    -0.167  0.045    -0.065  0.038    -0.038  0.035    -0.022  0.032
  1964     5    -0.275  0.052    -0.197  0.044    -0.066  0.038    -0.037  0.035    -0.022  0.032
  1964     6    -0.041  0.069    -0.220  0.044    -0.064  0.038    -0.037  0.035    -0.022  0.032
  1964     7    -0.095  0.055    -0.216  0.043    -0.066  0.038    -0.038  0.035    -0.022  0.032
  1964     8    -0.285  0.136    -0.220  0.043    -0.072  0.038    -0.038  0.034    -0.021  0.031
  1964     9    -0.343  0.059    -0.210  0.043    -0.074  0.038    -0.036  0.034    -0.021  0.031
  1964    10    -0.284  0.051    -0.198  0.044    -0.074  0.038    -0.036  0.034    -0.021  0.031
  1964    11    -0.254  0.053    -0.181  0.046    -0.069  0.038    -0.034  0.034    -0.022  0.031
  1964    12    -0.235  0.045    -0.185  0.048    -0.069  0.038    -0.032  0.033    -0.022  0.031
  1965     1    -0.031  0.049    -0.190  0.045    -0.067  0.038    -0.030  0.033    -0.023  0.031
  1965     2    -0.168  0.059    -0.171  0.043    -0.066  0.037    -0.030  0.033    -0.022  0.030
  1965     3    -0.177  0.057    -0.160  0.043    -0.065  0.037    -0.027  0.033    -0.020  0.030
  1965     4    -0.183  0.055    -0.137  0.043    -0.064  0.037    -0.025  0.033    -0.019  0.030
  1965     5    -0.074  0.102    -0.121  0.043    -0.065  0.037    -0.025  0.032    -0.017  0.030
  1965     6    -0.093  0.101    -0.102  0.044    -0.066  0.037    -0.025  0.032    -0.017  0.030
  1965     7    -0.154  0.118    -0.112  0.044    -0.069  0.037    -0.025  0.032    -0.017  0.029
  1965     8    -0.061  0.053    -0.101  0.044    -0.073  0.037    -0.026  0.032    -0.018  0.029
  1965     9    -0.202  0.057    -0.091  0.044    -0.068  0.037    -0.026  0.031    -0.018  0.029
  1965    10    -0.011  0.058    -0.077  0.045    -0.067  0.037    -0.026  0.031    -0.018  0.029
  1965    11    -0.065  0.072    -0.078  0.047    -0.068  0.036    -0.026  0.031    -0.018  0.029
  1965    12    -0.002  0.055    -0.070  0.053    -0.069  0.036    -0.028  0.031    -0.017  0.028
  1966     1    -0.150  0.047    -0.049  0.050    -0.073  0.036    -0.029  0.031    -0.017  0.028
  1966     2    -0.038  0.053    -0.047  0.050    -0.079  0.035    -0.032  0.031    -0.017  0.028
  1966     3    -0.057  0.069    -0.030  0.050    -0.086  0.035    -0.035  0.030    -0.017  0.028
  1966     4    -0.014  0.055    -0.042  0.048    -0.086  0.035    -0.036  0.030    -0.016  0.028
  1966     5    -0.091  0.053    -0.039  0.046    -0.090  0.035    -0.038  0.030    -0.016  0.027
  1966     6     0.006  0.069    -0.039  0.045    -0.091  0.034    -0.040  0.030    -0.016  0.027
  1966     7     0.098  0.069    -0.034  0.044    -0.090  0.034    -0.041  0.030    -0.016  0.027
  1966     8    -0.039  0.057    -0.049  0.044    -0.090  0.034    -0.042  0.029    -0.016  0.027
  1966     9     0.003  0.055    -0.041  0.044    -0.086  0.034    -0.043  0.029    -0.015  0.027
  1966    10    -0.158  0.070    -0.039  0.043    -0.077  0.033    -0.043  0.029    -0.014  0.027
  1966    11    -0.027  0.048    -0.013  0.043    -0.069  0.033    -0.044  0.029    -0.014  0.027
  1966    12    -0.003  0.054    -0.014  0.043    -0.066  0.033    -0.044  0.029    -0.013  0.026
  1967     1    -0.083  0.047    -0.020  0.043    -0.066  0.033    -0.047  0.029    -0.011  0.026
  1967     2    -0.227  0.060    -0.017  0.042    -0.061  0.032    -0.049  0.029    -0.010  0.026
  1967     3     0.047  0.051    -0.020  0.042    -0.055  0.032    -0.050  0.028    -0.009  0.026
  1967     4     0.012  0.055    -0.003  0.041    -0.049  0.032    -0.051  0.028    -0.008  0.026
  1967     5     0.214  0.061    -0.009  0.040    -0.043  0.032    -0.049  0.028    -0.007  0.026
  1967     6    -0.001  0.054    -0.009  0.039    -0.035  0.031    -0.049  0.028    -0.006  0.025
  1967     7     0.025  0.053    -0.019  0.039    -0.032  0.031    -0.048  0.028    -0.005  0.025
  1967     8    -0.005  0.066    -0.012  0.038    -0.026  0.031    -0.046  0.027    -0.004  0.025
  1967     9    -0.037  0.055    -0.007  0.038    -0.023  0.031    -0.045  0.027    -0.004  0.025
  1967    10     0.054  0.051    -0.011  0.037    -0.019  0.030    -0.045  0.027    -0.004  0.025
  1967    11    -0.100  0.051    -0.039  0.037    -0.017  0.030    -0.045  0.027    -0.003  0.025
  1967    12    -0.010  0.040    -0.044  0.036    -0.016  0.030    -0.043  0.027    -0.004  0.025
  1968     1    -0.195  0.042    -0.061  0.036    -0.014  0.030    -0.041  0.027    -0.005  0.024
  1968     2    -0.150  0.052    -0.071  0.036    -0.015  0.029    -0.040  0.026    -0.004  0.024
  1968     3     0.111  0.056    -0.086  0.036    -0.010  0.029    -0.036  0.026    -0.004  0.024
  1968     4    -0.040  0.064    -0.083  0.038    -0.010  0.029    -0.033  0.026    -0.003  0.024
  1968     5    -0.116  0.068    -0.082  0.037    -0.010  0.029    -0.030  0.026    -0.003  0.024
  1968     6    -0.066  0.053    -0.085  0.037    -0.011  0.028    -0.029  0.026    -0.002  0.024
  1968     7    -0.181  0.051    -0.072  0.037    -0.010  0.028    -0.029  0.025    -0.002  0.023
  1968     8    -0.117  0.048    -0.068  0.038    -0.012  0.028    -0.030  0.025    -0.002  0.023
  1968     9    -0.227  0.053    -0.081  0.037    -0.015  0.028    -0.032  0.025    -0.001  0.023
  1968    10     0.089  0.094    -0.062  0.037    -0.016  0.027    -0.032  0.025    -0.002  0.023
  1968    11    -0.081  0.045    -0.033  0.036    -0.016  0.027    -0.033  0.024    -0.001  0.023
  1968    12    -0.049  0.040    -0.018  0.037    -0.018  0.027    -0.033  0.024    -0.001  0.023
  1969     1    -0.033  0.041    -0.010  0.037    -0.021  0.027    -0.034  0.024    -0.000  0.023
  1969     2    -0.111  0.040    -0.000  0.036    -0.022  0.026    -0.035  0.024    -0.001  0.023
  1969     3    -0.037  0.073     0.021  0.035    -0.023  0.026    -0.034  0.024    -0.001  0.022
  1969     4     0.178  0.054     0.020  0.035    -0.021  0.026    -0.031  0.023    -0.000  0.022
  1969     5     0.234  0.050     0.034  0.034    -0.022  0.026    -0.029  0.023    -0.001  0.022
  1969     6     0.120  0.066     0.062  0.034    -0.024  0.026    -0.029  0.023    -0.001  0.022
  1969     7    -0.084  0.045     0.077  0.033    -0.027  0.025    -0.029  0.023    -0.000  0.022
  1969     8    -0.002  0.052     0.100  0.032    -0.026  0.025    -0.025  0.023     0.000  0.021
  1969     9     0.032  0.045     0.105  0.032    -0.027  0.025    -0.022  0.023     0.002  0.021
  1969    10     0.078  0.065     0.096  0.031    -0.027  0.025    -0.020  0.023     0.003  0.021
  1969    11     0.077  0.041     0.077  0.031    -0.030  0.025    -0.019  0.023     0.005  0.021
  1969    12     0.290  0.040     0.064  0.031    -0.029  0.024    -0.017  0.022     0.007  0.021
  1970     1     0.148  0.035     0.069  0.030    -0.030  0.024    -0.017  0.022     0.008  0.021
  1970     2     0.169  0.035     0.060  0.031    -0.027  0.024    -0.014  0.022     0.010  0.021
  1970     3     0.025  0.055     0.065  0.030    -0.026  0.024    -0.011  0.022     0.013  0.021
  1970     4     0.071  0.054     0.060  0.030    -0.026  0.024    -0.009  0.022     0.015  0.020
  1970     5     0.007  0.038     0.048  0.030    -0.025  0.024    -0.007  0.022     0.017  0.020
  1970     6    -0.039  0.039     0.015  0.029    -0.021  0.024    -0.006  0.022     0.018  0.020
  1970     7    -0.032  0.047    -0.001  0.028    -0.013  0.024    -0.005  0.022     0.019  0.020
  1970     8    -0.100  0.051    -0.032  0.028    -0.006  0.024    -0.006  0.022     0.020  0.020
  1970     9     0.084  0.045    -0.053  0.028    -0.005  0.024    -0.004  0.022     0.021  0.020
  1970    10     0.023  0.039    -0.065  0.028     0.001  0.023    -0.005  0.022     0.021  0.020
  1970    11    -0.066  0.040    -0.071  0.029     0.007  0.023    -0.006  0.022     0.023  0.020
  1970    12    -0.107  0.035    -0.078  0.029     0.011  0.023    -0.007  0.021     0.023  0.020
  1971     1    -0.049  0.033    -0.084  0.028     0.015  0.023    -0.006  0.021     0.025  0.019
  1971     2    -0.202  0.044    -0.082  0.028     0.018  0.023    -0.006  0.021     0.026  0.019
  1971     3    -0.228  0.041    -0.093  0.028     0.022  0.022    -0.008  0.021     0.028  0.019
  1971     4    -0.070  0.045    -0.099  0.028     0.022  0.022    -0.008  0.021     0.029  0.019
  1971     5    -0.063  0.044    -0.101  0.028     0.024  0.022    -0.009  0.021     0.029  0.019
  1971     6    -0.123  0.044    -0.102  0.028     0.025  0.022    -0.011  0.021     0.030  0.019
  1971     7    -0.104  0.042    -0.119  0.028     0.023  0.022    -0.012  0.021     0.032  0.019
  1971     8    -0.079  0.057    -0.119  0.028     0.020  0.022    -0.013  0.021     0.033  0.019
  1971     9    -0.046  0.059    -0.100  0.027     0.018  0.022    -0.013  0.021     0.034  0.019
  1971    10    -0.055  0.050    -0.093  0.028     0.014  0.022    -0.014  0.021     0.035  0.019
  1971    11    -0.091  0.036    -0.083  0.028     0.010  0.022    -0.014  0.021     0.036  0.019
  1971    12    -0.115  0.040    -0.068  0.028     0.008  0.022    -0.012  0.021     0.038  0.019
  1972     1    -0.255  0.044    -0.062  0.028     0.009  0.022    -0.009  0.021     0.039  0.019
  1972     2    -0.200  0.034    -0.041  0.028     0.012  0.022    -0.005  0.021     0.039  0.019
  1972     3    -0.005  0.050    -0.036  0.029     0.010  0.022    -0.004  0.021     0.038  0.019
  1972     4     0.021  0.043    -0.030  0.029     0.008  0.022    -0.001  0.021     0.038  0.018
  1972     5     0.061  0.054    -0.022  0.029     0.006  0.022     0.000  0.021     0.040  0.018
  1972     6     0.047  0.056     0.007  0.029    -0.000  0.022     0.004  0.021     0.040  0.018
  1972     7    -0.031  0.058     0.049  0.029    -0.002  0.022     0.005  0.021     0.041  0.018
  1972     8     0.175  0.051     0.088  0.029    -0.002  0.022     0.008  0.021     0.042  0.018
  1972     9     0.019  0.065     0.105  0.029    -0.000  0.022     0.009  0.021     0.043  0.018
  1972    10     0.017  0.067     0.129  0.030     0.001  0.022     0.009  0.021     0.043  0.018
  1972    11    -0.003  0.039     0.146  0.029     0.004  0.022     0.012  0.021     0.044  0.018
  1972    12     0.239  0.030     0.157  0.030     0.005  0.022     0.013  0.021     0.045  0.018
  1973     1     0.252  0.034     0.164  0.030     0.005  0.023     0.015  0.021     0.047  0.018
  1973     2     0.267  0.039     0.154  0.029     0.004  0.023     0.018  0.021     0.049  0.018
  1973     3     0.193  0.038     0.154  0.029     0.002  0.023     0.019  0.021     0.051  0.018
  1973     4     0.307  0.059     0.160  0.030    -0.000  0.023     0.021  0.021     0.053  0.018
  1973     5     0.269  0.042     0.161  0.030    -0.003  0.023     0.024  0.021     0.055  0.018
  1973     6     0.180  0.046     0.142  0.030    -0.002  0.023     0.025  0.021     0.056  0.018
  1973     7     0.056  0.056     0.109  0.030    -0.002  0.023     0.027  0.021     0.057  0.018
  1973     8     0.047  0.081     0.062  0.030    -0.000  0.023     0.026  0.021     0.057  0.017
  1973     9     0.029  0.049     0.035  0.031    -0.000  0.023     0.029  0.021     0.058  0.017
  1973    10     0.081  0.054     0.005  0.034    -0.000  0.023     0.029  0.021     0.058  0.017
  1973    11     0.017  0.037    -0.020  0.035    -0.003  0.024     0.031  0.021     0.059  0.017
  1973    12     0.006  0.036    -0.035  0.034    -0.004  0.024     0.032  0.021     0.059  0.017
  1974     1    -0.150  0.039    -0.043  0.034    -0.003  0.024     0.034  0.021     0.061  0.017
  1974     2    -0.297  0.049    -0.032  0.034    -0.004  0.024     0.035  0.021     0.062  0.017
  1974     3    -0.123  0.056    -0.038  0.035    -0.004  0.024     0.037  0.021     0.065  0.017
  1974     4    -0.061  0.058    -0.049  0.035    -0.006  0.024     0.037  0.021     0.067  0.017
  1974     5    -0.022  0.044    -0.057  0.035    -0.005  0.024     0.036  0.021     0.069  0.017
  1974     6     0.001  0.044    -0.063  0.035    -0.000  0.025     0.036  0.021     0.070  0.017
  1974     7    -0.047  0.049    -0.046  0.036     0.009  0.025     0.037  0.021     0.071  0.017
  1974     8     0.177  0.066    -0.010  0.036     0.017  0.025     0.038  0.021     0.072  0.017
  1974     9    -0.042  0.055     0.013  0.034     0.020  0.025     0.040  0.021     0.075  0.017
  1974    10    -0.046  0.046     0.027  0.032     0.025  0.025     0.042  0.021     0.076  0.017
  1974    11    -0.079  0.043     0.047  0.032     0.031  0.025     0.043  0.021     0.077  0.017
  1974    12    -0.068  0.057     0.050  0.032     0.036  0.025     0.045  0.021     0.078  0.017
  1975     1     0.058  0.037     0.050  0.034     0.040  0.025     0.047  0.021     0.080  0.017
  1975     2     0.134  0.043     0.019  0.033     0.042  0.025     0.049  0.021     0.081  0.017
  1975     3     0.148  0.053     0.020  0.034     0.043  0.025     0.052  0.021     0.082  0.017
  1975     4     0.113  0.044     0.018  0.033     0.045  0.025     0.055  0.021     0.084  0.017
  1975     5     0.212  0.047     0.006  0.033     0.048  0.025     0.058  0.021     0.085  0.017
  1975     6     0.037  0.068     0.004  0.033     0.046  0.025     0.061  0.021     0.086  0.017
  1975     7    -0.046  0.070    -0.003  0.033     0.044  0.025     0.063  0.021     0.086  0.017
  1975     8    -0.189  0.085    -0.022  0.034     0.043  0.025     0.067  0.021     0.088  0.017
  1975     9    -0.035  0.049    -0.054  0.033     0.043  0.025     0.067  0.021     0.089  0.017
  1975    10    -0.072  0.044    -0.068  0.034     0.042  0.026     0.069  0.021     0.090  0.017
  1975    11    -0.219  0.040    -0.106  0.035     0.040  0.026     0.071  0.021     0.090  0.017
  1975    12    -0.097  0.037    -0.123  0.034     0.038  0.025     0.074  0.021     0.091  0.017
  1976     1    -0.025  0.038    -0.124  0.032     0.039  0.025     0.079  0.021     0.093  0.017
  1976     2    -0.096  0.051    -0.120  0.036     0.035  0.025     0.085  0.021     0.095  0.017
  1976     3    -0.230  0.035    -0.120  0.036     0.036  0.025     0.090  0.021     0.096  0.017
  1976     4    -0.054  0.040    -0.130  0.035     0.035  0.025     0.094  0.021     0.097  0.017
  1976     5    -0.247  0.065    -0.114  0.036     0.037  0.025     0.097  0.021     0.099  0.017
  1976     6    -0.171  0.055    -0.092  0.037     0.040  0.025     0.101  0.021     0.100  0.017
  1976     7    -0.055  0.106    -0.063  0.037     0.046  0.026     0.105  0.021     0.100  0.017
  1976     8    -0.145  0.105    -0.035  0.037     0.049  0.025     0.109  0.021     0.100  0.017
  1976     9    -0.027  0.050     0.001  0.037     0.055  0.026     0.111  0.021     0.101  0.017
  1976    10    -0.195  0.051     0.032  0.036     0.060  0.026     0.113  0.021     0.102  0.017
  1976    11    -0.032  0.045     0.086  0.037     0.062  0.025     0.115  0.021     0.103  0.017
  1976    12     0.171  0.041     0.130  0.037     0.063  0.025     0.120  0.021     0.103  0.017
  1977     1     0.324  0.040     0.154  0.033     0.065  0.025     0.124  0.021     0.105  0.017
  1977     2     0.246  0.047     0.190  0.033     0.064  0.025     0.127  0.021     0.108  0.017
  1977     3     0.198  0.036     0.200  0.032     0.070  0.025     0.127  0.021     0.109  0.017
  1977     4     0.316  0.038     0.226  0.032     0.075  0.025     0.127  0.021     0.110  0.017
  1977     5     0.399  0.060     0.244  0.032     0.080  0.024     0.128  0.021     0.110  0.017
  1977     6     0.361  0.042     0.238  0.032     0.090  0.025     0.129  0.021     0.112  0.017
  1977     7     0.230  0.055     0.224  0.032     0.095  0.024     0.130  0.021     0.114  0.017
  1977     8     0.288  0.051     0.220  0.032     0.101  0.025     0.130  0.021     0.115  0.017
  1977     9     0.089  0.045     0.220  0.032     0.105  0.024     0.131  0.021     0.117  0.017
  1977    10     0.116  0.051     0.213  0.032     0.110  0.024     0.131  0.022     0.118  0.017
  1977    11     0.190  0.039     0.195  0.032     0.113  0.024     0.132  0.022     0.119  0.017
  1977    12     0.104  0.055     0.168  0.032     0.116  0.024     0.134  0.022     0.121  0.017
  1978     1     0.148  0.040     0.156  0.032     0.122  0.024     0.136  0.022     0.125  0.017
  1978     2     0.202  0.041     0.118  0.032     0.130  0.024     0.138  0.022     0.127  0.017
  1978     3     0.196  0.046     0.120  0.032     0.133  0.024     0.139  0.022     0.128  0.017
  1978     4     0.230  0.036     0.111  0.031     0.137  0.023     0.139  0.022     0.131  0.017
  1978     5     0.184  0.041     0.108  0.031     0.145  0.023     0.140  0.022     0.133  0.017
  1978     6     0.034  0.042     0.113  0.031     0.151  0.023     0.141  0.022     0.135  0.018
  1978     7     0.094  0.053     0.116  0.031     0.161  0.023     0.142  0.022     0.137  0.017
  1978     8    -0.176  0.048     0.094  0.030     0.170  0.023     0.144  0.022     0.140  0.017
  1978     9     0.120  0.048     0.094  0.030     0.181  0.023     0.147  0.021     0.142  0.018
  1978    10     0.006  0.042     0.095  0.030     0.187  0.023     0.148  0.021     0.143  0.018
  1978    11     0.159  0.041     0.087  0.029     0.196  0.023     0.150  0.021     0.144  0.018
  1978    12     0.154  0.042     0.092  0.028     0.205  0.023     0.152  0.021     0.145  0.018
  1979     1     0.188  0.033     0.087  0.029     0.213  0.022     0.156  0.021     0.146  0.018
  1979     2    -0.062  0.045     0.116  0.028     0.222  0.022     0.159  0.021     0.148  0.018
  1979     3     0.195  0.053     0.129  0.029     0.226  0.022     0.163  0.021     0.149  0.018
  1979     4     0.246  0.038     0.149  0.029     0.232  0.022     0.165  0.021     0.150  0.018
  1979     5     0.083  0.038     0.158  0.030     0.236  0.022     0.168  0.021     0.149  0.018
  1979     6     0.101  0.056     0.187  0.031     0.241  0.022     0.169  0.021     0.149  0.018
  1979     7     0.034  0.054     0.203  0.030     0.238  0.022     0.170  0.021     0.151  0.018
  1979     8     0.169  0.036     0.248  0.030     0.237  0.022     0.170  0.021     0.153  0.018
  1979     9     0.277  0.042     0.263  0.027     0.233  0.022     0.172  0.021     0.154  0.018
  1979    10     0.244  0.042     0.278  0.026     0.230  0.022     0.173  0.021     0.155  0.018
  1979    11     0.265  0.039     0.303  0.026     0.226  0.022     0.174  0.021     0.155  0.018
  1979    12     0.504  0.033     0.313  0.025     0.222  0.022     0.174  0.021     0.156  0.018
  1980     1     0.385  0.031     0.336  0.025     0.221  0.022     0.176  0.021     0.157  0.018
  1980     2     0.471  0.037     0.345  0.025     0.217  0.022     0.175  0.021     0.158  0.018
  1980     3     0.372  0.039     0.338  0.026     0.218  0.022     0.176  0.021     0.161  0.018
  1980     4     0.427  0.044     0.331  0.027     0.218  0.022     0.176  0.021     0.163  0.018
  1980     5     0.391  0.033     0.331  0.027     0.217  0.021     0.176  0.021     0.166  0.018
  1980     6     0.221  0.047     0.309  0.026     0.222  0.021     0.177  0.021     0.168  0.018
  1980     7     0.307  0.039     0.325  0.026     0.228  0.021     0.177  0.021     0.170  0.018
  1980     8     0.271  0.064     0.321  0.026     0.232  0.021     0.181  0.021     0.172  0.018
  1980     9     0.201  0.047     0.328  0.026     0.235  0.021     0.182  0.021     0.173  0.018
  1980    10     0.160  0.037     0.320  0.026     0.237  0.021     0.184  0.021     0.174  0.018
  1980    11     0.263  0.040     0.311  0.026     0.240  0.021     0.186  0.021     0.176  0.018
  1980    12     0.234  0.041     0.324  0.027     0.244  0.021     0.189  0.020     0.178  0.018
  1981     1     0.580  0.043     0.330  0.027     0.245  0.021     0.191  0.020     0.180  0.018
  1981     2     0.425  0.045     0.343  0.028     0.254  0.021     0.196  0.020     0.184  0.018
  1981     3     0.452  0.037     0.344  0.028     0.259  0.021     0.200  0.020     0.186  0.018
  1981     4     0.332  0.036     0.343  0.027     0.261  0.021     0.203  0.020     0.189  0.018
  1981     5     0.283  0.043     0.338  0.027     0.263  0.021     0.208  0.020     0.191  0.019
  1981     6     0.377  0.051     0.359  0.027     0.264  0.021     0.210  0.020     0.194  0.019
  1981     7     0.381  0.045     0.322  0.027     0.266  0.021     0.211  0.020     0.196  0.019
  1981     8     0.426  0.051     0.300  0.028     0.269  0.021     0.214  0.020     0.199  0.019
  1981     9     0.218  0.066     0.262  0.028     0.271  0.021     0.215  0.020     0.201  0.019
  1981    10     0.144  0.037     0.243  0.029     0.270  0.021     0.218  0.020     0.202  0.019
  1981    11     0.201  0.035     0.236  0.030     0.275  0.021     0.219  0.020     0.204  0.019
  1981    12     0.493  0.037     0.214  0.032     0.275  0.022     0.219  0.020     0.206  0.019
  1982     1     0.137  0.039     0.194  0.034     0.275  0.022     0.219  0.020     0.209  0.019
  1982     2     0.162  0.033     0.165  0.034     0.275  0.022     0.221  0.020     0.212  0.019
  1982     3    -0.011  0.043     0.158  0.034     0.274  0.022     0.221  0.020     0.214  0.019
  1982     4     0.106  0.047     0.157  0.035     0.272  0.022     0.221  0.020     0.215  0.019
  1982     5     0.201  0.052     0.148  0.034     0.267  0.022     0.220  0.020     0.217  0.019
  1982     6     0.113  0.053     0.143  0.033     0.258  0.022     0.221  0.020     0.218  0.019
  1982     7     0.135  0.061     0.173  0.033     0.257  0.022     0.222  0.020     0.218  0.019
  1982     8     0.078  0.049     0.197  0.033     0.250  0.022     0.223  0.020     0.218  0.019
  1982     9     0.137  0.051     0.229  0.034     0.246  0.022     0.225  0.020     0.218  0.019
  1982    10     0.128  0.046     0.249  0.034     0.242  0.022     0.227  0.020     0.218  0.019
  1982    11     0.092  0.068     0.265  0.033     0.239  0.022     0.227  0.020     0.218  0.019
  1982    12     0.437  0.047     0.275  0.033     0.239  0.022     0.230  0.020     0.218  0.019
  1983     1     0.496  0.043     0.277  0.032     0.233  0.022     0.234  0.020     0.219  0.019
  1983     2     0.451  0.046     0.301  0.033     0.232  0.022     0.236  0.020     0.219  0.019
  1983     3     0.371  0.038     0.323  0.033     0.231  0.022     0.238  0.020     0.220  0.019
  1983     4     0.351  0.035     0.326  0.033     0.231  0.022     0.240  0.019     0.221  0.019
  1983     5     0.390  0.041     0.340  0.033     0.227  0.022     0.242  0.019     0.221  0.019
  1983     6     0.237  0.054     0.323  0.035     0.227  0.022     0.246  0.019     0.221  0.019
  1983     7     0.156  0.056     0.306  0.034     0.222  0.022     0.248  0.020     0.222  0.019
  1983     8     0.360  0.053     0.281  0.033     0.222  0.022     0.253  0.019     0.223  0.019
  1983     9     0.408  0.059     0.274  0.033     0.219  0.022     0.255  0.019     0.224  0.019
  1983    10     0.163  0.051     0.260  0.034     0.219  0.022     0.258  0.020     0.225  0.019
  1983    11     0.256  0.040     0.260  0.034     0.219  0.022     0.257  0.020     0.225  0.019
  1983    12     0.236  0.043     0.248  0.035     0.214  0.022     0.258  0.020     0.226  0.019
  1984     1     0.294  0.040     0.239  0.034     0.210  0.022     0.257  0.020     0.228  0.019
  1984     2     0.148  0.040     0.222  0.032     0.206  0.022     0.261  0.020     0.230  0.019
  1984     3     0.293  0.042     0.206  0.032     0.204  0.022     0.262  0.020     0.232  0.019
  1984     4     0.179  0.061     0.202  0.032     0.204  0.022     0.262  0.020     0.234  0.019
  1984     5     0.389  0.041     0.179  0.032     0.202  0.022     0.263  0.020     0.236  0.019
  1984     6     0.097  0.071     0.157  0.031     0.197  0.022     0.263  0.020     0.237  0.019
  1984     7     0.049  0.054     0.157  0.031     0.201  0.022     0.266  0.020     0.239  0.019
  1984     8     0.153  0.064     0.148  0.032     0.205  0.022     0.267  0.020     0.239  0.019
  1984     9     0.220  0.039     0.139  0.032     0.209  0.022     0.268  0.020     0.241  0.019
  1984    10     0.107  0.067     0.139  0.030     0.212  0.022     0.268  0.020     0.243  0.019
  1984    11    -0.017  0.039     0.124  0.030     0.214  0.022     0.267  0.020     0.245  0.019
  1984    12    -0.027  0.039     0.131  0.030     0.219  0.022     0.267  0.020     0.247  0.019
  1985     1     0.293  0.038     0.125  0.029     0.224  0.022     0.267  0.020     0.249  0.019
  1985     2     0.045  0.048     0.130  0.029     0.228  0.022     0.267  0.020     0.251  0.019
  1985     3     0.180  0.041     0.123  0.028     0.232  0.021     0.270  0.020     0.253  0.019
  1985     4     0.176  0.044     0.126  0.028     0.235  0.021     0.272  0.020     0.255  0.019
  1985     5     0.210  0.037     0.133  0.028     0.237  0.021     0.273  0.020     0.256  0.019
  1985     6     0.181  0.087     0.153  0.029     0.238  0.022     0.275  0.020     0.258  0.019
  1985     7    -0.017  0.064     0.150  0.028     0.239  0.022     0.276  0.020     0.260  0.019
  1985     8     0.202  0.041     0.182  0.028     0.239  0.022     0.277  0.020     0.263  0.019
  1985     9     0.147  0.059     0.190  0.028     0.241  0.022     0.278  0.020     0.265  0.019
  1985    10     0.133  0.070     0.203  0.028     0.243  0.022     0.280  0.020     0.267  0.019
  1985    11     0.068  0.060     0.209  0.028     0.245  0.022     0.281  0.020     0.270  0.019
  1985    12     0.220  0.042     0.204  0.028     0.248  0.022     0.283  0.020     0.272  0.019
  1986     1     0.255  0.048     0.214  0.029     0.251  0.022     0.281  0.020     0.274  0.019
  1986     2     0.434  0.034     0.212  0.029     0.252  0.021     0.282  0.020     0.276  0.019
  1986     3     0.267  0.045     0.208  0.029     0.252  0.022     0.282  0.020     0.279  0.019
  1986     4     0.331  0.034     0.210  0.028     0.254  0.022     0.284  0.020     0.281  0.019
  1986     5     0.283  0.035     0.212  0.028     0.251  0.022     0.286  0.020     0.284  0.019
  1986     6     0.120  0.045     0.209  0.029     0.252  0.022     0.287  0.020     0.286  0.019
  1986     7     0.105  0.040     0.219  0.029     0.248  0.022     0.288  0.020     0.287  0.019
  1986     8     0.184  0.035     0.216  0.029     0.252  0.022     0.288  0.020     0.290  0.019
  1986     9     0.095  0.050     0.213  0.028     0.252  0.022     0.290  0.020     0.292  0.019
  1986    10     0.162  0.043     0.211  0.028     0.255  0.022     0.292  0.020     0.293  0.019
  1986    11     0.084  0.040     0.214  0.028     0.251  0.022     0.293  0.020     0.295  0.019
  1986    12     0.193  0.042     0.236  0.028     0.252  0.022     0.292  0.020     0.296  0.019
  1987     1     0.364  0.035     0.265  0.027     0.256  0.022     0.295  0.020     0.297  0.019
  1987     2     0.408  0.035     0.276  0.027     0.259  0.021     0.298  0.020     0.297  0.019
  1987     3     0.227  0.038     0.298  0.028     0.261  0.021     0.302  0.020     0.299  0.019
  1987     4     0.303  0.042     0.311  0.029     0.265  0.021     0.304  0.020     0.300  0.019
  1987     5     0.325  0.036     0.321  0.029     0.268  0.021     0.305  0.020     0.300  0.019
  1987     6     0.388  0.041     0.349  0.030     0.276  0.021     0.306  0.020     0.301  0.019
  1987     7     0.443  0.047     0.365  0.030     0.278  0.021     0.306  0.020     0.302  0.019
  1987     8     0.322  0.040     0.368  0.030     0.284  0.021     0.306  0.020     0.302  0.019
  1987     9     0.354  0.057     0.388  0.029     0.293  0.021     0.305  0.020     0.304  0.019
  1987    10     0.324  0.049     0.405  0.028     0.301  0.021     0.304  0.020     0.307  0.019
  1987    11     0.206  0.044     0.416  0.029     0.307  0.021     0.304  0.020     0.309  0.019
  1987    12     0.521  0.042     0.421  0.029     0.311  0.021     0.302  0.020     0.311  0.019
  1988     1     0.564  0.034     0.412  0.030     0.319  0.021     0.301  0.020     0.314  0.019
  1988     2     0.435  0.037     0.419  0.030     0.321  0.021     0.301  0.020     0.316  0.019
  1988     3     0.467  0.043     0.422  0.030     0.324  0.021     0.302  0.020     0.318  0.019
  1988     4     0.513  0.034     0.422  0.031     0.329  0.021     0.302  0.020     0.321  0.019
  1988     5     0.458  0.042     0.410  0.030     0.334  0.021     0.301  0.020     0.323  0.019
  1988     6     0.445  0.045     0.391  0.029     0.338  0.021     0.302  0.020     0.326  0.019
  1988     7     0.331  0.046     0.351  0.029     0.341  0.021     0.303  0.020     0.329  0.019
  1988     8     0.415  0.056     0.345  0.029     0.343  0.021     0.302  0.020     0.333  0.019
  1988     9     0.390  0.048     0.331  0.030     0.345  0.021     0.300  0.020     0.335  0.019
  1988    10     0.318  0.064     0.317  0.031     0.350  0.021     0.301  0.020     0.337  0.019
  1988    11     0.059  0.038     0.290  0.031     0.352  0.021     0.300  0.020     0.338  0.019
  1988    12     0.299  0.035     0.266  0.031     0.360  0.021     0.300  0.020     0.340  0.019
  1989     1     0.083  0.040     0.265  0.030     0.366  0.021     0.300  0.020     0.341  0.019
  1989     2     0.362  0.034     0.259  0.029     0.371  0.021     0.300  0.020     0.345  0.019
  1989     3     0.305  0.035     0.255  0.030     0.377  0.021     0.301  0.020     0.345  0.019
  1989     4     0.344  0.046     0.257  0.030     0.380  0.021     0.303  0.020     0.346  0.019
  1989     5     0.129  0.045     0.263  0.030     0.383  0.021     0.303  0.020     0.347  0.019
  1989     6     0.155  0.043     0.277  0.031     0.387  0.021     0.306  0.020     0.349  0.019
  1989     7     0.326  0.057     0.305  0.031     0.389  0.021     0.308  0.020     0.350  0.019
  1989     8     0.337  0.110     0.309  0.031     0.390  0.021     0.308  0.020     0.351  0.019
  1989     9     0.349  0.048     0.345  0.030     0.394  0.021     0.309  0.020     0.352  0.019
  1989    10     0.333  0.052     0.371  0.030     0.395  0.021     0.312  0.020     0.352  0.019
  1989    11     0.140  0.039     0.407  0.030     0.395  0.021     0.316  0.020     0.353  0.019
  1989    12     0.457  0.047     0.427  0.030     0.394  0.021     0.319  0.020     0.353  0.019
  1990     1     0.429  0.034     0.439  0.029     0.388  0.021     0.321  0.020     0.353  0.020
  1990     2     0.401  0.042     0.440  0.029     0.385  0.021     0.328  0.020     0.353  0.020
  1990     3     0.742  0.044     0.436  0.030     0.378  0.021     0.330  0.020     0.354  0.020
  1990     4     0.655  0.037     0.445  0.030     0.374  0.022     0.334  0.020     0.355  0.020
  1990     5     0.555  0.035     0.466  0.029     0.370  0.022     0.335  0.020     0.355  0.020
  1990     6     0.404  0.046     0.464  0.030     0.366  0.022     0.338  0.020     0.356  0.020
  1990     7     0.464  0.053     0.466  0.030     0.364  0.022     0.342  0.020     0.356  0.020
  1990     8     0.347  0.039     0.477  0.030     0.364  0.022     0.345  0.020     0.357  0.020
  1990     9     0.312  0.070     0.448  0.030     0.362  0.022     0.347  0.020     0.358  0.020
  1990    10     0.439  0.046     0.443  0.030     0.360  0.022     0.351  0.020     0.359  0.020
  1990    11     0.393  0.059     0.435  0.030     0.358  0.022     0.354  0.020     0.359  0.020
  1990    12     0.434  0.047     0.447  0.030     0.356  0.022     0.355  0.020     0.360  0.020
  1991     1     0.450  0.040     0.451  0.030     0.355  0.022     0.356  0.020     0.360  0.020
  1991     2     0.531  0.034     0.460  0.030     0.352  0.022     0.357  0.020     0.360  0.020
  1991     3     0.388  0.034     0.472  0.029     0.349  0.022     0.359  0.020     0.361  0.020
  1991     4     0.606  0.038     0.464  0.029     0.348  0.022     0.360  0.020     0.362  0.020
  1991     5     0.453  0.047     0.456  0.029     0.349  0.022     0.360  0.020     0.363  0.020
  1991     6     0.549  0.035     0.453  0.029     0.348  0.023     0.361  0.020     0.364  0.020
  1991     7     0.515  0.049     0.458  0.029     0.352  0.022     0.364  0.020     0.365  0.020
  1991     8     0.450  0.038     0.452  0.029     0.348  0.022     0.366  0.020     0.365  0.020
  1991     9     0.453  0.044     0.459  0.029     0.349  0.022     0.368  0.020     0.366  0.020
  1991    10     0.348  0.043     0.437  0.029     0.351  0.023     0.368  0.020     0.368  0.020
  1991    11     0.300  0.041     0.429  0.030     0.355  0.023     0.371  0.020     0.370  0.020
  1991    12     0.398  0.044     0.407  0.030     0.360  0.023     0.374  0.020     0.371  0.020
  1992     1     0.509  0.036     0.374  0.030     0.359  0.023     0.374  0.020     0.373  0.020
  1992     2     0.454  0.039     0.346  0.031     0.358  0.022     0.374  0.020     0.376  0.020
  1992     3     0.472  0.044     0.306  0.032     0.357  0.022     0.377  0.020     0.380  0.020
  1992     4     0.346  0.040     0.281  0.034     0.359  0.022     0.378  0.021     0.382  0.020
  1992     5     0.349  0.053     0.257  0.034     0.364  0.022     0.380  0.021     0.384  0.020
  1992     6     0.286  0.041     0.245  0.031     0.363  0.022     0.381  0.021     0.386  0.020
  1992     7     0.125  0.043     0.237  0.032     0.365  0.022     0.381  0.021     0.388  0.020
  1992     8     0.114  0.053     0.236  0.032     0.371  0.022     0.382  0.021     0.390  0.020
  1992     9    -0.028  0.060     0.229  0.031     0.367  0.023     0.384  0.021     0.393  0.020
  1992    10     0.048  0.073     0.231  0.031     0.366  0.023     0.387  0.021     0.395  0.020
  1992    11     0.006  0.042     0.232  0.031     0.363  0.023     0.391  0.021     0.397  0.020
  1992    12     0.260  0.058     0.234  0.030     0.365  0.023     0.393  0.021     0.397  0.020
  1993     1     0.412  0.053     0.247  0.031     0.366  0.023     0.393  0.021     0.399  0.020
  1993     2     0.438  0.037     0.254  0.031     0.369  0.023     0.397  0.021     0.399  0.020
  1993     3     0.388  0.038     0.274  0.031     0.371  0.023     0.399  0.021     0.400  0.020
  1993     4     0.372  0.037     0.294  0.031     0.372  0.023     0.401  0.021     0.401  0.020
  1993     5     0.360  0.041     0.303  0.031     0.373  0.022     0.404  0.021     0.403  0.020
  1993     6     0.312  0.043     0.302  0.031     0.372  0.022     0.407  0.021     0.404  0.020
  1993     7     0.280  0.049     0.293  0.031     0.370  0.022     0.410  0.021     0.405  0.020
  1993     8     0.205  0.044     0.266  0.031     0.371  0.022     0.413  0.021     0.407  0.020
  1993     9     0.202  0.045     0.265  0.031     0.372  0.022     0.414  0.021     0.408  0.020
  1993    10     0.288  0.043     0.272  0.031     0.370  0.022     0.416  0.021     0.410  0.020
  1993    11     0.117  0.043     0.273  0.031     0.368  0.022     0.419  0.021     0.412  0.020
  1993    12     0.246  0.038     0.284  0.031     0.363  0.022     0.422  0.021     0.414  0.020
  1994     1     0.310  0.039     0.285  0.031     0.361  0.022     0.426  0.021     0.415  0.020
  1994     2     0.111  0.041     0.288  0.031     0.362  0.023     0.429  0.021     0.418  0.020
  1994     3     0.375  0.037     0.299  0.031     0.359  0.023     0.429  0.021     0.419  0.020
  1994     4     0.458  0.042     0.312  0.030     0.357  0.023     0.430  0.021     0.422  0.020
  1994     5     0.367  0.042     0.338  0.031     0.359  0.023     0.432  0.021     0.422  0.020
  1994     6     0.445  0.040     0.351  0.030     0.361  0.023     0.434  0.021     0.423  0.020
  1994     7     0.291  0.049     0.370  0.031     0.358  0.023     0.435  0.021     0.424  0.020
  1994     8     0.240  0.047     0.426  0.031     0.358  0.023     0.435  0.021     0.425  0.020
  1994     9     0.341  0.052     0.435  0.032     0.359  0.023     0.436  0.021     0.427  0.020
  1994    10     0.446  0.040     0.446  0.031     0.362  0.023     0.437  0.021     0.429  0.020
  1994    11     0.424  0.039     0.447  0.031     0.364  0.023     0.439  0.021     0.432  0.020
  1994    12     0.399  0.038     0.453  0.030     0.369  0.023     0.439  0.021     0.434  0.020
  1995     1     0.538  0.040     0.473  0.030     0.374  0.023     0.438  0.021     0.437  0.020
  1995     2     0.782  0.041     0.498  0.029     0.380  0.023     0.440  0.021     0.439  0.020
  1995     3     0.482  0.043     0.504  0.029     0.390  0.023     0.438  0.021     0.442  0.020
  1995     4     0.589  0.041     0.510  0.029     0.401  0.023     0.438  0.021     0.444  0.020
  1995     5     0.391  0.040     0.513  0.030     0.412  0.023     0.437  0.021     0.446  0.020
  1995     6     0.509  0.049     0.509  0.030     0.419  0.023     0.438  0.021     0.448  0.020
  1995     7     0.539  0.048     0.492  0.030     0.423  0.023     0.437  0.021     0.451  0.020
  1995     8     0.540  0.041     0.476  0.030     0.431  0.023     0.438  0.021     0.453  0.020
  1995     9     0.410  0.051     0.474  0.030     0.436  0.023     0.439  0.021     0.455  0.020
  1995    10     0.513  0.046     0.463  0.030     0.443  0.023     0.438  0.021     0.458  0.020
  1995    11     0.461  0.053     0.459  0.029     0.450  0.023     0.438  0.021     0.461  0.020
  1995    12     0.348  0.037     0.440  0.029     0.458  0.023     0.437  0.021     0.463  0.020
  1996     1     0.342  0.038     0.425  0.029     0.465  0.023     0.438  0.021     0.465  0.020
  1996     2     0.591  0.041     0.424  0.030     0.475  0.023     0.437  0.021     0.467  0.020
  1996     3     0.451  0.034     0.414  0.028     0.480  0.023     0.439  0.021     0.469  0.020
  1996     4     0.467  0.035     0.389  0.028     0.483  0.023     0.439  0.021     0.470  0.020
  1996     5     0.333  0.038     0.385  0.028     0.489  0.023     0.441  0.021     0.471  0.020
  1996     6     0.280  0.039     0.397  0.028     0.496  0.023     0.441  0.021     0.473  0.020
  1996     7     0.364  0.037     0.399  0.028     0.499  0.023     0.441  0.021     0.475  0.020
  1996     8     0.526  0.041     0.386  0.028     0.509  0.023     0.442  0.021     0.477  0.020
  1996     9     0.296  0.044     0.395  0.028     0.509  0.023     0.443  0.021     0.479  0.020
  1996    10     0.205  0.046     0.399  0.029     0.509  0.023     0.444  0.021     0.482  0.020
  1996    11     0.422  0.038     0.408  0.029     0.509  0.023     0.447  0.021     0.484  0.020
  1996    12     0.483  0.035     0.437  0.029     0.509  0.023     0.450  0.021     0.487  0.020
  1997     1     0.376  0.037     0.440  0.029     0.510  0.023     0.452  0.021     0.490  0.020
  1997     2     0.432  0.039     0.435  0.030     0.512  0.023     0.454  0.021     0.491  0.020
  1997     3     0.561  0.040     0.458  0.030     0.515  0.023     0.458  0.021     0.493  0.020
  1997     4     0.506  0.034     0.499  0.030     0.514  0.023     0.461  0.021     0.496  0.020
  1997     5     0.450  0.039     0.522  0.030     0.513  0.023     0.464  0.021     0.497  0.020
  1997     6     0.621  0.045     0.537  0.030     0.515  0.023     0.466  0.021     0.498  0.020
  1997     7     0.403  0.044     0.561  0.030     0.512  0.023     0.470  0.021     0.499  0.020
  1997     8     0.459  0.047     0.600  0.029     0.509  0.023     0.474  0.021     0.500  0.020
  1997     9     0.572  0.052     0.610  0.029     0.510  0.023     0.480  0.021     0.501  0.020
  1997    10     0.699  0.043     0.635  0.030     0.511  0.023     0.485  0.021     0.503  0.020
  1997    11     0.703  0.047     0.662  0.030     0.511  0.023     0.490  0.021     0.504  0.020
  1997    12     0.667  0.046     0.676  0.030     0.511  0.023     0.492  0.021     0.504  0.020
  1998     1     0.662  0.042     0.703  0.030     0.508  0.023     0.496  0.021     0.503  0.020
  1998     2     0.892  0.040     0.728  0.030     0.507  0.023     0.497  0.021     0.503  0.020
  1998     3     0.684  0.036     0.723  0.030     0.508  0.023     0.499  0.021     0.504  0.020
  1998     4     0.811  0.047     0.705  0.030     0.504  0.023     0.501  0.021     0.504  0.020
  1998     5     0.775  0.050     0.687  0.030     0.502  0.023     0.504  0.021     0.505  0.020
  1998     6     0.792  0.047     0.687  0.030     0.502  0.023     0.505  0.021     0.505  0.020
  1998     7     0.724  0.043     0.674  0.030     0.505  0.023     0.508  0.021     0.506  0.020
  1998     8     0.759  0.053     0.658  0.031     0.504  0.023     0.512  0.021     0.507  0.020
  1998     9     0.503  0.042     0.634  0.031     0.506  0.023     0.516  0.021     0.508  0.020
  1998    10     0.489  0.058     0.601  0.031     0.509  0.023     0.520  0.021     0.509  0.020
  1998    11     0.484  0.045     0.566  0.031     0.514  0.023     0.523  0.021     0.512  0.020
  1998    12     0.664  0.039     0.537  0.031     0.518  0.023     0.528  0.021     0.513  0.020
  1999     1     0.515  0.041     0.510  0.031     0.522  0.023     0.531  0.021     0.516  0.020
  1999     2     0.698  0.037     0.477  0.031     0.521  0.023     0.536  0.021     0.517  0.020
  1999     3     0.392  0.040     0.475  0.031     0.526  0.023     0.538  0.021     0.518  0.020
  1999     4     0.419  0.039     0.467  0.031     0.531  0.023     0.540  0.021     0.519  0.020
  1999     5     0.354  0.039     0.459  0.031     0.536  0.023     0.541  0.021     0.522  0.020
  1999     6     0.443  0.049     0.445  0.030     0.539  0.023     0.541  0.021     0.524  0.020
  1999     7     0.396  0.045     0.430  0.031     0.545  0.023     0.540  0.021     0.526  0.020
  1999     8     0.371  0.038     0.422  0.031     0.551  0.023     0.542  0.021     0.527  0.020
  1999     9     0.470  0.041     0.437  0.031     0.557  0.022     0.544  0.021     0.529  0.020
  1999    10     0.397  0.057     0.456  0.031     0.560  0.022     0.546  0.021     0.531  0.020
  1999    11     0.392  0.034     0.462  0.031     0.564  0.022     0.548  0.021     0.533  0.020
  1999    12     0.494  0.040     0.462  0.030     0.563  0.022     0.549  0.021     0.535  0.020
  2000     1     0.339  0.038     0.462  0.030     0.567  0.022     0.552  0.021     0.537  0.020
  2000     2     0.601  0.042     0.472  0.029     0.569  0.022     0.551  0.021     0.539  0.020
  2000     3     0.572  0.040     0.471  0.029     0.571  0.022     0.553  0.021     0.539  0.021
  2000     4     0.644  0.037     0.461  0.029     0.569  0.022     0.555  0.021     0.541  0.021
  2000     5     0.424  0.037     0.457  0.029     0.567  0.022     0.558  0.021     0.542  0.021
  2000     6     0.450  0.038     0.445  0.029     0.566  0.022     0.559  0.021     0.543  0.021
  2000     7     0.388  0.037     0.460  0.029     0.568  0.022     0.560  0.021     0.544  0.021
  2000     8     0.487  0.037     0.453  0.029     0.564  0.022     0.561  0.021     0.545  0.021
  2000     9     0.462  0.048     0.456  0.029     0.562  0.022     0.563  0.021     0.547  0.021
  2000    10     0.279  0.042     0.454  0.028     0.560  0.022     0.566  0.021     0.548  0.021
  2000    11     0.338  0.038     0.469  0.028     0.558  0.022     0.568  0.021     0.550  0.021
  2000    12     0.357  0.040     0.479  0.028     0.553  0.022     0.572  0.021     0.550  0.021
  2001     1     0.522  0.038     0.495  0.028     0.550  0.022     0.574  0.021     0.551  0.021
  2001     2     0.506  0.044     0.495  0.028     0.549  0.022     0.576  0.021     0.551  0.021
  2001     3     0.612  0.035     0.502  0.028     0.552  0.022     0.578  0.021     0.553  0.021
  2001     4     0.617  0.034     0.522  0.028     0.556  0.022     0.580  0.021     0.553  0.021
  2001     5     0.611  0.044     0.553  0.028     0.557  0.022     0.582  0.021     0.554  0.021
  2001     6     0.566  0.038     0.579  0.029     0.559  0.022     0.585  0.021     0.554  0.021
  2001     7     0.576  0.041     0.601  0.029     0.562  0.022     0.586  0.021     0.555  0.021
  2001     8     0.488  0.046     0.620  0.029     0.562  0.022     0.588  0.021     0.557  0.021
  2001     9     0.555  0.038     0.648  0.030     0.567  0.022     0.591  0.021     0.558  0.021
  2001    10     0.511  0.042     0.654  0.030     0.572  0.022     0.595  0.021     0.559  0.021
  2001    11     0.711  0.043     0.661  0.030     0.573  0.022     0.597  0.021     0.560  0.021
  2001    12     0.678  0.057     0.662  0.030     0.573  0.022     0.600  0.021     0.561  0.021
  2002     1     0.779  0.049     0.664  0.030     0.571  0.022     0.606  0.021     0.561  0.021
  2002     2     0.734  0.041     0.671  0.029     0.572  0.022     0.608  0.021     0.561  0.021
  2002     3     0.946  0.038     0.682  0.029     0.574  0.022     0.610  0.021     0.562  0.021
  2002     4     0.695  0.038     0.691  0.029     0.578  0.022     0.613  0.021     0.563  0.021
  2002     5     0.700  0.039     0.681  0.029     0.583  0.022     0.615  0.021     0.565  0.021
  2002     6     0.574  0.034     0.673  0.029     0.584  0.022     0.615  0.021     0.567  0.021
  2002     7     0.602  0.038     0.675  0.029     0.592  0.022     0.617  0.021     0.569  0.021
  2002     8     0.570  0.045     0.666  0.029     0.593  0.022     0.618  0.021     0.572  0.021
  2002     9     0.689  0.037     0.637  0.028     0.597  0.022     0.619  0.021     0.575  0.021
  2002    10     0.616  0.045     0.633  0.028     0.599  0.022     0.618  0.021     0.578  0.021
  2002    11     0.584  0.044     0.630  0.028     0.604  0.022     0.617  0.021     0.582  0.021
  2002    12     0.581  0.045     0.624  0.029     0.608  0.022     0.616  0.021     0.583  0.021
  2003     1     0.812  0.040     0.621  0.029     0.611  0.022     0.613  0.021     0.585  0.021
  2003     2     0.619  0.036     0.629  0.028     0.614  0.022     0.609  0.021     0.585  0.021
  2003     3     0.599  0.034     0.630  0.028     0.619  0.022     0.609  0.021     0.587  0.021
  2003     4     0.646  0.042     0.641  0.028     0.628  0.022     0.607  0.021     0.588  0.021
  2003     5     0.670  0.042     0.637  0.027     0.634  0.022     0.606  0.021     0.589  0.021
  2003     6     0.501  0.045     0.655  0.027     0.641  0.022     0.604  0.021     0.591  0.021
  2003     7     0.567  0.039     0.642  0.027     0.643  0.022     0.602  0.021     0.592  0.021
  2003     8     0.667  0.038     0.652  0.028     0.649  0.022     0.600  0.021     0.594  0.021
  2003     9     0.695  0.049     0.656  0.028     0.650  0.022     0.602  0.021     0.597  0.021
  2003    10     0.747  0.044     0.661  0.028     0.651  0.022     0.603  0.021     0.598  0.021
  2003    11     0.540  0.038     0.642  0.028     0.650  0.022     0.605  0.021     0.601  0.021
  2003    12     0.794  0.048     0.637  0.027     0.652  0.022     0.605  0.021     0.603  0.021
  2004     1     0.658  0.037     0.611  0.027     0.650  0.022     0.606  0.021     0.606  0.021
  2004     2     0.740  0.035     0.595  0.027     0.654  0.022     0.605  0.021     0.608  0.021
  2004     3     0.644  0.039     0.583  0.027     0.656  0.022     0.607  0.021     0.609  0.021
  2004     4     0.712  0.043     0.574  0.027     0.659  0.022     0.609  0.021     0.611  0.021
  2004     5     0.438  0.037     0.587  0.027     0.659  0.022     0.611  0.021     0.613  0.021
  2004     6     0.444  0.038     0.568  0.027     0.662  0.022     0.613  0.021     0.614  0.021
  2004     7     0.254  0.043     0.580  0.027     0.666  0.022     0.617  0.021     0.615  0.021
  2004     8     0.475  0.040     0.576  0.027     0.666  0.022     0.620  0.021     0.618  0.021
  2004     9     0.552  0.042     0.588  0.026     0.662  0.022     0.622  0.021     0.621  0.021
  2004    10     0.632  0.035     0.592  0.026     0.665  0.022     0.625  0.021     0.622  0.021
  2004    11     0.705  0.038     0.615  0.026     0.666  0.022     0.628  0.021     0.623  0.021
  2004    12     0.559  0.039     0.636  0.026     0.666  0.022     0.631  0.022     0.625  0.021
  2005     1     0.800  0.041     0.666  0.026     0.667  0.022     0.635  0.022     0.626  0.021
  2005     2     0.694  0.043     0.680  0.026     0.668  0.022     0.638  0.022     0.627  0.021
  2005     3     0.789  0.039     0.696  0.026     0.667  0.022     0.641  0.022     0.629  0.021
  2005     4     0.768  0.043     0.712  0.027     0.668  0.022     0.643  0.022     0.630  0.021
  2005     5     0.707  0.034     0.714  0.027     0.668  0.022     0.647  0.022     0.632  0.021
  2005     6     0.697  0.048     0.732  0.027     0.667  0.022     0.649  0.022     0.633  0.021
  2005     7     0.611  0.041     0.720  0.027     0.659  0.022     0.651  0.022     0.634  0.021
  2005     8     0.642  0.043     0.732  0.027     0.655  0.022     0.653  0.022     0.635  0.021
  2005     9     0.749  0.040     0.724  0.027     0.656  0.022     0.654  0.022     0.637  0.021
  2005    10     0.825  0.041     0.712  0.027     0.655  0.022     0.658  0.022     0.640  0.021
  2005    11     0.730  0.048     0.701  0.027     0.654  0.022     0.662  0.022     0.642  0.021
  2005    12     0.777  0.049     0.699  0.028     0.654  0.022     0.664  0.022     0.646  0.021
  2006     1     0.649  0.039     0.687  0.027     0.654  0.022     0.665  0.022     0.649  0.021
  2006     2     0.836  0.034     0.696  0.027     0.651  0.022     0.665  0.022     0.653  0.021
  2006     3     0.704  0.031     0.688  0.026     0.651  0.022     0.666  0.023     0.656  0.021
  2006     4     0.623  0.033     0.678  0.026     0.651  0.022     0.667  0.023     0.659  0.021
  2006     5     0.567  0.036     0.676  0.026     0.653  0.022     0.667  0.023     0.662  0.021
  2006     6     0.674  0.041     0.682  0.026     0.650  0.022     0.668  0.023     0.664  0.021
  2006     7     0.473  0.037     0.711  0.026     0.651  0.022     0.670  0.023     0.666  0.021
  2006     8     0.748  0.034     0.706  0.026     0.649  0.023     0.672  0.023     0.669  0.021
  2006     9     0.646  0.032     0.706  0.025     0.647  0.023     0.673  0.023     0.671  0.021
  2006    10     0.707  0.043     0.728  0.026     0.646  0.023     0.674  0.023     0.674  0.021
  2006    11     0.709  0.040     0.741  0.026     0.650  0.023     0.673  0.023     0.677  0.021
  2006    12     0.852  0.052     0.736  0.026     0.654  0.023     0.673  0.023     0.679  0.021
  2007     1     0.997  0.039     0.750  0.026     0.663  0.023     0.670  0.023     0.682  0.021
  2007     2     0.774  0.032     0.742  0.026     0.667  0.024     0.669  0.023     0.685  0.021
  2007     3     0.702  0.035     0.739  0.026     0.671  0.024     0.665  0.023     0.688  0.021
  2007     4     0.884  0.037     0.733  0.027     0.672  0.024     0.666  0.023     0.690  0.021
  2007     5     0.722  0.033     0.724  0.027     0.674  0.024     0.667  0.023     0.692  0.021
  2007     6     0.620  0.037     0.697  0.027     0.677  0.024     0.668  0.023     0.693  0.021
  2007     7     0.643  0.042     0.641  0.027     0.678  0.024     0.668  0.023     0.694  0.021
  2007     8     0.644  0.032     0.607  0.028     0.682  0.024     0.669  0.023     0.696  0.021
  2007     9     0.615  0.037     0.606  0.028     0.684  0.024     0.670  0.023     0.697  0.021
  2007    10     0.639  0.044     0.583  0.028     0.688  0.025     0.672  0.023     0.698  0.021
  2007    11     0.599  0.043     0.571  0.029     0.690  0.025     0.674  0.023     0.699  0.021
  2007    12     0.527  0.042     0.562  0.028     0.690  0.025     0.674  0.023     0.700  0.021
  2008     1     0.318  0.038     0.557  0.029     0.690  0.025     0.674  0.023     0.701  0.021
  2008     2     0.373  0.034     0.544  0.029     0.691  0.025     0.674  0.023     0.701  0.021
  2008     3     0.690  0.046     0.550  0.029     0.690  0.026     0.674  0.023     0.702  0.021
  2008     4     0.608  0.041     0.556  0.030     0.689  0.026     0.674  0.023     0.703  0.022
  2008     5     0.576  0.034     0.563  0.031     0.690  0.026     0.675  0.023     0.703  0.021
  2008     6     0.514  0.045     0.569  0.032     0.686  0.026     0.676  0.023     0.703  0.021
  2008     7     0.579  0.043     0.603  0.033     0.686  0.026     0.676  0.023     0.704  0.021
  2008     8     0.492  0.039     0.622  0.033     0.682  0.026     0.677  0.023     0.704  0.021
  2008     9     0.684  0.038     0.608  0.033     0.682  0.026     0.678  0.023     0.705  0.021
  2008    10     0.713  0.053     0.613  0.033     0.683  0.026     0.677  0.023     0.707  0.021
  2008    11     0.679  0.049     0.621  0.034     0.684  0.026     0.680  0.023     0.709  0.021
  2008    12     0.606  0.050     0.637  0.035     0.684  0.026     0.679  0.023     0.710  0.022
  2009     1     0.722  0.050     0.654  0.036     0.689  0.026     0.680  0.024     0.712  0.022
  2009     2     0.599  0.038     0.675  0.036     0.691  0.027     0.679  0.024     0.713  0.022
  2009     3     0.524  0.044     0.681  0.036     0.690  0.027     0.680  0.024     0.717  0.022
  2009     4     0.664  0.050     0.682  0.035     0.689  0.027     0.682  0.024     0.719  0.022
  2009     5     0.675  0.053     0.691  0.036     0.687  0.027     0.686  0.024     0.722  0.022
  2009     6     0.703  0.048     0.706  0.035     0.683  0.028     0.688  0.024     0.724  0.022
  2009     7     0.788  0.046     0.716  0.034     0.675  0.028     0.690  0.024     0.726  0.022
  2009     8     0.748  0.047     0.742  0.034     0.671  0.028     0.694  0.024     0.729  0.022
  2009     9     0.748  0.037     0.777  0.035     0.668  0.028     0.697  0.024     0.731  0.022
  2009    10     0.724  0.056     0.804  0.034     0.666  0.028     0.699  0.024     0.734  0.022
  2009    11     0.787  0.056     0.816  0.034     0.668  0.028     0.698  0.024     0.736  0.022
  2009    12     0.792  0.048     0.816  0.033     0.670  0.028     0.700  0.024     0.739  0.022
  2010     1     0.837  0.044     0.801  0.033     0.668  0.028     0.701  0.024     0.743  0.022
  2010     2     0.919  0.040     0.798  0.032     0.670  0.028     0.703  0.024     0.745  0.022
  2010     3     0.934  0.049     0.793  0.032     0.673  0.027     0.704  0.024     0.748  0.022
  2010     4     0.989  0.045     0.795  0.032     0.677  0.028     0.705  0.024     0.750  0.022
  2010     5     0.822  0.050     0.795  0.031     0.680  0.028     0.706  0.024     0.753  0.022
  2010     6     0.701  0.044     0.777  0.031     0.682  0.028     0.707  0.024     0.755  0.022
  2010     7     0.615  0.045     0.759  0.030     0.689  0.028     0.708  0.024     0.757  0.022
  2010     8     0.705  0.036     0.730  0.030     0.693  0.028     0.710  0.024     0.759  0.022
  2010     9     0.687  0.042     0.711  0.030     0.693  0.028     0.711  0.025     0.761  0.022
  2010    10     0.751  0.047     0.689  0.030     0.693  0.028     0.714  0.025     0.764  0.022
  2010    11     0.782  0.050     0.670  0.030     0.695  0.028     0.716  0.025     0.767  0.022
  2010    12     0.578  0.055     0.669  0.030     0.698  0.028     0.719  0.025     0.769  0.022
  2011     1     0.620  0.041     0.684  0.030     0.698  0.027     0.724  0.025     0.771  0.022
  2011     2     0.581  0.036     0.693  0.031     0.702  0.027     0.729  0.025     0.771  0.022
  2011     3     0.704  0.034     0.686  0.030     0.704  0.027     0.734  0.025     0.773  0.022
  2011     4     0.725  0.034     0.679  0.029     0.704  0.027     0.739  0.025     0.774  0.022
  2011     5     0.595  0.039     0.662  0.030     0.706  0.027     0.743  0.025     0.775  0.022
  2011     6     0.688  0.051     0.668  0.030     0.709  0.027     0.744  0.024     0.776  0.022
  2011     7     0.791  0.036     0.657  0.031     0.710  0.027     0.747  0.024     0.777  0.022
  2011     8     0.820  0.051     0.654  0.032     0.710  0.027     0.750  0.025     0.779  0.022
  2011     9     0.603  0.043     0.639  0.032     0.714  0.027     0.752  0.025     0.781  0.022
  2011    10     0.668  0.043     0.643  0.032     0.718  0.026     0.754  0.025     0.783  0.022
  2011    11     0.572  0.061     0.662  0.031     0.721  0.026     0.756  0.025     0.784  0.022
  2011    12     0.650  0.067     0.664  0.030     0.721  0.026     0.757  0.025     0.785  0.022
  2012     1     0.487  0.042     0.646  0.029     0.718  0.026     0.758  0.025     0.786  0.022
  2012     2     0.539  0.036     0.640  0.029     0.720  0.026     0.761  0.025     0.786  0.022
  2012     3     0.524  0.035     0.655  0.029     0.723  0.026     0.766  0.025     0.787  0.022
  2012     4     0.783  0.035     0.671  0.030     0.725  0.026     0.767  0.025     0.788  0.022
  2012     5     0.824  0.036     0.691  0.030     0.723  0.026     0.769  0.025     0.789  0.022
  2012     6     0.703  0.043     0.688  0.030     0.723  0.026     0.770  0.025     0.790  0.022
  2012     7     0.580  0.040     0.709  0.030     0.724  0.026     0.772  0.025     0.792  0.022
  2012     8     0.749  0.043     0.716  0.029     0.724  0.026     0.774  0.025     0.793  0.022
  2012     9     0.781  0.041     0.730  0.029     0.723  0.026     0.775  0.025     0.794  0.022
  2012    10     0.854  0.062     0.718  0.029     0.721  0.025     0.777  0.025     0.796  0.022
  2012    11     0.814  0.064     0.706  0.029     0.722  0.025     0.780  0.025     0.797  0.023
  2012    12     0.614  0.072     0.705  0.029     0.724  0.025     0.784  0.025     0.798  0.023
  2013     1     0.747  0.043     0.705  0.029     0.726  0.025     0.788  0.025     0.799  0.023
  2013     2     0.616  0.036     0.704  0.029     0.729  0.025     0.793  0.025     0.800  0.023
  2013     3     0.687  0.043     0.705  0.030     0.733  0.025     0.795  0.025     0.803  0.023
  2013     4     0.644  0.041     0.692  0.028     0.738  0.025     0.798  0.025     0.805  0.022
  2013     5     0.686  0.034     0.694  0.028     0.742  0.025     0.800  0.025     0.806  0.022
  2013     6     0.684  0.045     0.705  0.028     0.753  0.025     0.803  0.025     0.809  0.022
  2013     7     0.587  0.037     0.709  0.029     0.763  0.025     0.805  0.025     0.812  0.023
  2013     8     0.733  0.036     0.707  0.029     0.776  0.025     0.808  0.025     0.814  0.023
  2013     9     0.792  0.045     0.716  0.029     0.786  0.025     0.809  0.025     0.818  0.023
  2013    10     0.705  0.041     0.734  0.029     0.794  0.025     0.811  0.024     0.821  0.023
  2013    11     0.839  0.055     0.752  0.029     0.801  0.025     0.812  0.024     0.824  0.023
  2013    12     0.744  0.061     0.752  0.030     0.804  0.025     0.815  0.024     0.827  0.023
  2014     1     0.795  0.048     0.752  0.030     0.805  0.024     0.817  0.024     0.829  0.023
  2014     2     0.591  0.036     0.765  0.030     0.808  0.024     0.821  0.024     0.832  0.023
  2014     3     0.787  0.046     0.777  0.030     0.814  0.024     0.826  0.024     0.835  0.023
  2014     4     0.863  0.037     0.790  0.031     0.819  0.025     0.830  0.024     0.838  0.023
  2014     5     0.902  0.041     0.773  0.030     0.825  0.024     0.832  0.024     0.841  0.023
  2014     6     0.685  0.053     0.779  0.030     0.831  0.024     0.834  0.024     0.844  0.023
  2014     7     0.585  0.045     0.785  0.030     0.841  0.024     0.835  0.024     0.849  0.023
  2014     8     0.893  0.045     0.811  0.030     0.851  0.024     0.837  0.024     0.852  0.023
  2014     9     0.935  0.045     0.822  0.029     0.863  0.024     0.839  0.024     0.855  0.023
  2014    10     0.857  0.044     0.822  0.030     0.868  0.024     0.842  0.024     0.858  0.023
  2014    11     0.634  0.049     0.819  0.029     0.870  0.024     0.844  0.024     0.861  0.023
  2014    12     0.816  0.050     0.832  0.028     0.871  0.024     0.847  0.024     0.864  0.023
  2015     1     0.871  0.049     0.844  0.029     0.875  0.024     0.850  0.024       NaN    NaN
  2015     2     0.902  0.034     0.843  0.029     0.877  0.024     0.853  0.024       NaN    NaN
  2015     3     0.918  0.036     0.840  0.028     0.877  0.024     0.855  0.024       NaN    NaN
  2015     4     0.868  0.037     0.860  0.028     0.878  0.024     0.857  0.024       NaN    NaN
  2015     5     0.867  0.035     0.892  0.028     0.879  0.024     0.859  0.023       NaN    NaN
  2015     6     0.833  0.034     0.923  0.027     0.885  0.024     0.861  0.023       NaN    NaN
  2015     7     0.739  0.039     0.955  0.027     0.888  0.023     0.863  0.023       NaN    NaN
  2015     8     0.875  0.035     0.991  0.027     0.893  0.023     0.865  0.023       NaN    NaN
  2015     9     0.896  0.037     1.026  0.027     0.897  0.024     0.868  0.023       NaN    NaN
  2015    10     1.096  0.042     1.052  0.027     0.903  0.024     0.869  0.023       NaN    NaN
  2015    11     1.019  0.043     1.067  0.027     0.905  0.024     0.872  0.023       NaN    NaN
  2015    12     1.192  0.063     1.068  0.027     0.908  0.024     0.874  0.024       NaN    NaN
  2016     1     1.253  0.041     1.076  0.026     0.911  0.024     0.877  0.024       NaN    NaN
  2016     2     1.338  0.037     1.090  0.026     0.913  0.024     0.878  0.024       NaN    NaN
  2016     3     1.329  0.034     1.093  0.026     0.913  0.024     0.879  0.023       NaN    NaN
  2016     4     1.179  0.039     1.082  0.027     0.918  0.024     0.880  0.023       NaN    NaN
  2016     5     1.052  0.034     1.077  0.027     0.918  0.024     0.883  0.023       NaN    NaN
  2016     6     0.842  0.037     1.059  0.027     0.922  0.024     0.884  0.023       NaN    NaN
  2016     7     0.842  0.039     1.045  0.026     0.925  0.023     0.885  0.023       NaN    NaN
  2016     8     1.043  0.039     1.032  0.027     0.931  0.023     0.886  0.023       NaN    NaN
  2016     9     0.927  0.039     1.023  0.027     0.939  0.023     0.889  0.023       NaN    NaN
  2016    10     0.962  0.047     1.012  0.027     0.943  0.024     0.892  0.023       NaN    NaN
  2016    11     0.961  0.047     1.007  0.027     0.943  0.024     0.895  0.023       NaN    NaN
  2016    12     0.974  0.051     0.998  0.027     0.947  0.023     0.897  0.023       NaN    NaN
  2017     1     1.094  0.038     0.995  0.027     0.953  0.024     0.901  0.023       NaN    NaN
  2017     2     1.181  0.032     0.983  0.027     0.955  0.024     0.904  0.023       NaN    NaN
  2017     3     1.222  0.033     0.972  0.027     0.955  0.024     0.908  0.023       NaN    NaN
  2017     4     1.045  0.034     0.969  0.026     0.959  0.024     0.910  0.023       NaN    NaN
  2017     5     0.987  0.031     0.960  0.027     0.965  0.024     0.910  0.023       NaN    NaN
  2017     6     0.733  0.037     0.962  0.026     0.971  0.024     0.912  0.023       NaN    NaN
  2017     7     0.814  0.039     0.944  0.026     0.977  0.024     0.915  0.023       NaN    NaN
  2017     8     0.901  0.038     0.923  0.026     0.982  0.024     0.917  0.023       NaN    NaN
  2017     9     0.786  0.042     0.898  0.027     0.986  0.024     0.918  0.024       NaN    NaN
  2017    10     0.926  0.045     0.894  0.027     0.992  0.024     0.920  0.024       NaN    NaN
  2017    11     0.857  0.039     0.883  0.028     0.995  0.024     0.919  0.024       NaN    NaN
  2017    12     0.996  0.039     0.889  0.028     0.997  0.024     0.922  0.024       NaN    NaN
  2018     1     0.878  0.035     0.889  0.027     1.000  0.024     0.923  0.024       NaN    NaN
  2018     2     0.927  0.036     0.883  0.028     1.001  0.024     0.926  0.024       NaN    NaN
  2018     3     0.931  0.046     0.885  0.028     1.003  0.024     0.931  0.024       NaN    NaN
  2018     4     0.991  0.038     0.892  0.028     1.001  0.024     0.935  0.024       NaN    NaN
  2018     5     0.852  0.038     0.889  0.028     1.002  0.024     0.938  0.024       NaN    NaN
  2018     6     0.808  0.042     0.888  0.028     0.996  0.024     0.941  0.023       NaN    NaN
  2018     7     0.810  0.036     0.894  0.028     0.990  0.024     0.947  0.024       NaN    NaN
  2018     8     0.833  0.043     0.900  0.028     0.980  0.024     0.952  0.024       NaN    NaN
  2018     9     0.812  0.056     0.924  0.028     0.972  0.024     0.958  0.024       NaN    NaN
  2018    10     1.013  0.041     0.934  0.028     0.967  0.024     0.964  0.024       NaN    NaN
  2018    11     0.821  0.043     0.940  0.027     0.964  0.024     0.969  0.024       NaN    NaN
  2018    12     0.978  0.051     0.947  0.027     0.964  0.024     0.974  0.024       NaN    NaN
  2019     1     0.956  0.033     0.959  0.028     0.965  0.024     0.978  0.024       NaN    NaN
  2019     2     0.993  0.032     0.973  0.029     0.963  0.024     0.985  0.024       NaN    NaN
  2019     3     1.219  0.033     0.985  0.029     0.964  0.024     0.990  0.024       NaN    NaN
  2019     4     1.113  0.035     0.993  0.030     0.965  0.025     0.994  0.024       NaN    NaN
  2019     5     0.929  0.036     1.009  0.030     0.965  0.025     0.997  0.024       NaN    NaN
  2019     6     0.888  0.042     1.024  0.031     0.964  0.025     1.001  0.024       NaN    NaN
  2019     7     0.957  0.052     1.044  0.032     0.961  0.025     1.007  0.024       NaN    NaN
  2019     8     1.002  0.048     1.064  0.033     0.956  0.025     1.011  0.024       NaN    NaN
  2019     9     0.949  0.051     1.061  0.032     0.954  0.025     1.014  0.024       NaN    NaN
  2019    10     1.109  0.052     1.071  0.032     0.952  0.025     1.018  0.024       NaN    NaN
  2019    11     1.012  0.051     1.080  0.032     0.950  0.025     1.024  0.024       NaN    NaN
  2019    12     1.161  0.045     1.083  0.031     0.954  0.025     1.027  0.024       NaN    NaN
  2020     1     1.201  0.039     1.081  0.031     0.956  0.025       NaN    NaN       NaN    NaN
  2020     2     1.231  0.040     1.077  0.031     0.957  0.025       NaN    NaN       NaN    NaN
  2020     3     1.178  0.035     1.082  0.030     0.960  0.025       NaN    NaN       NaN    NaN
  2020     4     1.231  0.040     1.067  0.031     0.961  0.026       NaN    NaN       NaN    NaN
  2020     5     1.046  0.032     1.074  0.031     0.959  0.026       NaN    NaN       NaN    NaN
  2020     6     0.923  0.039     1.049  0.032     0.958  0.026       NaN    NaN       NaN    NaN
  2020     7     0.931  0.041     1.023  0.032     0.959  0.026       NaN    NaN       NaN    NaN
  2020     8     0.954  0.038     0.979  0.031     0.960  0.026       NaN    NaN       NaN    NaN
  2020     9     1.009  0.047     0.953  0.031     0.966  0.026       NaN    NaN       NaN    NaN
  2020    10     0.931  0.056     0.924  0.029     0.967  0.026       NaN    NaN       NaN    NaN
  2020    11     1.088  0.056     0.910  0.030     0.970  0.026       NaN    NaN       NaN    NaN
  2020    12     0.866  0.052     0.903  0.030     0.975  0.026       NaN    NaN       NaN    NaN
  2021     1     0.894  0.039     0.901  0.031     0.983  0.026       NaN    NaN       NaN    NaN
  2021     2     0.698  0.037     0.897  0.031     0.991  0.026       NaN    NaN       NaN    NaN
  2021     3     0.868  0.037     0.895  0.031     1.003  0.026       NaN    NaN       NaN    NaN
  2021     4     0.885  0.038     0.906  0.031     1.009  0.026       NaN    NaN       NaN    NaN
  2021     5     0.868  0.036     0.893  0.031     1.019  0.026       NaN    NaN       NaN    NaN
  2021     6     0.845  0.046     0.895  0.030     1.027  0.027       NaN    NaN       NaN    NaN
  2021     7     0.906  0.043     0.899  0.031     1.032  0.027       NaN    NaN       NaN    NaN
  2021     8     0.904  0.042     0.915  0.031     1.039  0.027       NaN    NaN       NaN    NaN
  2021     9     0.989  0.044     0.932  0.030     1.042  0.027       NaN    NaN       NaN    NaN
  2021    10     1.060  0.046     0.936  0.031     1.046  0.026       NaN    NaN       NaN    NaN
  2021    11     0.931  0.053     0.938  0.031     1.050  0.026       NaN    NaN       NaN    NaN
  2021    12     0.889  0.042     0.949  0.031     1.056  0.026       NaN    NaN       NaN    NaN
  2022     1     0.946  0.040     0.951  0.031     1.061  0.026       NaN    NaN       NaN    NaN
  2022     2     0.889  0.035     0.956  0.031     1.067  0.026       NaN    NaN       NaN    NaN
  2022     3     1.078  0.037     0.951  0.031     1.072  0.026       NaN    NaN       NaN    NaN
  2022     4     0.927  0.033     0.949  0.031     1.077  0.026       NaN    NaN       NaN    NaN
  2022     5     0.896  0.040     0.932  0.031     1.082  0.027       NaN    NaN       NaN    NaN
  2022     6     0.972  0.049     0.936  0.031     1.084  0.027       NaN    NaN       NaN    NaN
  2022     7     0.925  0.044     0.934  0.031       NaN    NaN       NaN    NaN       NaN    NaN
  2022     8     0.976  0.042     0.942  0.031       NaN    NaN       NaN    NaN       NaN    NaN
  2022     9     0.919  0.049     0.958  0.031       NaN    NaN       NaN    NaN       NaN    NaN
  2022    10     1.041  0.058     0.972  0.030       NaN    NaN       NaN    NaN       NaN    NaN
  2022    11     0.730  0.055     0.980  0.030       NaN    NaN       NaN    NaN       NaN    NaN
  2022    12     0.936  0.053     0.994  0.030       NaN    NaN       NaN    NaN       NaN    NaN
  2023     1     0.925  0.039     1.022  0.029       NaN    NaN       NaN    NaN       NaN    NaN
  2023     2     0.985  0.034     1.050  0.030       NaN    NaN       NaN    NaN       NaN    NaN
  2023     3     1.268  0.034     1.103  0.030       NaN    NaN       NaN    NaN       NaN    NaN
  2023     4     1.086  0.041     1.132  0.030       NaN    NaN       NaN    NaN       NaN    NaN
  2023     5     1.002  0.040     1.188  0.031       NaN    NaN       NaN    NaN       NaN    NaN
  2023     6     1.130  0.045     1.229  0.031       NaN    NaN       NaN    NaN       NaN    NaN
  2023     7     1.266  0.046     1.260  0.032       NaN    NaN       NaN    NaN       NaN    NaN
  2023     8     1.315  0.046     1.297  0.032       NaN    NaN       NaN    NaN       NaN    NaN
  2023     9     1.548  0.049     1.303  0.031       NaN    NaN       NaN    NaN       NaN    NaN
  2023    10     1.393  0.060     1.325  0.031       NaN    NaN       NaN    NaN       NaN    NaN
  2023    11     1.400  0.066     1.344  0.031       NaN    NaN       NaN    NaN       NaN    NaN
  2023    12     1.427  0.059     1.352  0.031       NaN    NaN       NaN    NaN       NaN    NaN
  2024     1     1.300  0.046     1.349  0.032       NaN    NaN       NaN    NaN       NaN    NaN
  2024     2     1.426  0.033     1.354  0.032       NaN    NaN       NaN    NaN       NaN    NaN
  2024     3     1.343  0.043     1.331  0.031       NaN    NaN       NaN    NaN       NaN    NaN
  2024     4     1.352  0.045     1.329  0.031       NaN    NaN       NaN    NaN       NaN    NaN
  2024     5     1.223  0.035     1.322  0.032       NaN    NaN       NaN    NaN       NaN    NaN
  2024     6     1.230  0.046     1.311  0.032       NaN    NaN       NaN    NaN       NaN    NaN
  2024     7     1.229  0.047       NaN    NaN       NaN    NaN       NaN    NaN       NaN    NaN
  2024     8     1.383  0.049       NaN    NaN       NaN    NaN       NaN    NaN       NaN    NaN
  2024     9     1.271  0.035       NaN    NaN       NaN    NaN       NaN    NaN       NaN    NaN
  2024    10     1.368  0.065       NaN    NaN       NaN    NaN       NaN    NaN       NaN    NaN
  2024    11     1.313  0.080       NaN    NaN       NaN    NaN       NaN    NaN       NaN    NaN
  2024    12     1.289  0.064       NaN    NaN       NaN    NaN       NaN    NaN       NaN    NaN