 *****  MODTRAN3 Version 1.3  12/1/95  *****
0 CARD 1  *****T   1    3    1    0    0    0    0    0    0    0    0    0   -1   0.000  -1.00
 co2mx co2rat ch4rat h2orat t_o3rat s_o3rat scalefreon    400.000000       1.21212125       1.00000000       1.00000000       1.00000000       1.00000000       1.00000000    
0 CARD 2  *****    0    0    0    0    0    0     0.000     0.000     0.000     0.000     0.000
0 CARD 3  *****     5.000     0.000   180.000     0.000     0.000     0.000    0
0 CARD 4  *****         2      2200         2         3
0 PROGRAM WILL COMPUTE RADIANCE                
0 ATMOSPHERIC MODEL
          TEMPERATURE =    1     TROPICAL MODEL      
          WATER VAPOR =    1     TROPICAL MODEL      
          OZONE       =    1     TROPICAL MODEL      
                      M4 =     1 M5 =     1 M6 =     1 MDEF =     1
0 SLANT PATH TO SPACE
          H1    =      5.000 KM
          HMIN  =      0.000 KM
          ANGLE =    180.000 DEG
0 FREQUENCY RANGE
             IV1 =         2 CM-1  (   5000.00 MICROMETERS)
             IV2 =      2200 CM-1  (      4.55 MICROMETERS)
             IDV =         2 CM-1
           IFWHM =         3 CM-1
1
  ATMOSPHERIC PROFILES

   I     Z       P       T        N2       CNTMSLF MOL SCAT     N-1     O3 (UV)  O2 (UV)
        (KM)    (MB)    (K)            (MOL/CM2 KM)   (-)       (-)  (ATM CM/KM) (ATM CM/KM)

   1     0.00 1013.000  299.7  7.622E-01 1.623E+21 9.112E-01 2.609E-04 2.612E-03 3.342E+04
   2     1.00  904.000  293.7  6.321E-01 7.602E+20 8.298E-01 2.379E-04 2.612E-03 2.927E+04
   3     2.00  805.000  287.7  5.223E-01 3.892E+20 7.543E-01 2.164E-04 2.519E-03 2.562E+04
   4     3.00  715.000  283.7  4.238E-01 9.924E+19 6.794E-01 1.951E-04 2.379E-03 2.219E+04
   5     4.00  633.000  277.0  3.484E-01 2.176E+19 6.160E-01 1.771E-04 2.192E-03 1.945E+04
   6     5.00  559.000  270.3  2.853E-01 1.012E+19 5.575E-01 1.603E-04 2.099E-03 1.703E+04
   7     6.00  492.000  263.6  2.324E-01 3.249E+18 5.032E-01 1.447E-04 2.006E-03 1.490E+04
   8     7.00  432.000  257.0  1.885E-01 9.917E+17 4.531E-01 1.303E-04 1.912E-03 1.302E+04
   9     8.00  378.000  250.3  1.522E-01 2.810E+17 4.071E-01 1.171E-04 1.819E-03 1.138E+04
  10     9.00  329.000  243.6  1.217E-01 6.471E+16 3.641E-01 1.047E-04 1.819E-03 9.902E+03
  11    10.00  286.000  237.0  9.716E-02 1.125E+16 3.253E-01 9.356E-05 1.819E-03 8.629E+03
  12    11.00  247.000  230.1  7.688E-02 1.299E+15 2.894E-01 8.322E-05 1.912E-03 7.496E+03
  13    12.00  213.000  223.6  6.054E-02 1.618E+14 2.568E-01 7.385E-05 2.006E-03 6.507E+03
  14    13.00  182.000  217.0  4.693E-02 1.456E+13 2.261E-01 6.503E-05 2.099E-03 5.608E+03
  15    14.00  156.000  210.3  3.671E-02 4.497E+12 2.000E-01 5.751E-05 2.098E-03 4.870E+03
  16    15.00  132.000  203.7  2.802E-02 1.419E+12 1.747E-01 5.024E-05 2.193E-03 4.178E+03
  17    16.00  111.000  197.0  2.118E-02 6.036E+11 1.519E-01 4.368E-05 2.192E-03 3.572E+03
  18    17.00   93.700  194.8  1.544E-02 4.110E+11 1.297E-01 3.729E-05 3.240E-03 3.000E+03
  19    18.00   78.900  198.8  1.051E-02 2.516E+11 1.070E-01 3.077E-05 5.346E-03 2.433E+03
  20    19.00   66.600  202.7  7.202E-03 1.542E+11 8.857E-02 2.547E-05 8.409E-03 1.986E+03
  21    20.00   56.500  206.7  4.985E-03 1.067E+11 7.369E-02 2.119E-05 1.031E-02 1.633E+03
  22    21.00   48.000  210.7  3.463E-03 7.699E+10 6.141E-02 1.766E-05 1.105E-02 1.348E+03
  23    22.00   40.900  214.6  2.423E-03 6.016E+10 5.138E-02 1.478E-05 1.232E-02 1.119E+03
  24    23.00   35.000  217.0  1.736E-03 4.622E+10 4.348E-02 1.250E-05 1.477E-02 9.409E+02
  25    24.00   30.000  219.2  1.250E-03 4.052E+10 3.689E-02 1.061E-05 1.585E-02 7.942E+02
  26    25.00   25.700  221.4  8.990E-04 3.007E+10 3.129E-02 9.000E-06 1.689E-02 6.705E+02
  27    30.00   12.200  232.3  1.840E-04 9.323E+09 1.416E-02 4.072E-06 1.316E-02 2.992E+02
  28    35.00    6.000  243.1  4.064E-05 2.723E+09 6.654E-03 1.914E-06 6.450E-03 1.397E+02
  29    40.00    3.050  254.0  9.620E-06 8.236E+08 3.237E-03 9.310E-07 2.426E-03 6.779E+01
  30    45.00    1.590  264.8  2.405E-06 2.475E+08 1.619E-03 4.655E-07 7.279E-04 3.385E+01
  31    50.00    0.854  270.2  6.665E-07 7.597E+07 8.520E-04 2.450E-07 2.384E-04 1.781E+01
  32    70.00    0.058  218.9  4.684E-09 3.003E+05 7.143E-05 2.054E-08 2.141E-06 1.492E+00
  33   100.00    0.000  190.7  1.532E-13 7.763E-02 4.085E-07 1.175E-10 1.633E-08 6.532E-03
1
  ATMOSPHERIC PROFILES

   I     Z       P       T      CNTMFRN     HNO3    AEROSOL 1 AEROSOL 2 AEROSOL 3 AEROSOL 4 AER1*RH   CIRRUS         RH
        (KM)    (MB)    (K)   MOL/CM2 KM ATM CM/KM   (-)       (-)       (-)       (-)       (-)       (-)      (PERCNT)

   1     0.00 1013.000  299.7  6.101E+22 0.000E+00 0.000E+00 0.000E+00 0.000E+00 0.000E+00 0.000E+00 0.000E+00 7.553E+01
   2     1.00  904.000  293.7  3.828E+22 0.000E+00 0.000E+00 0.000E+00 0.000E+00 0.000E+00 0.000E+00 0.000E+00 7.277E+01
   3     2.00  805.000  287.7  2.500E+22 0.000E+00 0.000E+00 0.000E+00 0.000E+00 0.000E+00 0.000E+00 0.000E+00 7.451E+01
   4     3.00  715.000  283.7  1.145E+22 0.000E+00 0.000E+00 0.000E+00 0.000E+00 0.000E+00 0.000E+00 0.000E+00 4.825E+01
   5     4.00  633.000  277.0  4.881E+21 0.000E+00 0.000E+00 0.000E+00 0.000E+00 0.000E+00 0.000E+00 0.000E+00 3.491E+01
   6     5.00  559.000  270.3  3.015E+21 0.000E+00 0.000E+00 0.000E+00 0.000E+00 0.000E+00 0.000E+00 0.000E+00 3.771E+01
   7     6.00  492.000  263.6  1.544E+21 0.000E+00 0.000E+00 0.000E+00 0.000E+00 0.000E+00 0.000E+00 0.000E+00 3.479E+01
   8     7.00  432.000  257.0  7.690E+20 0.000E+00 0.000E+00 0.000E+00 0.000E+00 0.000E+00 0.000E+00 0.000E+00 3.198E+01
   9     8.00  378.000  250.3  3.680E+20 0.000E+00 0.000E+00 0.000E+00 0.000E+00 0.000E+00 0.000E+00 0.000E+00 2.947E+01
  10     9.00  329.000  243.6  1.580E+20 0.000E+00 0.000E+00 0.000E+00 0.000E+00 0.000E+00 0.000E+00 0.000E+00 2.535E+01
  11    10.00  286.000  237.0  5.886E+19 0.000E+00 0.000E+00 0.000E+00 0.000E+00 0.000E+00 0.000E+00 0.000E+00 1.951E+01
  12    11.00  247.000  230.1  1.780E+19 0.000E+00 0.000E+00 0.000E+00 0.000E+00 0.000E+00 0.000E+00 0.000E+00 1.315E+01
  13    12.00  213.000  223.6  5.573E+18 0.000E+00 0.000E+00 0.000E+00 0.000E+00 0.000E+00 0.000E+00 0.000E+00 9.253E+00
  14    13.00  182.000  217.0  1.472E+18 0.000E+00 0.000E+00 0.000E+00 0.000E+00 0.000E+00 0.000E+00 0.000E+00 5.881E+00
  15    14.00  156.000  210.3  7.236E+17 0.000E+00 0.000E+00 0.000E+00 0.000E+00 0.000E+00 0.000E+00 0.000E+00 7.410E+00
  16    15.00  132.000  203.7  3.551E+17 0.000E+00 0.000E+00 0.000E+00 0.000E+00 0.000E+00 0.000E+00 0.000E+00 9.923E+00
  17    16.00  111.000  197.0  2.014E+17 0.000E+00 0.000E+00 0.000E+00 0.000E+00 0.000E+00 0.000E+00 0.000E+00 1.677E+01
  18    17.00   93.700  194.8  1.419E+17 0.000E+00 0.000E+00 0.000E+00 0.000E+00 0.000E+00 0.000E+00 0.000E+00 1.924E+01
  19    18.00   78.900  198.8  9.158E+16 0.000E+00 0.000E+00 0.000E+00 0.000E+00 0.000E+00 0.000E+00 0.000E+00 8.321E+00
  20    19.00   66.600  202.7  5.934E+16 0.000E+00 0.000E+00 0.000E+00 0.000E+00 0.000E+00 0.000E+00 0.000E+00 3.752E+00
  21    20.00   56.500  206.7  4.107E+16 0.000E+00 0.000E+00 0.000E+00 0.000E+00 0.000E+00 0.000E+00 0.000E+00 1.818E+00
  22    21.00   48.000  210.7  2.908E+16 0.000E+00 0.000E+00 0.000E+00 0.000E+00 0.000E+00 0.000E+00 0.000E+00 9.217E-01
  23    22.00   40.900  214.6  2.150E+16 0.000E+00 0.000E+00 0.000E+00 0.000E+00 0.000E+00 0.000E+00 0.000E+00 5.033E-01
  24    23.00   35.000  217.0  1.595E+16 0.000E+00 0.000E+00 0.000E+00 0.000E+00 0.000E+00 0.000E+00 0.000E+00 3.313E-01
  25    24.00   30.000  219.2  1.267E+16 0.000E+00 0.000E+00 0.000E+00 0.000E+00 0.000E+00 0.000E+00 0.000E+00 2.401E-01
  26    25.00   25.700  221.4  9.258E+15 0.000E+00 0.000E+00 0.000E+00 0.000E+00 0.000E+00 0.000E+00 0.000E+00 1.611E-01
  27    30.00   12.200  232.3  2.333E+15 0.000E+00 0.000E+00 0.000E+00 0.000E+00 0.000E+00 0.000E+00 0.000E+00 2.817E-02
  28    35.00    6.000  243.1  5.924E+14 0.000E+00 0.000E+00 0.000E+00 0.000E+00 0.000E+00 0.000E+00 0.000E+00 5.440E-03
  29    40.00    3.050  254.0  1.585E+14 0.000E+00 0.000E+00 0.000E+00 0.000E+00 0.000E+00 0.000E+00 0.000E+00 1.173E-03
  30    45.00    1.590  264.8  4.345E+13 0.000E+00 0.000E+00 0.000E+00 0.000E+00 0.000E+00 0.000E+00 0.000E+00 2.777E-04
  31    50.00    0.854  270.2  1.267E+13 0.000E+00 0.000E+00 0.000E+00 0.000E+00 0.000E+00 0.000E+00 0.000E+00 1.041E-04
  32    70.00    0.058  218.9  6.679E+10 0.000E+00 0.000E+00 0.000E+00 0.000E+00 0.000E+00 0.000E+00 0.000E+00 6.767E-04
  33   100.00    0.000  190.7  1.942E+05 0.000E+00 0.000E+00 0.000E+00 0.000E+00 0.000E+00 0.000E+00 0.000E+00 1.583E-05
1
  ATMOSPHERIC PROFILES

   I      Z       P       T      H2O      O3       CO2      CO       CH4      N2O      O2       NH3      NO       NO2      SO2
         (KM)    (MB)    (K)  (                                    MBAR                                                       )
   1     0.00 1013.000  299.7  1.90E+01 2.87E-02 4.00E+02 0.00E+00 1.70E+00 0.00E+00 2.09E+05 0.00E+00 0.00E+00 0.00E+00 0.00E+00
   2     1.00  904.000  293.7  1.30E+01 3.15E-02 4.00E+02 0.00E+00 1.70E+00 0.00E+00 2.09E+05 0.00E+00 0.00E+00 0.00E+00 0.00E+00
   3     2.00  805.000  287.7  9.29E+00 3.34E-02 4.00E+02 0.00E+00 1.70E+00 0.00E+00 2.09E+05 0.00E+00 0.00E+00 0.00E+00 0.00E+00
   4     3.00  715.000  283.7  4.69E+00 3.50E-02 4.00E+02 0.00E+00 1.70E+00 0.00E+00 2.09E+05 0.00E+00 0.00E+00 0.00E+00 0.00E+00
   5     4.00  633.000  277.0  2.20E+00 3.56E-02 4.00E+02 0.00E+00 1.70E+00 0.00E+00 2.09E+05 0.00E+00 0.00E+00 0.00E+00 0.00E+00
   6     5.00  559.000  270.3  1.50E+00 3.77E-02 4.00E+02 0.00E+00 1.70E+00 0.00E+00 2.09E+05 0.00E+00 0.00E+00 0.00E+00 0.00E+00
   7     6.00  492.000  263.6  8.49E-01 3.99E-02 4.00E+02 0.00E+00 1.70E+00 0.00E+00 2.09E+05 0.00E+00 0.00E+00 0.00E+00 0.00E+00
   8     7.00  432.000  257.0  4.69E-01 4.22E-02 4.00E+02 0.00E+00 1.70E+00 0.00E+00 2.09E+05 0.00E+00 0.00E+00 0.00E+00 0.00E+00
   9     8.00  378.000  250.3  2.50E-01 4.47E-02 4.00E+02 0.00E+00 1.70E+00 0.00E+00 2.09E+05 0.00E+00 0.00E+00 0.00E+00 0.00E+00
  10     9.00  329.000  243.6  1.20E-01 5.00E-02 4.00E+02 0.00E+00 1.69E+00 0.00E+00 2.09E+05 0.00E+00 0.00E+00 0.00E+00 0.00E+00
  11    10.00  286.000  237.0  5.00E-02 5.60E-02 4.00E+02 0.00E+00 1.68E+00 0.00E+00 2.09E+05 0.00E+00 0.00E+00 0.00E+00 0.00E+00
  12    11.00  247.000  230.1  1.70E-02 6.61E-02 4.00E+02 0.00E+00 1.67E+00 0.00E+00 2.09E+05 0.00E+00 0.00E+00 0.00E+00 0.00E+00
  13    12.00  213.000  223.6  5.99E-03 7.81E-02 4.00E+02 0.00E+00 1.66E+00 0.00E+00 2.09E+05 0.00E+00 0.00E+00 0.00E+00 0.00E+00
  14    13.00  182.000  217.0  1.80E-03 9.29E-02 4.00E+02 0.00E+00 1.64E+00 0.00E+00 2.09E+05 0.00E+00 0.00E+00 0.00E+00 0.00E+00
  15    14.00  156.000  210.3  9.99E-04 1.05E-01 4.00E+02 0.00E+00 1.63E+00 0.00E+00 2.09E+05 0.00E+00 0.00E+00 0.00E+00 0.00E+00
  16    15.00  132.000  203.7  5.61E-04 1.26E-01 4.00E+02 0.00E+00 1.61E+00 0.00E+00 2.09E+05 0.00E+00 0.00E+00 0.00E+00 0.00E+00
  17    16.00  111.000  197.0  3.66E-04 1.44E-01 4.00E+02 0.00E+00 1.58E+00 0.00E+00 2.09E+05 0.00E+00 0.00E+00 0.00E+00 0.00E+00
  18    17.00   93.700  194.8  3.02E-04 2.50E-01 4.00E+02 0.00E+00 1.55E+00 0.00E+00 2.09E+05 0.00E+00 0.00E+00 0.00E+00 0.00E+00
  19    18.00   78.900  198.8  2.36E-04 5.00E-01 4.00E+02 0.00E+00 1.52E+00 0.00E+00 2.09E+05 0.00E+00 0.00E+00 0.00E+00 0.00E+00
  20    19.00   66.600  202.7  1.85E-04 9.50E-01 4.00E+02 0.00E+00 1.48E+00 0.00E+00 2.09E+05 0.00E+00 0.00E+00 0.00E+00 0.00E+00
  21    20.00   56.500  206.7  1.54E-04 1.40E+00 4.00E+02 0.00E+00 1.42E+00 0.00E+00 2.09E+05 0.00E+00 0.00E+00 0.00E+00 0.00E+00
  22    21.00   48.000  210.7  1.31E-04 1.80E+00 4.00E+02 0.00E+00 1.36E+00 0.00E+00 2.09E+05 0.00E+00 0.00E+00 0.00E+00 0.00E+00
  23    22.00   40.900  214.6  1.16E-04 2.40E+00 4.00E+02 0.00E+00 1.27E+00 0.00E+00 2.09E+05 0.00E+00 0.00E+00 0.00E+00 0.00E+00
  24    23.00   35.000  217.0  1.01E-04 3.40E+00 4.00E+02 0.00E+00 1.19E+00 0.00E+00 2.09E+05 0.00E+00 0.00E+00 0.00E+00 0.00E+00
  25    24.00   30.000  219.2  9.48E-05 4.30E+00 4.00E+02 0.00E+00 1.12E+00 0.00E+00 2.09E+05 0.00E+00 0.00E+00 0.00E+00 0.00E+00
  26    25.00   25.700  221.4  8.17E-05 5.40E+00 4.00E+02 0.00E+00 1.05E+00 0.00E+00 2.09E+05 0.00E+00 0.00E+00 0.00E+00 0.00E+00
  27    30.00   12.200  232.3  4.55E-05 9.30E+00 4.00E+02 0.00E+00 9.14E-01 0.00E+00 2.09E+05 0.00E+00 0.00E+00 0.00E+00 0.00E+00
  28    35.00    6.000  243.1  2.46E-05 9.70E+00 4.00E+02 0.00E+00 7.46E-01 0.00E+00 2.09E+05 0.00E+00 0.00E+00 0.00E+00 0.00E+00
  29    40.00    3.050  254.0  1.35E-05 7.50E+00 4.00E+02 0.00E+00 5.64E-01 0.00E+00 2.09E+05 0.00E+00 0.00E+00 0.00E+00 0.00E+00
  30    45.00    1.590  264.8  7.41E-06 4.50E+00 4.00E+02 0.00E+00 3.63E-01 0.00E+00 2.09E+05 0.00E+00 0.00E+00 0.00E+00 0.00E+00
  31    50.00    0.854  270.2  4.11E-06 2.80E+00 4.00E+02 0.00E+00 2.10E-01 0.00E+00 2.09E+05 0.00E+00 0.00E+00 0.00E+00 0.00E+00
  32    70.00    0.058  218.9  2.58E-07 3.00E-01 4.00E+02 0.00E+00 1.50E-01 0.00E+00 2.09E+05 0.00E+00 0.00E+00 0.00E+00 0.00E+00
  33   100.00    0.000  190.7  1.31E-10 4.00E-01 2.36E+02 0.00E+00 1.20E-01 0.00E+00 1.60E+05 0.00E+00 0.00E+00 0.00E+00 0.00E+00
1
  ATMOSPHERIC PROFILES

   I      Z       P       T     CFC-11   CFC-12   CFC-13   CFC-14   CFC-22   CFC-113  CFC-114  CFC-115  CLONO2    HNO4    CHCL2F 
                                 CCL4     N2O5  
         (KM)    (MB)    (K)  (                                 ATM CM/KM                                                     )
   1     0.00 1013.000  299.7  1.27E-05 2.19E-05 9.11E-14 9.11E-14 5.46E-06 1.73E-06 1.09E-06 9.11E-14 5.24E-07 3.95E-08 9.11E-14
                               1.18E-05 2.20E-11
   2     1.00  904.000  293.7  1.16E-05 1.99E-05 8.29E-14 8.29E-14 4.97E-06 1.58E-06 9.95E-07 8.29E-14 4.25E-07 1.77E-07 8.29E-14
                               1.08E-05 7.91E-11
   3     2.00  805.000  287.7  1.06E-05 1.81E-05 7.54E-14 7.54E-14 4.52E-06 1.43E-06 9.05E-07 7.54E-14 3.40E-07 2.89E-07 7.54E-14
                               9.80E-06 1.26E-10
   4     3.00  715.000  283.7  9.51E-06 1.63E-05 6.79E-14 6.79E-14 4.06E-06 1.29E-06 8.15E-07 6.79E-14 2.64E-07 3.76E-07 6.79E-14
                               8.83E-06 1.61E-10
   5     4.00  633.000  277.0  8.62E-06 1.48E-05 6.16E-14 6.16E-14 3.68E-06 1.17E-06 7.39E-07 6.16E-14 2.01E-07 4.46E-07 6.16E-14
                               8.00E-06 1.90E-10
   6     5.00  559.000  270.3  7.80E-06 1.34E-05 5.57E-14 5.57E-14 3.33E-06 1.06E-06 6.69E-07 5.57E-14 1.53E-07 1.01E-06 5.57E-14
                               7.23E-06 2.01E-10
   7     6.00  492.000  263.6  7.04E-06 1.21E-05 5.03E-14 5.03E-14 3.00E-06 9.55E-07 6.03E-07 5.03E-14 1.13E-07 1.46E-06 5.03E-14
                               6.51E-06 2.07E-10
   8     7.00  432.000  257.0  6.34E-06 1.09E-05 4.53E-14 4.53E-14 2.70E-06 8.60E-07 5.43E-07 4.53E-14 7.90E-08 1.81E-06 4.53E-14
                               5.86E-06 2.10E-10
   9     8.00  378.000  250.3  5.70E-06 9.76E-06 4.07E-14 4.07E-14 2.43E-06 7.73E-07 4.88E-07 4.07E-14 5.04E-08 2.07E-06 4.07E-14
                               5.25E-06 2.10E-10
  10     9.00  329.000  243.6  5.09E-06 8.72E-06 3.64E-14 3.64E-14 2.17E-06 6.91E-07 4.37E-07 3.64E-14 4.40E-08 1.79E-06 3.64E-14
                               4.69E-06 2.10E-10
  11    10.00  286.000  237.0  4.54E-06 7.79E-06 3.25E-14 3.25E-14 1.94E-06 6.16E-07 3.90E-07 3.25E-14 3.82E-08 1.54E-06 3.25E-14
                               4.19E-06 2.07E-10
  12    11.00  247.000  230.1  4.03E-06 6.92E-06 2.89E-14 2.89E-14 1.72E-06 5.47E-07 3.47E-07 2.89E-14 3.31E-08 1.32E-06 2.89E-14
                               3.73E-06 2.02E-10
  13    12.00  213.000  223.6  3.57E-06 6.13E-06 2.57E-14 2.57E-14 1.53E-06 4.85E-07 3.08E-07 2.57E-14 2.85E-08 1.12E-06 2.57E-14
                               3.31E-06 1.94E-10
  14    13.00  182.000  217.0  3.05E-06 5.32E-06 2.26E-14 2.26E-14 1.33E-06 4.19E-07 2.68E-07 2.26E-14 1.81E-07 1.28E-06 2.26E-14
                               2.82E-06 9.96E-09
  15    14.00  156.000  210.3  2.62E-06 4.64E-06 2.00E-14 2.00E-14 1.17E-06 3.64E-07 2.35E-07 2.00E-14 2.98E-07 1.39E-06 2.00E-14
                               2.42E-06 1.75E-08
  16    15.00  132.000  203.7  2.22E-06 3.99E-06 1.75E-14 1.75E-14 1.01E-06 3.12E-07 2.03E-07 1.75E-14 3.81E-07 1.44E-06 1.75E-14
                               2.04E-06 2.28E-08
  17    16.00  111.000  197.0  1.87E-06 3.42E-06 1.52E-14 1.52E-14 8.68E-07 2.66E-07 1.75E-07 1.52E-14 4.36E-07 1.44E-06 1.52E-14
                               1.72E-06 2.64E-08
  18    17.00   93.700  194.8  1.46E-06 2.78E-06 1.30E-14 1.30E-14 7.21E-07 2.14E-07 1.45E-07 1.30E-14 1.32E-06 1.85E-06 1.30E-14
                               1.32E-06 1.14E-07
  19    18.00   78.900  198.8  1.09E-06 2.19E-06 1.07E-14 1.07E-14 5.78E-07 1.66E-07 1.16E-07 1.07E-14 1.86E-06 2.03E-06 1.07E-14
                               9.69E-07 1.69E-07
  20    19.00   66.600  202.7  8.05E-07 1.72E-06 8.85E-15 8.85E-15 4.65E-07 1.29E-07 9.32E-08 8.85E-15 2.19E-06 2.10E-06 8.85E-15
                               7.03E-07 2.02E-07
  21    20.00   56.500  206.7  5.91E-07 1.35E-06 7.36E-15 7.36E-15 3.75E-07 1.00E-07 7.51E-08 7.36E-15 2.36E-06 2.10E-06 7.36E-15
                               5.02E-07 2.20E-07
  22    21.00   48.000  210.7  4.21E-07 1.05E-06 6.14E-15 6.14E-15 3.00E-07 7.60E-08 5.99E-08 6.14E-15 2.82E-06 2.16E-06 6.14E-15
                               3.51E-07 2.54E-07
  23    22.00   40.900  214.6  2.93E-07 8.11E-07 5.13E-15 5.13E-15 2.41E-07 5.73E-08 4.78E-08 5.13E-15 3.08E-06 2.15E-06 5.13E-15
                               2.37E-07 2.72E-07
  24    23.00   35.000  217.0  1.98E-07 6.30E-07 4.35E-15 4.35E-15 1.95E-07 4.32E-08 3.85E-08 4.35E-15 3.22E-06 2.11E-06 4.35E-15
                               1.52E-07 2.80E-07
  25    24.00   30.000  219.2  1.25E-07 4.87E-07 3.69E-15 3.69E-15 1.59E-07 3.21E-08 3.10E-08 3.69E-15 3.24E-06 2.04E-06 3.69E-15
                               8.85E-08 2.81E-07
  26    25.00   25.700  221.4  8.53E-08 3.72E-07 3.13E-15 3.13E-15 1.28E-07 2.38E-08 2.49E-08 3.13E-15 3.04E-06 1.82E-06 3.13E-15
                               5.89E-08 2.41E-07
  27    30.00   12.200  232.3  5.52E-09 8.33E-08 1.41E-15 1.41E-15 4.28E-08 4.12E-09 7.97E-09 1.41E-15 1.61E-06 7.22E-07 1.41E-15
                               2.48E-09 7.81E-08
  28    35.00    6.000  243.1  1.32E-10 1.42E-08 6.65E-16 6.65E-16 1.38E-08 4.77E-10 2.43E-09 6.65E-16 3.48E-07 9.77E-08 6.65E-16
                               2.63E-11 7.19E-09
  29    40.00    3.050  254.0  5.98E-13 1.97E-09 3.23E-16 3.23E-16 4.50E-09 3.98E-11 7.50E-10 3.23E-16 1.38E-08 3.22E-09 3.23E-16
                               1.28E-14 6.89E-11
  30    45.00    1.590  264.8  1.49E-14 3.45E-10 1.62E-16 1.62E-16 1.68E-09 5.20E-12 2.62E-10 1.62E-16 2.72E-10 1.41E-10 1.62E-16
                               9.01E-17 6.37E-13
  31    50.00    0.854  270.2  5.08E-16 7.25E-11 8.51E-17 8.51E-17 7.48E-10 8.43E-13 1.06E-10 8.51E-17 3.97E-12 6.50E-12 8.51E-17
                               9.31E-19 5.35E-15
  32    70.00    0.058  218.9  3.63E-21 2.79E-13 7.14E-18 7.14E-18 5.13E-11 1.25E-15 4.18E-12 7.14E-18 5.16E-19 2.29E-16 7.14E-18
                               7.05E-26 5.85E-23
  33   100.00    0.000  190.7  1.27E-30 1.01E-18 4.08E-20 4.08E-20 7.31E-14 5.35E-22 8.70E-16 4.08E-20 3.30E-35 1.36E-31 4.08E-20
                               2.08E-38 0.00E+00


 CASE 3A: GIVEN H1,H2=SPACE,ANGLE



 TANGENT PATH WITH H1 =      5.000 AND ANGLE =    180.000 INTERSECTS THE EARTH

          H2 HAS BEEN RESET TO 0.0 AND LEN TO 0



 SLANT PATH PARAMETERS IN STANDARD FORM

          H1      =      5.000 KM
          H2      =      0.000 KM
          ANGLE   =    180.000 DEG
          PHI     =      0.000 DEG
          HMIN    =      0.000 KM
          LEN     =          0
1CALCULATION OF THE REFRACTED PATH THROUGH THE ATMOSPHERE


  I       ALTITUDE        THETA  DRANGE    RANGE    DBETA     BETA     PHI     DBEND  BENDING    PBAR    TBAR   RHOBAR
      FROM       TO
      (KM)      (KM)      (DEG)    (KM)     (KM)    (DEG)    (DEG)    (DEG)    (DEG)    (DEG)    (MB)    (K)  (GM CM-3)

          H2 TO H1

  1    0.000    1.000    0.000    1.000    1.000    0.000    0.000  180.000    0.000    0.000  958.316  296.74 1.12E-03
  2    1.000    2.000    0.000    1.000    2.000    0.000    0.000  180.000    0.000    0.000  854.330  290.74 1.02E-03
  3    2.000    3.000    0.000    1.000    3.000    0.000    0.000  180.000    0.000    0.000  759.895  285.73 9.26E-04
  4    3.000    4.000    0.000    1.000    4.000    0.000    0.000  180.000    0.000    0.000  673.837  280.39 8.36E-04
  5    4.000    5.000    0.000    1.000    5.000    0.000    0.000  180.000    0.000    0.000  595.849  273.69 7.58E-04




1CUMULATIVE ABSORBER AMOUNTS FOR THE PATH FROM H1 TO Z

  J     Z        TBAR     HNO3        O3 UV      CNTMSLF1   CNTMSLF2    CNTMFRN      O2
       (KM)       (K)   (ATM CM)    (ATM CM)    (MOL CM-2)  (MOL CM-2)  (MOL CM-2)(MOL CM-2)

  1    4.000   273.69   0.000E+00   2.145E-03   1.520E+19   9.419E+18   3.874E+21   1.821E+04
  2    3.000   280.39   0.000E+00   4.430E-03   6.626E+19   3.156E+19   1.158E+22   3.900E+04
  3    2.000   285.73   0.000E+00   6.878E-03   2.784E+20   9.208E+19   2.893E+22   6.286E+04
  4    1.000   290.74   0.000E+00   9.443E-03   8.326E+20   1.731E+20   6.010E+22   9.027E+04
  5    0.000   296.74   0.000E+00   1.206E-02   1.970E+21   1.498E+20   1.089E+23   1.216E+05



1 J     Z       N2 CONT    MOL SCAT       AER 1       AER 2       AER 3       AER 4       CIRRUS
       (KM)

  1    4.000   3.158E-01   5.863E-01   0.000E+00   0.000E+00   0.000E+00   0.000E+00   0.000E+00
  2    3.000   7.007E-01   1.233E+00   0.000E+00   0.000E+00   0.000E+00   0.000E+00   0.000E+00
  3    2.000   1.172E+00   1.950E+00   0.000E+00   0.000E+00   0.000E+00   0.000E+00   0.000E+00
  4    1.000   1.747E+00   2.741E+00   0.000E+00   0.000E+00   0.000E+00   0.000E+00   0.000E+00
  5    0.000   2.443E+00   3.611E+00   0.000E+00   0.000E+00   0.000E+00   0.000E+00   0.000E+00



1  J    Z       H2O       O3        CO2       CO        CH4       N2O       O2        NH3       NO        NO2       SO2
      (KM)    (                                                      ATM CM                                             )

   1    4.00  2.27E+02  2.15E-03  2.34E+01  0.00E+00  9.96E-02  0.00E+00  1.22E+04  0.00E+00  0.00E+00  0.00E+00  0.00E+00
   2    3.00  6.36E+02  4.43E-03  4.93E+01  0.00E+00  2.10E-01  0.00E+00  2.58E+04  0.00E+00  0.00E+00  0.00E+00  0.00E+00
   3    2.00  1.47E+03  6.88E-03  7.79E+01  0.00E+00  3.31E-01  0.00E+00  4.07E+04  0.00E+00  0.00E+00  0.00E+00  0.00E+00
   4    1.00  2.85E+03  9.44E-03  1.10E+02  0.00E+00  4.66E-01  0.00E+00  5.73E+04  0.00E+00  0.00E+00  0.00E+00  0.00E+00
   5    0.00  4.81E+03  1.21E-02  1.44E+02  0.00E+00  6.13E-01  0.00E+00  7.54E+04  0.00E+00  0.00E+00  0.00E+00  0.00E+00



1  J    Z      CFC-11    CFC-12    CFC-13    CFC-14    CFC-22    CFC-113   CFC-114   CFC-115   CLONO2     HNO4     CHCL2F 
                CCL4      N2O5  
      (KM)    (                                                   ATM CM                                                )

   1    4.00  8.20E-06  1.41E-05  5.86E-14  5.86E-14  3.50E-06  1.11E-06  7.03E-07  5.86E-14  1.76E-07  7.29E-07  5.86E-14
              7.61E-06  1.96E-10
   2    3.00  1.73E-05  2.96E-05  1.23E-13  1.23E-13  7.37E-06  2.34E-06  1.48E-06  1.23E-13  4.07E-07  1.14E-06  1.23E-13
              1.60E-05  3.71E-10
   3    2.00  2.73E-05  4.68E-05  1.95E-13  1.95E-13  1.17E-05  3.70E-06  2.34E-06  1.95E-13  7.07E-07  1.47E-06  1.95E-13
              2.53E-05  5.15E-10
   4    1.00  3.83E-05  6.57E-05  2.74E-13  2.74E-13  1.64E-05  5.20E-06  3.29E-06  2.74E-13  1.09E-06  1.71E-06  2.74E-13
              3.56E-05  6.17E-10
   5    0.00  5.05E-05  8.66E-05  3.61E-13  3.61E-13  2.16E-05  6.86E-06  4.33E-06  3.61E-13  1.56E-06  1.81E-06  3.61E-13
              4.69E-05  6.68E-10


0SUMMARY OF THE GEOMETRY CALCULATION

          H1      =      5.000 KM
          H2      =      0.000 KM
          ANGLE   =    180.000 DEG
          RANGE   =      5.000 KM
          BETA    =      0.000 DEG
          PHI     =      0.000 DEG
          HMIN    =      0.000 KM
          BENDING =      0.000 DEG
          LEN     =          0




1EQUIVALENT SEA LEVEL TOTAL ABSORBER AMOUNTS

                 HNO3      O3 UV       CNTMSLF1    CNTMSLF2   CNTMFRN
               (ATM CM)   (ATM CM)     (MOL CM-2)  (MOL CM-2)  (MOL CM-2)  (MOL CM-2)

             0.000E+00   1.206E-02   1.970E+21   1.498E+20   1.089E+23


              N2 CONT    MOL SCAT       AER 1       AER 2       AER 3       AER 4     CIRRUS      MEAN RH
                                                                                                  (PRCNT)

             2.443E+00   3.611E+00   0.000E+00   0.000E+00   0.000E+00   0.000E+00   0.000E+00        0.00


                 H2O        O3          CO2         CO          CH4         N2O          O2
               (                                        ATM CM                            )

             4.812E+03   1.206E-02   1.443E+02   0.000E+00   6.134E-01   0.000E+00   7.542E+04

                 NH3        NO          NO2         SO2
                 (               ATM CM               )

             0.000E+00   0.000E+00   0.000E+00   0.000E+00

             CFC-11      CFC-12      CFC-13      CFC-14      CFC-22      CFC-113     CFC-114
                 (                                      ATM CM                            )

             5.052E-05   8.660E-05   3.609E-13   3.609E-13   2.161E-05   6.856E-06   4.330E-06

             CFC-115     CLONO2       HNO4       CHCL2F       CCL4        N2O5  
                 (                                      ATM CM                            )

             3.609E-13   1.560E-06   1.814E-06   3.609E-13   4.691E-05   6.679E-10
  iv           -5
  iv            0
1                                             RADIANCE(WATTS/CM2-STER-XXX)
0  FREQ   WAVLEN    PATH THERMAL      SURFACE EMISSION    SURFACE REFLECTED     TOTAL RADIANCE   INTEGRAL    TOTAL
  (CM-1) (MICRN)    (CM-1)   (MICRN)    (CM-1)   (MICRN)    (CM-1)   (MICRN)    (CM-1)   (MICRN)    (CM-1)   TRANS

      2. 4999.998  1.01E-09  4.04E-13  2.55E-10  1.02E-13  0.00E+00  0.00E+00  1.26E-09  5.06E-13  1.26E-09  0.24555
      4. 2500.000  3.51E-09  5.62E-12  5.58E-10  8.93E-13  0.00E+00  0.00E+00  4.07E-09  6.51E-12  9.40E-09  0.15688
      6. 1666.666  8.25E-09  2.97E-11  4.02E-10  1.45E-12  0.00E+00  0.00E+00  8.65E-09  3.11E-11  2.67E-08  0.06229
      8. 1250.000  1.48E-08  9.46E-11  2.40E-10  1.54E-12  0.00E+00  0.00E+00  1.50E-08  9.61E-11  5.67E-08  0.01738
     10. 1000.000  2.28E-08  2.28E-10  7.86E-11  7.86E-13  0.00E+00  0.00E+00  2.29E-08  2.29E-10  1.03E-07  0.00461
     12.  833.333  3.22E-08  4.64E-10  1.15E-12  1.65E-14  0.00E+00  0.00E+00  3.22E-08  4.64E-10  1.67E-07  0.00005
     14.  714.286  4.32E-08  8.47E-10  2.09E-16  4.09E-18  0.00E+00  0.00E+00  4.32E-08  8.47E-10  2.53E-07  0.00000
     16.  625.000  5.57E-08  1.43E-09  2.01E-20  5.14E-22  0.00E+00  0.00E+00  5.57E-08  1.43E-09  3.65E-07  0.00000
     18.  555.555  6.97E-08  2.26E-09  4.67E-19  1.51E-20  0.00E+00  0.00E+00  6.97E-08  2.26E-09  5.04E-07  0.00000
     20.  500.000  8.57E-08  3.43E-09  4.67E-19  1.87E-20  0.00E+00  0.00E+00  8.57E-08  3.43E-09  6.76E-07  0.00000
     22.  454.545  1.03E-07  5.00E-09  5.76E-32  2.79E-33  0.00E+00  0.00E+00  1.03E-07  5.00E-09  8.82E-07  0.00000
     24.  416.667  1.22E-07  7.02E-09  1.85E-29  1.07E-30  0.00E+00  0.00E+00  1.22E-07  7.02E-09  1.13E-06  0.00000
     26.  384.615  1.42E-07  9.61E-09  1.85E-29  1.25E-30  0.00E+00  0.00E+00  1.42E-07  9.61E-09  1.41E-06  0.00000
     28.  357.143  1.64E-07  1.29E-08  1.95E-37  1.53E-38  0.00E+00  0.00E+00  1.64E-07  1.29E-08  1.74E-06  0.00000
     30.  333.333  1.87E-07  1.69E-08  1.05E-37  9.46E-39  0.00E+00  0.00E+00  1.87E-07  1.69E-08  2.11E-06  0.00000
     32.  312.500  2.11E-07  2.16E-08  0.00E+00  0.00E+00  0.00E+00  0.00E+00  2.11E-07  2.16E-08  2.54E-06  0.00000
     34.  294.118  2.37E-07  2.74E-08  0.00E+00  0.00E+00  0.00E+00  0.00E+00  2.37E-07  2.74E-08  3.01E-06  0.00000
     36.  277.778  2.64E-07  3.42E-08  0.00E+00  0.00E+00  0.00E+00  0.00E+00  2.64E-07  3.42E-08  3.54E-06  0.00000
     38.  263.158  2.92E-07  4.22E-08  0.00E+00  0.00E+00  0.00E+00  0.00E+00  2.92E-07  4.22E-08  4.12E-06  0.00000
     40.  250.000  3.22E-07  5.15E-08  0.00E+00  0.00E+00  0.00E+00  0.00E+00  3.22E-07  5.15E-08  4.77E-06  0.00000
     42.  238.095  3.54E-07  6.24E-08  0.00E+00  0.00E+00  0.00E+00  0.00E+00  3.54E-07  6.24E-08  5.47E-06  0.00000
     44.  227.273  3.86E-07  7.48E-08  0.00E+00  0.00E+00  0.00E+00  0.00E+00  3.86E-07  7.48E-08  6.25E-06  0.00000
     46.  217.391  4.19E-07  8.87E-08  0.00E+00  0.00E+00  0.00E+00  0.00E+00  4.19E-07  8.87E-08  7.08E-06  0.00000
     48.  208.333  4.54E-07  1.05E-07  0.00E+00  0.00E+00  0.00E+00  0.00E+00  4.54E-07  1.05E-07  7.99E-06  0.00000
     50.  200.000  4.90E-07  1.23E-07  0.00E+00  0.00E+00  0.00E+00  0.00E+00  4.90E-07  1.23E-07  8.97E-06  0.00000
     52.  192.308  5.27E-07  1.42E-07  0.00E+00  0.00E+00  0.00E+00  0.00E+00  5.27E-07  1.42E-07  1.00E-05  0.00000
     54.  185.185  5.64E-07  1.65E-07  0.00E+00  0.00E+00  0.00E+00  0.00E+00  5.64E-07  1.65E-07  1.12E-05  0.00000
     56.  178.571  6.03E-07  1.89E-07  0.00E+00  0.00E+00  0.00E+00  0.00E+00  6.03E-07  1.89E-07  1.24E-05  0.00000
     58.  172.414  6.43E-07  2.16E-07  0.00E+00  0.00E+00  0.00E+00  0.00E+00  6.43E-07  2.16E-07  1.36E-05  0.00000
     60.  166.667  6.85E-07  2.47E-07  0.00E+00  0.00E+00  0.00E+00  0.00E+00  6.85E-07  2.47E-07  1.50E-05  0.00000
     62.  161.290  7.28E-07  2.80E-07  0.00E+00  0.00E+00  0.00E+00  0.00E+00  7.28E-07  2.80E-07  1.65E-05  0.00000
     64.  156.250  7.71E-07  3.16E-07  0.00E+00  0.00E+00  0.00E+00  0.00E+00  7.71E-07  3.16E-07  1.80E-05  0.00000
     66.  151.515  8.15E-07  3.55E-07  0.00E+00  0.00E+00  0.00E+00  0.00E+00  8.15E-07  3.55E-07  1.96E-05  0.00000
     68.  147.059  8.60E-07  3.98E-07  0.00E+00  0.00E+00  0.00E+00  0.00E+00  8.60E-07  3.98E-07  2.14E-05  0.00000
     70.  142.857  9.06E-07  4.44E-07  0.00E+00  0.00E+00  0.00E+00  0.00E+00  9.06E-07  4.44E-07  2.32E-05  0.00000
     72.  138.889  9.53E-07  4.94E-07  0.00E+00  0.00E+00  0.00E+00  0.00E+00  9.53E-07  4.94E-07  2.51E-05  0.00000
     74.  135.135  1.00E-06  5.48E-07  0.00E+00  0.00E+00  0.00E+00  0.00E+00  1.00E-06  5.48E-07  2.71E-05  0.00000
     76.  131.579  1.05E-06  6.07E-07  0.00E+00  0.00E+00  0.00E+00  0.00E+00  1.05E-06  6.07E-07  2.92E-05  0.00000
     78.  128.205  1.10E-06  6.69E-07  0.00E+00  0.00E+00  0.00E+00  0.00E+00  1.10E-06  6.69E-07  3.14E-05  0.00000
     80.  125.000  1.15E-06  7.36E-07  0.00E+00  0.00E+00  0.00E+00  0.00E+00  1.15E-06  7.36E-07  3.37E-05  0.00000
     82.  121.951  1.20E-06  8.08E-07  0.00E+00  0.00E+00  0.00E+00  0.00E+00  1.20E-06  8.08E-07  3.61E-05  0.00000
     84.  119.048  1.25E-06  8.85E-07  0.00E+00  0.00E+00  0.00E+00  0.00E+00  1.25E-06  8.85E-07  3.86E-05  0.00000
     86.  116.279  1.31E-06  9.67E-07  0.00E+00  0.00E+00  0.00E+00  0.00E+00  1.31E-06  9.67E-07  4.12E-05  0.00000
     88.  113.636  1.36E-06  1.05E-06  0.00E+00  0.00E+00  0.00E+00  0.00E+00  1.36E-06  1.05E-06  4.39E-05  0.00000
     90.  111.111  1.42E-06  1.15E-06  0.00E+00  0.00E+00  0.00E+00  0.00E+00  1.42E-06  1.15E-06  4.68E-05  0.00000
     92.  108.696  1.47E-06  1.24E-06  0.00E+00  0.00E+00  0.00E+00  0.00E+00  1.47E-06  1.24E-06  4.97E-05  0.00000
     94.  106.383  1.53E-06  1.35E-06  0.00E+00  0.00E+00  0.00E+00  0.00E+00  1.53E-06  1.35E-06  5.28E-05  0.00000
     96.  104.167  1.58E-06  1.46E-06  0.00E+00  0.00E+00  0.00E+00  0.00E+00  1.58E-06  1.46E-06  5.59E-05  0.00000
     98.  102.041  1.64E-06  1.57E-06  0.00E+00  0.00E+00  0.00E+00  0.00E+00  1.64E-06  1.57E-06  5.92E-05  0.00000
    100.  100.000  1.70E-06  1.70E-06  0.00E+00  0.00E+00  0.00E+00  0.00E+00  1.70E-06  1.70E-06  6.26E-05  0.00000
  iv          105
1                                             RADIANCE(WATTS/CM2-STER-XXX)
0  FREQ   WAVLEN    PATH THERMAL      SURFACE EMISSION    SURFACE REFLECTED     TOTAL RADIANCE   INTEGRAL    TOTAL
  (CM-1) (MICRN)    (CM-1)   (MICRN)    (CM-1)   (MICRN)    (CM-1)   (MICRN)    (CM-1)   (MICRN)    (CM-1)   TRANS

    102.   98.039  1.76E-06  1.83E-06  0.00E+00  0.00E+00  0.00E+00  0.00E+00  1.76E-06  1.83E-06  6.61E-05  0.00000
    104.   96.154  1.82E-06  1.96E-06  0.00E+00  0.00E+00  0.00E+00  0.00E+00  1.82E-06  1.96E-06  6.97E-05  0.00000
    106.   94.340  1.87E-06  2.11E-06  0.00E+00  0.00E+00  0.00E+00  0.00E+00  1.87E-06  2.11E-06  7.35E-05  0.00000
    108.   92.593  1.93E-06  2.26E-06  0.00E+00  0.00E+00  0.00E+00  0.00E+00  1.93E-06  2.26E-06  7.74E-05  0.00000
    110.   90.909  1.99E-06  2.41E-06  0.00E+00  0.00E+00  0.00E+00  0.00E+00  1.99E-06  2.41E-06  8.13E-05  0.00000
    112.   89.286  2.06E-06  2.58E-06  0.00E+00  0.00E+00  0.00E+00  0.00E+00  2.06E-06  2.58E-06  8.55E-05  0.00000
    114.   87.719  2.12E-06  2.75E-06  0.00E+00  0.00E+00  0.00E+00  0.00E+00  2.12E-06  2.75E-06  8.97E-05  0.00000
    116.   86.207  2.18E-06  2.93E-06  0.00E+00  0.00E+00  0.00E+00  0.00E+00  2.18E-06  2.93E-06  9.41E-05  0.00000
    118.   84.746  2.24E-06  3.12E-06  0.00E+00  0.00E+00  0.00E+00  0.00E+00  2.24E-06  3.12E-06  9.85E-05  0.00000
    120.   83.333  2.31E-06  3.32E-06  0.00E+00  0.00E+00  0.00E+00  0.00E+00  2.31E-06  3.32E-06  1.03E-04  0.00000
    122.   81.967  2.37E-06  3.53E-06  0.00E+00  0.00E+00  0.00E+00  0.00E+00  2.37E-06  3.53E-06  1.08E-04  0.00000
    124.   80.645  2.43E-06  3.74E-06  0.00E+00  0.00E+00  0.00E+00  0.00E+00  2.43E-06  3.74E-06  1.13E-04  0.00000
    126.   79.365  2.50E-06  3.97E-06  0.00E+00  0.00E+00  0.00E+00  0.00E+00  2.50E-06  3.97E-06  1.18E-04  0.00000
    128.   78.125  2.56E-06  4.20E-06  0.00E+00  0.00E+00  0.00E+00  0.00E+00  2.56E-06  4.20E-06  1.23E-04  0.00000
    130.   76.923  2.63E-06  4.44E-06  0.00E+00  0.00E+00  0.00E+00  0.00E+00  2.63E-06  4.44E-06  1.28E-04  0.00000
    132.   75.758  2.69E-06  4.69E-06  0.00E+00  0.00E+00  0.00E+00  0.00E+00  2.69E-06  4.69E-06  1.34E-04  0.00000
    134.   74.627  2.76E-06  4.95E-06  0.00E+00  0.00E+00  0.00E+00  0.00E+00  2.76E-06  4.95E-06  1.39E-04  0.00000
    136.   73.529  2.82E-06  5.22E-06  0.00E+00  0.00E+00  0.00E+00  0.00E+00  2.82E-06  5.22E-06  1.45E-04  0.00000
    138.   72.464  2.89E-06  5.51E-06  0.00E+00  0.00E+00  0.00E+00  0.00E+00  2.89E-06  5.51E-06  1.50E-04  0.00000
    140.   71.429  2.96E-06  5.80E-06  0.00E+00  0.00E+00  0.00E+00  0.00E+00  2.96E-06  5.80E-06  1.56E-04  0.00000
    142.   70.423  3.02E-06  6.10E-06  0.00E+00  0.00E+00  0.00E+00  0.00E+00  3.02E-06  6.10E-06  1.62E-04  0.00000
    144.   69.444  3.09E-06  6.41E-06  0.00E+00  0.00E+00  0.00E+00  0.00E+00  3.09E-06  6.41E-06  1.69E-04  0.00000
    146.   68.493  3.16E-06  6.73E-06  0.00E+00  0.00E+00  0.00E+00  0.00E+00  3.16E-06  6.73E-06  1.75E-04  0.00000
    148.   67.568  3.23E-06  7.07E-06  0.00E+00  0.00E+00  0.00E+00  0.00E+00  3.23E-06  7.07E-06  1.81E-04  0.00000
    150.   66.667  3.30E-06  7.42E-06  0.00E+00  0.00E+00  0.00E+00  0.00E+00  3.30E-06  7.42E-06  1.88E-04  0.00000
    152.   65.789  3.36E-06  7.77E-06  0.00E+00  0.00E+00  0.00E+00  0.00E+00  3.36E-06  7.77E-06  1.95E-04  0.00000
    154.   64.935  3.43E-06  8.14E-06  0.00E+00  0.00E+00  0.00E+00  0.00E+00  3.43E-06  8.14E-06  2.02E-04  0.00000
    156.   64.103  3.50E-06  8.52E-06  0.00E+00  0.00E+00  0.00E+00  0.00E+00  3.50E-06  8.52E-06  2.09E-04  0.00000
    158.   63.291  3.57E-06  8.91E-06  0.00E+00  0.00E+00  0.00E+00  0.00E+00  3.57E-06  8.91E-06  2.16E-04  0.00000
    160.   62.500  3.64E-06  9.31E-06  0.00E+00  0.00E+00  0.00E+00  0.00E+00  3.64E-06  9.31E-06  2.23E-04  0.00000
    162.   61.728  3.71E-06  9.73E-06  0.00E+00  0.00E+00  0.00E+00  0.00E+00  3.71E-06  9.73E-06  2.30E-04  0.00000
    164.   60.976  3.78E-06  1.02E-05  0.00E+00  0.00E+00  0.00E+00  0.00E+00  3.78E-06  1.02E-05  2.38E-04  0.00000
    166.   60.241  3.85E-06  1.06E-05  0.00E+00  0.00E+00  0.00E+00  0.00E+00  3.85E-06  1.06E-05  2.46E-04  0.00000
    168.   59.524  3.91E-06  1.10E-05  0.00E+00  0.00E+00  0.00E+00  0.00E+00  3.91E-06  1.10E-05  2.53E-04  0.00000
    170.   58.824  3.98E-06  1.15E-05  0.00E+00  0.00E+00  0.00E+00  0.00E+00  3.98E-06  1.15E-05  2.61E-04  0.00000
    172.   58.140  4.05E-06  1.20E-05  0.00E+00  0.00E+00  0.00E+00  0.00E+00  4.05E-06  1.20E-05  2.70E-04  0.00000
    174.   57.471  4.12E-06  1.25E-05  0.00E+00  0.00E+00  0.00E+00  0.00E+00  4.12E-06  1.25E-05  2.78E-04  0.00000
    176.   56.818  4.19E-06  1.30E-05  0.00E+00  0.00E+00  0.00E+00  0.00E+00  4.19E-06  1.30E-05  2.86E-04  0.00000
    178.   56.180  4.26E-06  1.35E-05  0.00E+00  0.00E+00  0.00E+00  0.00E+00  4.26E-06  1.35E-05  2.95E-04  0.00000
    180.   55.556  4.33E-06  1.40E-05  0.00E+00  0.00E+00  0.00E+00  0.00E+00  4.33E-06  1.40E-05  3.03E-04  0.00000
    182.   54.945  4.40E-06  1.46E-05  0.00E+00  0.00E+00  0.00E+00  0.00E+00  4.40E-06  1.46E-05  3.12E-04  0.00000
    184.   54.348  4.47E-06  1.51E-05  0.00E+00  0.00E+00  0.00E+00  0.00E+00  4.47E-06  1.51E-05  3.21E-04  0.00000
    186.   53.763  4.54E-06  1.57E-05  0.00E+00  0.00E+00  0.00E+00  0.00E+00  4.54E-06  1.57E-05  3.30E-04  0.00000
    188.   53.191  4.61E-06  1.63E-05  0.00E+00  0.00E+00  0.00E+00  0.00E+00  4.61E-06  1.63E-05  3.39E-04  0.00000
    190.   52.632  4.68E-06  1.69E-05  0.00E+00  0.00E+00  0.00E+00  0.00E+00  4.68E-06  1.69E-05  3.49E-04  0.00000
    192.   52.083  4.75E-06  1.75E-05  0.00E+00  0.00E+00  0.00E+00  0.00E+00  4.75E-06  1.75E-05  3.58E-04  0.00000
    194.   51.546  4.82E-06  1.81E-05  0.00E+00  0.00E+00  0.00E+00  0.00E+00  4.82E-06  1.81E-05  3.68E-04  0.00000
    196.   51.020  4.89E-06  1.88E-05  0.00E+00  0.00E+00  0.00E+00  0.00E+00  4.89E-06  1.88E-05  3.78E-04  0.00000
    198.   50.505  4.96E-06  1.94E-05  0.00E+00  0.00E+00  0.00E+00  0.00E+00  4.96E-06  1.94E-05  3.88E-04  0.00000
    200.   50.000  5.03E-06  2.01E-05  0.00E+00  0.00E+00  0.00E+00  0.00E+00  5.03E-06  2.01E-05  3.98E-04  0.00000
  iv          205
1                                             RADIANCE(WATTS/CM2-STER-XXX)
0  FREQ   WAVLEN    PATH THERMAL      SURFACE EMISSION    SURFACE REFLECTED     TOTAL RADIANCE   INTEGRAL    TOTAL
  (CM-1) (MICRN)    (CM-1)   (MICRN)    (CM-1)   (MICRN)    (CM-1)   (MICRN)    (CM-1)   (MICRN)    (CM-1)   TRANS

    202.   49.505  5.10E-06  2.08E-05  0.00E+00  0.00E+00  0.00E+00  0.00E+00  5.10E-06  2.08E-05  4.08E-04  0.00000
    204.   49.020  5.16E-06  2.15E-05  0.00E+00  0.00E+00  0.00E+00  0.00E+00  5.16E-06  2.15E-05  4.18E-04  0.00000
    206.   48.544  5.23E-06  2.22E-05  0.00E+00  0.00E+00  0.00E+00  0.00E+00  5.23E-06  2.22E-05  4.29E-04  0.00000
    208.   48.077  5.30E-06  2.29E-05  0.00E+00  0.00E+00  0.00E+00  0.00E+00  5.30E-06  2.29E-05  4.39E-04  0.00000
    210.   47.619  5.37E-06  2.37E-05  0.00E+00  0.00E+00  0.00E+00  0.00E+00  5.37E-06  2.37E-05  4.50E-04  0.00000
    212.   47.170  5.44E-06  2.44E-05  0.00E+00  0.00E+00  0.00E+00  0.00E+00  5.44E-06  2.44E-05  4.61E-04  0.00000
    214.   46.729  5.51E-06  2.52E-05  0.00E+00  0.00E+00  0.00E+00  0.00E+00  5.51E-06  2.52E-05  4.72E-04  0.00000
    216.   46.296  5.58E-06  2.60E-05  0.00E+00  0.00E+00  0.00E+00  0.00E+00  5.58E-06  2.60E-05  4.83E-04  0.00000
    218.   45.872  5.65E-06  2.68E-05  0.00E+00  0.00E+00  0.00E+00  0.00E+00  5.65E-06  2.68E-05  4.94E-04  0.00000
    220.   45.455  5.71E-06  2.77E-05  0.00E+00  0.00E+00  0.00E+00  0.00E+00  5.71E-06  2.77E-05  5.06E-04  0.00000
    222.   45.045  5.78E-06  2.85E-05  0.00E+00  0.00E+00  0.00E+00  0.00E+00  5.78E-06  2.85E-05  5.17E-04  0.00000
    224.   44.643  5.85E-06  2.93E-05  0.00E+00  0.00E+00  0.00E+00  0.00E+00  5.85E-06  2.93E-05  5.29E-04  0.00000
    226.   44.248  5.91E-06  3.02E-05  0.00E+00  0.00E+00  0.00E+00  0.00E+00  5.91E-06  3.02E-05  5.41E-04  0.00000
    228.   43.860  5.98E-06  3.11E-05  0.00E+00  0.00E+00  0.00E+00  0.00E+00  5.98E-06  3.11E-05  5.53E-04  0.00000
    230.   43.478  6.05E-06  3.20E-05  0.00E+00  0.00E+00  0.00E+00  0.00E+00  6.05E-06  3.20E-05  5.65E-04  0.00000
    232.   43.103  6.12E-06  3.29E-05  0.00E+00  0.00E+00  0.00E+00  0.00E+00  6.12E-06  3.29E-05  5.77E-04  0.00000
    234.   42.735  6.19E-06  3.39E-05  0.00E+00  0.00E+00  0.00E+00  0.00E+00  6.19E-06  3.39E-05  5.89E-04  0.00000
    236.   42.373  6.26E-06  3.49E-05  0.00E+00  0.00E+00  0.00E+00  0.00E+00  6.26E-06  3.49E-05  6.02E-04  0.00000
    238.   42.017  6.33E-06  3.58E-05  0.00E+00  0.00E+00  0.00E+00  0.00E+00  6.33E-06  3.58E-05  6.15E-04  0.00000
    240.   41.667  6.39E-06  3.68E-05  0.00E+00  0.00E+00  0.00E+00  0.00E+00  6.39E-06  3.68E-05  6.27E-04  0.00000
    242.   41.322  6.45E-06  3.78E-05  0.00E+00  0.00E+00  0.00E+00  0.00E+00  6.45E-06  3.78E-05  6.40E-04  0.00000
    244.   40.984  6.51E-06  3.88E-05  0.00E+00  0.00E+00  0.00E+00  0.00E+00  6.51E-06  3.88E-05  6.53E-04  0.00000
    246.   40.650  6.57E-06  3.98E-05  0.00E+00  0.00E+00  0.00E+00  0.00E+00  6.57E-06  3.98E-05  6.66E-04  0.00000
    248.   40.323  6.64E-06  4.08E-05  0.00E+00  0.00E+00  0.00E+00  0.00E+00  6.64E-06  4.08E-05  6.80E-04  0.00000
    250.   40.000  6.70E-06  4.19E-05  0.00E+00  0.00E+00  0.00E+00  0.00E+00  6.70E-06  4.19E-05  6.93E-04  0.00000
    252.   39.683  6.76E-06  4.29E-05  0.00E+00  0.00E+00  0.00E+00  0.00E+00  6.76E-06  4.29E-05  7.07E-04  0.00000
    254.   39.370  6.83E-06  4.41E-05  0.00E+00  0.00E+00  0.00E+00  0.00E+00  6.83E-06  4.41E-05  7.20E-04  0.00000
    256.   39.062  6.89E-06  4.52E-05  0.00E+00  0.00E+00  0.00E+00  0.00E+00  6.89E-06  4.52E-05  7.34E-04  0.00000
    258.   38.760  6.96E-06  4.64E-05  0.00E+00  0.00E+00  0.00E+00  0.00E+00  6.96E-06  4.64E-05  7.48E-04  0.00000
    260.   38.462  7.04E-06  4.76E-05  0.00E+00  0.00E+00  0.00E+00  0.00E+00  7.04E-06  4.76E-05  7.62E-04  0.00000
    262.   38.168  7.10E-06  4.87E-05  0.00E+00  0.00E+00  0.00E+00  0.00E+00  7.10E-06  4.87E-05  7.76E-04  0.00000
    264.   37.879  7.16E-06  4.99E-05  0.00E+00  0.00E+00  0.00E+00  0.00E+00  7.16E-06  4.99E-05  7.91E-04  0.00000
    266.   37.594  7.21E-06  5.10E-05  0.00E+00  0.00E+00  0.00E+00  0.00E+00  7.21E-06  5.10E-05  8.05E-04  0.00000
    268.   37.313  7.28E-06  5.23E-05  0.00E+00  0.00E+00  0.00E+00  0.00E+00  7.28E-06  5.23E-05  8.20E-04  0.00000
    270.   37.037  7.35E-06  5.36E-05  0.00E+00  0.00E+00  0.00E+00  0.00E+00  7.35E-06  5.36E-05  8.34E-04  0.00000
    272.   36.765  7.41E-06  5.48E-05  0.00E+00  0.00E+00  0.00E+00  0.00E+00  7.41E-06  5.48E-05  8.49E-04  0.00000
    274.   36.496  7.46E-06  5.60E-05  0.00E+00  0.00E+00  0.00E+00  0.00E+00  7.46E-06  5.60E-05  8.64E-04  0.00000
    276.   36.232  7.51E-06  5.72E-05  0.00E+00  0.00E+00  0.00E+00  0.00E+00  7.51E-06  5.72E-05  8.79E-04  0.00000
    278.   35.971  7.56E-06  5.84E-05  0.00E+00  0.00E+00  0.00E+00  0.00E+00  7.56E-06  5.84E-05  8.94E-04  0.00000
    280.   35.714  7.62E-06  5.97E-05  0.00E+00  0.00E+00  0.00E+00  0.00E+00  7.62E-06  5.97E-05  9.09E-04  0.00000
    282.   35.461  7.68E-06  6.11E-05  0.00E+00  0.00E+00  0.00E+00  0.00E+00  7.68E-06  6.11E-05  9.25E-04  0.00000
    284.   35.211  7.75E-06  6.25E-05  0.00E+00  0.00E+00  0.00E+00  0.00E+00  7.75E-06  6.25E-05  9.40E-04  0.00000
    286.   34.965  7.81E-06  6.39E-05  0.00E+00  0.00E+00  0.00E+00  0.00E+00  7.81E-06  6.39E-05  9.56E-04  0.00000
    288.   34.722  7.86E-06  6.52E-05  0.00E+00  0.00E+00  0.00E+00  0.00E+00  7.86E-06  6.52E-05  9.72E-04  0.00000
    290.   34.483  7.92E-06  6.66E-05  0.00E+00  0.00E+00  0.00E+00  0.00E+00  7.92E-06  6.66E-05  9.87E-04  0.00000
    292.   34.247  7.99E-06  6.81E-05  0.00E+00  0.00E+00  0.00E+00  0.00E+00  7.99E-06  6.81E-05  1.00E-03  0.00000
    294.   34.014  8.06E-06  6.97E-05  0.00E+00  0.00E+00  0.00E+00  0.00E+00  8.06E-06  6.97E-05  1.02E-03  0.00000
    296.   33.784  8.12E-06  7.11E-05  0.00E+00  0.00E+00  0.00E+00  0.00E+00  8.12E-06  7.11E-05  1.04E-03  0.00000
    298.   33.557  8.16E-06  7.24E-05  0.00E+00  0.00E+00  0.00E+00  0.00E+00  8.16E-06  7.24E-05  1.05E-03  0.00000
    300.   33.333  8.20E-06  7.38E-05  0.00E+00  0.00E+00  0.00E+00  0.00E+00  8.20E-06  7.38E-05  1.07E-03  0.00000
  iv          305
1                                             RADIANCE(WATTS/CM2-STER-XXX)
0  FREQ   WAVLEN    PATH THERMAL      SURFACE EMISSION    SURFACE REFLECTED     TOTAL RADIANCE   INTEGRAL    TOTAL
  (CM-1) (MICRN)    (CM-1)   (MICRN)    (CM-1)   (MICRN)    (CM-1)   (MICRN)    (CM-1)   (MICRN)    (CM-1)   TRANS

    302.   33.113  8.24E-06  7.52E-05  0.00E+00  0.00E+00  0.00E+00  0.00E+00  8.24E-06  7.52E-05  1.09E-03  0.00000
    304.   32.895  8.30E-06  7.67E-05  0.00E+00  0.00E+00  0.00E+00  0.00E+00  8.30E-06  7.67E-05  1.10E-03  0.00000
    306.   32.680  8.37E-06  7.84E-05  0.00E+00  0.00E+00  0.00E+00  0.00E+00  8.37E-06  7.84E-05  1.12E-03  0.00000
    308.   32.468  8.45E-06  8.01E-05  0.00E+00  0.00E+00  0.00E+00  0.00E+00  8.45E-06  8.01E-05  1.14E-03  0.00000
    310.   32.258  8.51E-06  8.18E-05  0.00E+00  0.00E+00  0.00E+00  0.00E+00  8.51E-06  8.18E-05  1.15E-03  0.00000
    312.   32.051  8.56E-06  8.33E-05  0.00E+00  0.00E+00  0.00E+00  0.00E+00  8.56E-06  8.33E-05  1.17E-03  0.00000
    314.   31.847  8.59E-06  8.47E-05  0.00E+00  0.00E+00  0.00E+00  0.00E+00  8.59E-06  8.47E-05  1.19E-03  0.00000
    316.   31.646  8.64E-06  8.63E-05  0.00E+00  0.00E+00  0.00E+00  0.00E+00  8.64E-06  8.63E-05  1.20E-03  0.00000
    318.   31.447  8.72E-06  8.82E-05  0.00E+00  0.00E+00  0.00E+00  0.00E+00  8.72E-06  8.82E-05  1.22E-03  0.00000
    320.   31.250  8.77E-06  8.98E-05  0.00E+00  0.00E+00  0.00E+00  0.00E+00  8.77E-06  8.98E-05  1.24E-03  0.00000
    322.   31.056  8.79E-06  9.11E-05  0.00E+00  0.00E+00  0.00E+00  0.00E+00  8.79E-06  9.11E-05  1.26E-03  0.00000
    324.   30.864  8.82E-06  9.26E-05  0.00E+00  0.00E+00  0.00E+00  0.00E+00  8.82E-06  9.26E-05  1.27E-03  0.00000
    326.   30.675  8.87E-06  9.43E-05  0.00E+00  0.00E+00  0.00E+00  0.00E+00  8.87E-06  9.43E-05  1.29E-03  0.00000
    328.   30.488  8.92E-06  9.59E-05  0.00E+00  0.00E+00  0.00E+00  0.00E+00  8.92E-06  9.59E-05  1.31E-03  0.00000
    330.   30.303  8.99E-06  9.79E-05  0.00E+00  0.00E+00  0.00E+00  0.00E+00  8.99E-06  9.79E-05  1.33E-03  0.00000
    332.   30.120  9.06E-06  9.99E-05  0.00E+00  0.00E+00  0.00E+00  0.00E+00  9.06E-06  9.99E-05  1.35E-03  0.00000
    334.   29.940  9.09E-06  1.01E-04  0.00E+00  0.00E+00  0.00E+00  0.00E+00  9.09E-06  1.01E-04  1.36E-03  0.00000
    336.   29.762  9.13E-06  1.03E-04  0.00E+00  0.00E+00  0.00E+00  0.00E+00  9.13E-06  1.03E-04  1.38E-03  0.00000
    338.   29.586  9.20E-06  1.05E-04  0.00E+00  0.00E+00  0.00E+00  0.00E+00  9.20E-06  1.05E-04  1.40E-03  0.00000
    340.   29.412  9.24E-06  1.07E-04  0.00E+00  0.00E+00  0.00E+00  0.00E+00  9.24E-06  1.07E-04  1.42E-03  0.00000
    342.   29.240  9.28E-06  1.09E-04  0.00E+00  0.00E+00  0.00E+00  0.00E+00  9.28E-06  1.09E-04  1.44E-03  0.00000
    344.   29.070  9.34E-06  1.11E-04  0.00E+00  0.00E+00  0.00E+00  0.00E+00  9.34E-06  1.11E-04  1.46E-03  0.00000
    346.   28.902  9.40E-06  1.13E-04  0.00E+00  0.00E+00  0.00E+00  0.00E+00  9.40E-06  1.13E-04  1.48E-03  0.00000
    348.   28.736  9.42E-06  1.14E-04  0.00E+00  0.00E+00  0.00E+00  0.00E+00  9.42E-06  1.14E-04  1.49E-03  0.00000
    350.   28.571  9.43E-06  1.15E-04  0.00E+00  0.00E+00  0.00E+00  0.00E+00  9.43E-06  1.15E-04  1.51E-03  0.00000
    352.   28.409  9.46E-06  1.17E-04  0.00E+00  0.00E+00  0.00E+00  0.00E+00  9.46E-06  1.17E-04  1.53E-03  0.00000
    354.   28.249  9.51E-06  1.19E-04  0.00E+00  0.00E+00  0.00E+00  0.00E+00  9.51E-06  1.19E-04  1.55E-03  0.00000
    356.   28.090  9.56E-06  1.21E-04  0.00E+00  0.00E+00  0.00E+00  0.00E+00  9.56E-06  1.21E-04  1.57E-03  0.00000
    358.   27.933  9.61E-06  1.23E-04  0.00E+00  0.00E+00  0.00E+00  0.00E+00  9.61E-06  1.23E-04  1.59E-03  0.00000
    360.   27.778  9.71E-06  1.26E-04  0.00E+00  0.00E+00  0.00E+00  0.00E+00  9.71E-06  1.26E-04  1.61E-03  0.00000
    362.   27.624  9.80E-06  1.28E-04  0.00E+00  0.00E+00  0.00E+00  0.00E+00  9.80E-06  1.28E-04  1.63E-03  0.00000
    364.   27.473  9.87E-06  1.31E-04  1.40E-45  1.82E-44  0.00E+00  0.00E+00  9.87E-06  1.31E-04  1.65E-03  0.00000
    366.   27.322  9.91E-06  1.33E-04  5.61E-45  7.57E-44  0.00E+00  0.00E+00  9.91E-06  1.33E-04  1.67E-03  0.00000
    368.   27.174  9.90E-06  1.34E-04  1.40E-45  1.96E-44  0.00E+00  0.00E+00  9.90E-06  1.34E-04  1.69E-03  0.00000
    370.   27.027  9.90E-06  1.35E-04  0.00E+00  0.00E+00  0.00E+00  0.00E+00  9.90E-06  1.35E-04  1.71E-03  0.00000
    372.   26.882  9.95E-06  1.38E-04  0.00E+00  0.00E+00  0.00E+00  0.00E+00  9.95E-06  1.38E-04  1.73E-03  0.00000
    374.   26.738  9.94E-06  1.39E-04  0.00E+00  0.00E+00  0.00E+00  0.00E+00  9.94E-06  1.39E-04  1.75E-03  0.00000
    376.   26.596  9.96E-06  1.41E-04  0.00E+00  0.00E+00  0.00E+00  0.00E+00  9.96E-06  1.41E-04  1.77E-03  0.00000
    378.   26.455  1.01E-05  1.44E-04  5.61E-45  7.99E-44  0.00E+00  0.00E+00  1.01E-05  1.44E-04  1.79E-03  0.00000
    380.   26.316  1.02E-05  1.47E-04  5.00E-42  7.22E-41  0.00E+00  0.00E+00  1.02E-05  1.47E-04  1.81E-03  0.00000
    382.   26.178  1.02E-05  1.49E-04  5.06E-42  7.38E-41  0.00E+00  0.00E+00  1.02E-05  1.49E-04  1.83E-03  0.00000
    384.   26.042  1.02E-05  1.50E-04  3.64E-44  5.37E-43  0.00E+00  0.00E+00  1.02E-05  1.50E-04  1.85E-03  0.00000
    386.   25.907  1.02E-05  1.52E-04  1.83E-36  2.72E-35  0.00E+00  0.00E+00  1.02E-05  1.52E-04  1.87E-03  0.00000
    388.   25.773  1.04E-05  1.56E-04  8.63E-34  1.30E-32  0.00E+00  0.00E+00  1.04E-05  1.56E-04  1.89E-03  0.00000
    390.   25.641  1.04E-05  1.59E-04  1.49E-33  2.27E-32  0.00E+00  0.00E+00  1.04E-05  1.59E-04  1.91E-03  0.00000
    392.   25.510  1.04E-05  1.60E-04  3.95E-34  6.06E-33  0.00E+00  0.00E+00  1.04E-05  1.60E-04  1.93E-03  0.00000
    394.   25.381  1.03E-05  1.61E-04  3.04E-40  4.72E-39  0.00E+00  0.00E+00  1.03E-05  1.61E-04  1.95E-03  0.00000
    396.   25.253  1.03E-05  1.62E-04  0.00E+00  0.00E+00  0.00E+00  0.00E+00  1.03E-05  1.62E-04  1.97E-03  0.00000
    398.   25.126  1.03E-05  1.64E-04  0.00E+00  0.00E+00  0.00E+00  0.00E+00  1.03E-05  1.64E-04  1.99E-03  0.00000
    400.   25.000  1.04E-05  1.67E-04  2.99E-39  4.78E-38  0.00E+00  0.00E+00  1.04E-05  1.67E-04  2.01E-03  0.00000
  iv          405
1                                             RADIANCE(WATTS/CM2-STER-XXX)
0  FREQ   WAVLEN    PATH THERMAL      SURFACE EMISSION    SURFACE REFLECTED     TOTAL RADIANCE   INTEGRAL    TOTAL
  (CM-1) (MICRN)    (CM-1)   (MICRN)    (CM-1)   (MICRN)    (CM-1)   (MICRN)    (CM-1)   (MICRN)    (CM-1)   TRANS

    402.   24.876  1.06E-05  1.71E-04  2.08E-28  3.36E-27  0.00E+00  0.00E+00  1.06E-05  1.71E-04  2.03E-03  0.00000
    404.   24.752  1.07E-05  1.75E-04  7.63E-26  1.24E-24  0.00E+00  0.00E+00  1.07E-05  1.75E-04  2.06E-03  0.00000
    406.   24.631  1.08E-05  1.78E-04  3.21E-23  5.29E-22  0.00E+00  0.00E+00  1.08E-05  1.78E-04  2.08E-03  0.00000
    408.   24.510  1.09E-05  1.81E-04  1.50E-22  2.49E-21  0.00E+00  0.00E+00  1.09E-05  1.81E-04  2.10E-03  0.00000
    410.   24.390  1.09E-05  1.84E-04  2.01E-22  3.38E-21  0.00E+00  0.00E+00  1.09E-05  1.84E-04  2.12E-03  0.00000
    412.   24.272  1.10E-05  1.86E-04  1.10E-22  1.87E-21  0.00E+00  0.00E+00  1.10E-05  1.86E-04  2.14E-03  0.00000
    414.   24.155  1.09E-05  1.87E-04  1.02E-23  1.75E-22  0.00E+00  0.00E+00  1.09E-05  1.87E-04  2.17E-03  0.00000
    416.   24.038  1.08E-05  1.86E-04  1.30E-27  2.24E-26  0.00E+00  0.00E+00  1.08E-05  1.86E-04  2.19E-03  0.00000
    418.   23.923  1.06E-05  1.86E-04  3.22E-44  5.63E-43  0.00E+00  0.00E+00  1.06E-05  1.86E-04  2.21E-03  0.00000
    420.   23.810  1.07E-05  1.88E-04  0.00E+00  0.00E+00  0.00E+00  0.00E+00  1.07E-05  1.88E-04  2.23E-03  0.00000
    422.   23.697  1.08E-05  1.92E-04  1.25E-35  2.23E-34  0.00E+00  0.00E+00  1.08E-05  1.92E-04  2.25E-03  0.00000
    424.   23.585  1.08E-05  1.95E-04  5.40E-31  9.72E-30  0.00E+00  0.00E+00  1.08E-05  1.95E-04  2.27E-03  0.00000
    426.   23.474  1.09E-05  1.99E-04  1.39E-21  2.53E-20  0.00E+00  0.00E+00  1.09E-05  1.99E-04  2.29E-03  0.00000
    428.   23.364  1.12E-05  2.04E-04  1.05E-20  1.93E-19  0.00E+00  0.00E+00  1.12E-05  2.04E-04  2.32E-03  0.00000
    430.   23.256  1.11E-05  2.06E-04  1.57E-20  2.91E-19  0.00E+00  0.00E+00  1.11E-05  2.06E-04  2.34E-03  0.00000
    432.   23.148  1.11E-05  2.08E-04  4.88E-20  9.11E-19  0.00E+00  0.00E+00  1.11E-05  2.08E-04  2.36E-03  0.00000
    434.   23.041  1.12E-05  2.11E-04  4.12E-20  7.76E-19  0.00E+00  0.00E+00  1.12E-05  2.11E-04  2.38E-03  0.00000
    436.   22.936  1.11E-05  2.12E-04  4.40E-20  8.36E-19  0.00E+00  0.00E+00  1.11E-05  2.12E-04  2.41E-03  0.00000
    438.   22.831  1.13E-05  2.17E-04  7.07E-19  1.36E-17  0.00E+00  0.00E+00  1.13E-05  2.17E-04  2.43E-03  0.00000
    440.   22.727  1.13E-05  2.19E-04  6.39E-19  1.24E-17  0.00E+00  0.00E+00  1.13E-05  2.19E-04  2.45E-03  0.00000
    442.   22.624  1.11E-05  2.16E-04  8.85E-21  1.73E-19  0.00E+00  0.00E+00  1.11E-05  2.16E-04  2.47E-03  0.00000
    444.   22.523  1.11E-05  2.19E-04  1.34E-23  2.65E-22  0.00E+00  0.00E+00  1.11E-05  2.19E-04  2.50E-03  0.00000
    446.   22.422  1.13E-05  2.24E-04  2.16E-20  4.29E-19  0.00E+00  0.00E+00  1.13E-05  2.24E-04  2.52E-03  0.00000
    448.   22.321  1.14E-05  2.30E-04  3.98E-17  7.98E-16  0.00E+00  0.00E+00  1.14E-05  2.30E-04  2.54E-03  0.00000
    450.   22.222  1.15E-05  2.33E-04  4.11E-17  8.32E-16  0.00E+00  0.00E+00  1.15E-05  2.33E-04  2.56E-03  0.00000
    452.   22.124  1.13E-05  2.31E-04  7.90E-19  1.61E-17  0.00E+00  0.00E+00  1.13E-05  2.31E-04  2.59E-03  0.00000
    454.   22.026  1.13E-05  2.33E-04  1.14E-19  2.34E-18  0.00E+00  0.00E+00  1.13E-05  2.33E-04  2.61E-03  0.00000
    456.   21.930  1.12E-05  2.33E-04  3.41E-25  7.09E-24  0.00E+00  0.00E+00  1.12E-05  2.33E-04  2.63E-03  0.00000
    458.   21.834  1.12E-05  2.34E-04  3.68E-25  7.72E-24  0.00E+00  0.00E+00  1.12E-05  2.34E-04  2.65E-03  0.00000
    460.   21.739  1.14E-05  2.40E-04  1.33E-21  2.82E-20  0.00E+00  0.00E+00  1.14E-05  2.40E-04  2.68E-03  0.00000
    462.   21.645  1.16E-05  2.48E-04  1.59E-15  3.40E-14  0.00E+00  0.00E+00  1.16E-05  2.48E-04  2.70E-03  0.00000
    464.   21.552  1.18E-05  2.55E-04  1.81E-14  3.90E-13  0.00E+00  0.00E+00  1.18E-05  2.55E-04  2.72E-03  0.00000
    466.   21.459  1.17E-05  2.55E-04  1.57E-14  3.42E-13  0.00E+00  0.00E+00  1.17E-05  2.55E-04  2.75E-03  0.00000
    468.   21.368  1.15E-05  2.52E-04  2.73E-16  5.98E-15  0.00E+00  0.00E+00  1.15E-05  2.52E-04  2.77E-03  0.00000
    470.   21.277  1.15E-05  2.54E-04  1.57E-19  3.48E-18  0.00E+00  0.00E+00  1.15E-05  2.54E-04  2.79E-03  0.00000
    472.   21.186  1.13E-05  2.52E-04  2.18E-20  4.85E-19  0.00E+00  0.00E+00  1.13E-05  2.52E-04  2.82E-03  0.00000
    474.   21.097  1.15E-05  2.58E-04  3.32E-17  7.47E-16  0.00E+00  0.00E+00  1.15E-05  2.58E-04  2.84E-03  0.00000
    476.   21.008  1.18E-05  2.68E-04  1.98E-13  4.48E-12  0.00E+00  0.00E+00  1.18E-05  2.68E-04  2.86E-03  0.00000
    478.   20.921  1.21E-05  2.76E-04  1.23E-12  2.81E-11  0.00E+00  0.00E+00  1.21E-05  2.76E-04  2.89E-03  0.00000
    480.   20.833  1.20E-05  2.77E-04  1.04E-12  2.41E-11  0.00E+00  0.00E+00  1.20E-05  2.77E-04  2.91E-03  0.00000
    482.   20.747  1.17E-05  2.73E-04  1.18E-13  2.73E-12  0.00E+00  0.00E+00  1.17E-05  2.73E-04  2.93E-03  0.00000
    484.   20.661  1.16E-05  2.71E-04  3.21E-14  7.52E-13  0.00E+00  0.00E+00  1.16E-05  2.71E-04  2.96E-03  0.00000
    486.   20.576  1.18E-05  2.79E-04  1.02E-12  2.41E-11  0.00E+00  0.00E+00  1.18E-05  2.79E-04  2.98E-03  0.00000
    488.   20.492  1.22E-05  2.90E-04  5.75E-12  1.37E-10  0.00E+00  0.00E+00  1.22E-05  2.90E-04  3.01E-03  0.00000
    490.   20.408  1.21E-05  2.90E-04  4.18E-12  1.00E-10  0.00E+00  0.00E+00  1.21E-05  2.90E-04  3.03E-03  0.00000
    492.   20.325  1.18E-05  2.85E-04  2.69E-13  6.51E-12  0.00E+00  0.00E+00  1.18E-05  2.85E-04  3.05E-03  0.00000
    494.   20.243  1.20E-05  2.94E-04  1.61E-11  3.92E-10  0.00E+00  0.00E+00  1.20E-05  2.94E-04  3.08E-03  0.00000
    496.   20.161  1.24E-05  3.06E-04  9.55E-11  2.35E-09  0.00E+00  0.00E+00  1.24E-05  3.06E-04  3.10E-03  0.00001
    498.   20.080  1.25E-05  3.09E-04  1.01E-10  2.51E-09  0.00E+00  0.00E+00  1.25E-05  3.09E-04  3.13E-03  0.00001
    500.   20.000  1.21E-05  3.03E-04  2.12E-11  5.29E-10  0.00E+00  0.00E+00  1.21E-05  3.03E-04  3.15E-03  0.00000
  iv          505
1                                             RADIANCE(WATTS/CM2-STER-XXX)
0  FREQ   WAVLEN    PATH THERMAL      SURFACE EMISSION    SURFACE REFLECTED     TOTAL RADIANCE   INTEGRAL    TOTAL
  (CM-1) (MICRN)    (CM-1)   (MICRN)    (CM-1)   (MICRN)    (CM-1)   (MICRN)    (CM-1)   (MICRN)    (CM-1)   TRANS

    502.   19.920  1.17E-05  2.94E-04  9.82E-14  2.48E-12  0.00E+00  0.00E+00  1.17E-05  2.94E-04  3.17E-03  0.00000
    504.   19.841  1.17E-05  2.98E-04  1.43E-15  3.62E-14  0.00E+00  0.00E+00  1.17E-05  2.98E-04  3.20E-03  0.00000
    506.   19.763  1.17E-05  3.01E-04  1.35E-13  3.45E-12  0.00E+00  0.00E+00  1.17E-05  3.01E-04  3.22E-03  0.00000
    508.   19.685  1.19E-05  3.08E-04  1.53E-12  3.94E-11  0.00E+00  0.00E+00  1.19E-05  3.08E-04  3.25E-03  0.00000
    510.   19.608  1.21E-05  3.15E-04  2.63E-12  6.84E-11  0.00E+00  0.00E+00  1.21E-05  3.15E-04  3.27E-03  0.00000
    512.   19.531  1.22E-05  3.20E-04  3.38E-11  8.87E-10  0.00E+00  0.00E+00  1.22E-05  3.20E-04  3.29E-03  0.00000
    514.   19.455  1.22E-05  3.23E-04  3.29E-11  8.68E-10  0.00E+00  0.00E+00  1.22E-05  3.23E-04  3.32E-03  0.00000
    516.   19.380  1.18E-05  3.13E-04  7.36E-13  1.96E-11  0.00E+00  0.00E+00  1.18E-05  3.13E-04  3.34E-03  0.00000
    518.   19.305  1.16E-05  3.11E-04  3.86E-15  1.04E-13  0.00E+00  0.00E+00  1.16E-05  3.11E-04  3.37E-03  0.00000
    520.   19.231  1.18E-05  3.20E-04  4.60E-12  1.24E-10  0.00E+00  0.00E+00  1.18E-05  3.20E-04  3.39E-03  0.00000
    522.   19.157  1.23E-05  3.36E-04  2.48E-11  6.76E-10  0.00E+00  0.00E+00  1.23E-05  3.36E-04  3.41E-03  0.00000
    524.   19.084  1.21E-05  3.34E-04  1.60E-11  4.39E-10  0.00E+00  0.00E+00  1.21E-05  3.34E-04  3.44E-03  0.00000
    526.   19.011  1.19E-05  3.29E-04  1.65E-11  4.57E-10  0.00E+00  0.00E+00  1.19E-05  3.29E-04  3.46E-03  0.00000
    528.   18.939  1.24E-05  3.46E-04  5.74E-10  1.60E-08  0.00E+00  0.00E+00  1.24E-05  3.46E-04  3.49E-03  0.00004
    530.   18.868  1.28E-05  3.60E-04  3.90E-09  1.10E-07  0.00E+00  0.00E+00  1.28E-05  3.60E-04  3.51E-03  0.00026
    532.   18.797  1.28E-05  3.63E-04  5.40E-09  1.53E-07  0.00E+00  0.00E+00  1.28E-05  3.63E-04  3.54E-03  0.00036
    534.   18.727  1.26E-05  3.59E-04  1.85E-09  5.28E-08  0.00E+00  0.00E+00  1.26E-05  3.59E-04  3.56E-03  0.00012
    536.   18.657  1.23E-05  3.53E-04  6.04E-10  1.73E-08  0.00E+00  0.00E+00  1.23E-05  3.53E-04  3.59E-03  0.00004
    538.   18.587  1.26E-05  3.65E-04  3.88E-09  1.12E-07  0.00E+00  0.00E+00  1.26E-05  3.65E-04  3.61E-03  0.00026
    540.   18.519  1.27E-05  3.69E-04  4.09E-09  1.19E-07  0.00E+00  0.00E+00  1.27E-05  3.70E-04  3.64E-03  0.00028
    542.   18.450  1.26E-05  3.70E-04  1.83E-09  5.37E-08  0.00E+00  0.00E+00  1.26E-05  3.70E-04  3.66E-03  0.00012
    544.   18.382  1.24E-05  3.66E-04  1.23E-09  3.63E-08  0.00E+00  0.00E+00  1.24E-05  3.66E-04  3.69E-03  0.00008
    546.   18.315  1.19E-05  3.55E-04  2.10E-11  6.26E-10  0.00E+00  0.00E+00  1.19E-05  3.55E-04  3.71E-03  0.00000
    548.   18.248  1.21E-05  3.64E-04  1.17E-10  3.51E-09  0.00E+00  0.00E+00  1.21E-05  3.64E-04  3.74E-03  0.00001
    550.   18.182  1.23E-05  3.72E-04  7.26E-10  2.20E-08  0.00E+00  0.00E+00  1.23E-05  3.72E-04  3.76E-03  0.00005
    552.   18.116  1.26E-05  3.84E-04  4.93E-09  1.50E-07  0.00E+00  0.00E+00  1.26E-05  3.84E-04  3.79E-03  0.00033
    554.   18.051  1.26E-05  3.86E-04  4.94E-09  1.52E-07  0.00E+00  0.00E+00  1.26E-05  3.87E-04  3.81E-03  0.00033
    556.   17.986  1.26E-05  3.90E-04  6.16E-09  1.90E-07  0.00E+00  0.00E+00  1.26E-05  3.90E-04  3.84E-03  0.00041
    558.   17.921  1.29E-05  4.01E-04  1.88E-08  5.85E-07  0.00E+00  0.00E+00  1.29E-05  4.02E-04  3.86E-03  0.00126
    560.   17.857  1.30E-05  4.09E-04  3.39E-08  1.06E-06  0.00E+00  0.00E+00  1.31E-05  4.10E-04  3.89E-03  0.00227
    562.   17.794  1.28E-05  4.04E-04  2.31E-08  7.30E-07  0.00E+00  0.00E+00  1.28E-05  4.05E-04  3.91E-03  0.00154
    564.   17.730  1.26E-05  4.02E-04  6.37E-09  2.03E-07  0.00E+00  0.00E+00  1.26E-05  4.02E-04  3.94E-03  0.00043
    566.   17.668  1.24E-05  3.99E-04  3.04E-09  9.74E-08  0.00E+00  0.00E+00  1.24E-05  3.99E-04  3.96E-03  0.00020
    568.   17.606  1.19E-05  3.85E-04  1.05E-10  3.38E-09  0.00E+00  0.00E+00  1.19E-05  3.85E-04  3.99E-03  0.00001
    570.   17.544  1.20E-05  3.91E-04  1.09E-10  3.54E-09  0.00E+00  0.00E+00  1.20E-05  3.91E-04  4.01E-03  0.00001
    572.   17.483  1.26E-05  4.12E-04  6.68E-09  2.19E-07  0.00E+00  0.00E+00  1.26E-05  4.13E-04  4.04E-03  0.00045
    574.   17.422  1.27E-05  4.19E-04  1.06E-08  3.51E-07  0.00E+00  0.00E+00  1.27E-05  4.19E-04  4.06E-03  0.00071
    576.   17.361  1.22E-05  4.05E-04  2.56E-09  8.50E-08  0.00E+00  0.00E+00  1.22E-05  4.05E-04  4.09E-03  0.00017
    578.   17.301  1.24E-05  4.15E-04  3.25E-09  1.09E-07  0.00E+00  0.00E+00  1.24E-05  4.16E-04  4.11E-03  0.00022
    580.   17.241  1.23E-05  4.13E-04  2.31E-09  7.78E-08  0.00E+00  0.00E+00  1.23E-05  4.13E-04  4.14E-03  0.00015
    582.   17.182  1.22E-05  4.15E-04  1.75E-09  5.93E-08  0.00E+00  0.00E+00  1.22E-05  4.15E-04  4.16E-03  0.00012
    584.   17.123  1.24E-05  4.24E-04  3.26E-09  1.11E-07  0.00E+00  0.00E+00  1.24E-05  4.24E-04  4.19E-03  0.00022
    586.   17.065  1.25E-05  4.30E-04  1.48E-08  5.08E-07  0.00E+00  0.00E+00  1.25E-05  4.31E-04  4.21E-03  0.00099
    588.   17.007  1.27E-05  4.39E-04  2.80E-08  9.69E-07  0.00E+00  0.00E+00  1.27E-05  4.40E-04  4.24E-03  0.00187
    590.   16.949  1.22E-05  4.26E-04  9.65E-09  3.36E-07  0.00E+00  0.00E+00  1.23E-05  4.27E-04  4.26E-03  0.00064
    592.   16.892  1.18E-05  4.14E-04  1.81E-10  6.36E-09  0.00E+00  0.00E+00  1.18E-05  4.14E-04  4.28E-03  0.00001
    594.   16.835  1.19E-05  4.21E-04  5.58E-10  1.97E-08  0.00E+00  0.00E+00  1.19E-05  4.21E-04  4.31E-03  0.00004
    596.   16.779  1.20E-05  4.28E-04  2.59E-09  9.21E-08  0.00E+00  0.00E+00  1.20E-05  4.28E-04  4.33E-03  0.00017
    598.   16.722  1.22E-05  4.35E-04  6.79E-09  2.43E-07  0.00E+00  0.00E+00  1.22E-05  4.35E-04  4.36E-03  0.00045
    600.   16.667  1.22E-05  4.38E-04  6.37E-09  2.29E-07  0.00E+00  0.00E+00  1.22E-05  4.39E-04  4.38E-03  0.00042
  iv          605
1                                             RADIANCE(WATTS/CM2-STER-XXX)
0  FREQ   WAVLEN    PATH THERMAL      SURFACE EMISSION    SURFACE REFLECTED     TOTAL RADIANCE   INTEGRAL    TOTAL
  (CM-1) (MICRN)    (CM-1)   (MICRN)    (CM-1)   (MICRN)    (CM-1)   (MICRN)    (CM-1)   (MICRN)    (CM-1)   TRANS

    602.   16.611  1.22E-05  4.41E-04  9.95E-09  3.60E-07  0.00E+00  0.00E+00  1.22E-05  4.41E-04  4.41E-03  0.00066
    604.   16.556  1.21E-05  4.42E-04  9.88E-09  3.60E-07  0.00E+00  0.00E+00  1.21E-05  4.42E-04  4.43E-03  0.00066
    606.   16.502  1.22E-05  4.47E-04  2.27E-08  8.34E-07  0.00E+00  0.00E+00  1.22E-05  4.48E-04  4.45E-03  0.00152
    608.   16.447  1.22E-05  4.51E-04  2.99E-08  1.10E-06  0.00E+00  0.00E+00  1.22E-05  4.52E-04  4.48E-03  0.00200
    610.   16.393  1.23E-05  4.56E-04  2.96E-08  1.10E-06  0.00E+00  0.00E+00  1.23E-05  4.57E-04  4.50E-03  0.00198
    612.   16.340  1.22E-05  4.57E-04  2.14E-08  8.03E-07  0.00E+00  0.00E+00  1.22E-05  4.58E-04  4.53E-03  0.00143
    614.   16.287  1.19E-05  4.50E-04  5.94E-09  2.24E-07  0.00E+00  0.00E+00  1.19E-05  4.50E-04  4.55E-03  0.00040
    616.   16.234  1.15E-05  4.35E-04  1.07E-09  4.07E-08  0.00E+00  0.00E+00  1.15E-05  4.35E-04  4.57E-03  0.00007
    618.   16.181  1.14E-05  4.35E-04  3.88E-10  1.48E-08  0.00E+00  0.00E+00  1.14E-05  4.35E-04  4.60E-03  0.00003
    620.   16.129  1.18E-05  4.55E-04  2.00E-09  7.68E-08  0.00E+00  0.00E+00  1.18E-05  4.55E-04  4.62E-03  0.00013
    622.   16.077  1.19E-05  4.60E-04  6.83E-09  2.64E-07  0.00E+00  0.00E+00  1.19E-05  4.60E-04  4.64E-03  0.00046
    624.   16.026  1.16E-05  4.53E-04  4.46E-09  1.74E-07  0.00E+00  0.00E+00  1.16E-05  4.53E-04  4.67E-03  0.00030
    626.   15.974  1.14E-05  4.47E-04  1.72E-10  6.75E-09  0.00E+00  0.00E+00  1.14E-05  4.47E-04  4.69E-03  0.00001
    628.   15.924  1.14E-05  4.50E-04  6.80E-10  2.68E-08  0.00E+00  0.00E+00  1.14E-05  4.50E-04  4.71E-03  0.00005
    630.   15.873  1.14E-05  4.51E-04  6.03E-10  2.39E-08  0.00E+00  0.00E+00  1.14E-05  4.51E-04  4.74E-03  0.00004
    632.   15.823  1.12E-05  4.49E-04  1.26E-10  5.05E-09  0.00E+00  0.00E+00  1.12E-05  4.49E-04  4.76E-03  0.00001
    634.   15.773  1.11E-05  4.48E-04  1.29E-11  5.20E-10  0.00E+00  0.00E+00  1.11E-05  4.48E-04  4.78E-03  0.00000
    636.   15.723  1.11E-05  4.48E-04  3.49E-13  1.41E-11  0.00E+00  0.00E+00  1.11E-05  4.48E-04  4.80E-03  0.00000
    638.   15.674  1.10E-05  4.49E-04  7.87E-14  3.20E-12  0.00E+00  0.00E+00  1.10E-05  4.49E-04  4.83E-03  0.00000
    640.   15.625  1.10E-05  4.50E-04  1.19E-14  4.89E-13  0.00E+00  0.00E+00  1.10E-05  4.50E-04  4.85E-03  0.00000
    642.   15.576  1.09E-05  4.51E-04  6.74E-15  2.78E-13  0.00E+00  0.00E+00  1.09E-05  4.51E-04  4.87E-03  0.00000
    644.   15.528  1.09E-05  4.52E-04  1.36E-16  5.65E-15  0.00E+00  0.00E+00  1.09E-05  4.52E-04  4.89E-03  0.00000
    646.   15.480  1.09E-05  4.53E-04  2.26E-18  9.45E-17  0.00E+00  0.00E+00  1.09E-05  4.53E-04  4.91E-03  0.00000
    648.   15.432  1.08E-05  4.53E-04  3.89E-19  1.63E-17  0.00E+00  0.00E+00  1.08E-05  4.53E-04  4.93E-03  0.00000
    650.   15.385  1.08E-05  4.55E-04  7.36E-21  3.11E-19  0.00E+00  0.00E+00  1.08E-05  4.55E-04  4.96E-03  0.00000
    652.   15.337  1.08E-05  4.58E-04  2.44E-20  1.04E-18  0.00E+00  0.00E+00  1.08E-05  4.58E-04  4.98E-03  0.00000
    654.   15.291  1.08E-05  4.60E-04  7.58E-18  3.24E-16  0.00E+00  0.00E+00  1.08E-05  4.60E-04  5.00E-03  0.00000
    656.   15.244  1.07E-05  4.62E-04  7.71E-18  3.32E-16  0.00E+00  0.00E+00  1.07E-05  4.62E-04  5.02E-03  0.00000
    658.   15.198  1.07E-05  4.64E-04  1.84E-19  7.95E-18  0.00E+00  0.00E+00  1.07E-05  4.64E-04  5.04E-03  0.00000
    660.   15.152  1.07E-05  4.66E-04  1.25E-18  5.42E-17  0.00E+00  0.00E+00  1.07E-05  4.66E-04  5.06E-03  0.00000
    662.   15.106  1.07E-05  4.67E-04  1.22E-18  5.35E-17  0.00E+00  0.00E+00  1.07E-05  4.67E-04  5.08E-03  0.00000
    664.   15.060  1.06E-05  4.69E-04  1.11E-24  4.91E-23  0.00E+00  0.00E+00  1.06E-05  4.69E-04  5.11E-03  0.00000
    666.   15.015  1.06E-05  4.69E-04  3.71E-25  1.65E-23  0.00E+00  0.00E+00  1.06E-05  4.69E-04  5.13E-03  0.00000
    668.   14.970  1.05E-05  4.68E-04  0.00E+00  0.00E+00  0.00E+00  0.00E+00  1.05E-05  4.68E-04  5.15E-03  0.00000
    670.   14.925  1.05E-05  4.71E-04  2.13E-37  9.54E-36  0.00E+00  0.00E+00  1.05E-05  4.71E-04  5.17E-03  0.00000
    672.   14.881  1.05E-05  4.76E-04  2.51E-21  1.13E-19  0.00E+00  0.00E+00  1.05E-05  4.76E-04  5.19E-03  0.00000
    674.   14.837  1.05E-05  4.79E-04  1.07E-19  4.86E-18  0.00E+00  0.00E+00  1.05E-05  4.79E-04  5.21E-03  0.00000
    676.   14.793  1.05E-05  4.81E-04  3.01E-19  1.38E-17  0.00E+00  0.00E+00  1.05E-05  4.81E-04  5.23E-03  0.00000
    678.   14.749  1.05E-05  4.82E-04  1.00E-19  4.60E-18  0.00E+00  0.00E+00  1.05E-05  4.82E-04  5.25E-03  0.00000
    680.   14.706  1.05E-05  4.84E-04  2.73E-21  1.26E-19  0.00E+00  0.00E+00  1.05E-05  4.84E-04  5.27E-03  0.00000
    682.   14.663  1.04E-05  4.86E-04  5.72E-20  2.66E-18  0.00E+00  0.00E+00  1.04E-05  4.86E-04  5.29E-03  0.00000
    684.   14.620  1.04E-05  4.88E-04  1.08E-18  5.05E-17  0.00E+00  0.00E+00  1.04E-05  4.88E-04  5.32E-03  0.00000
    686.   14.577  1.04E-05  4.91E-04  2.84E-18  1.34E-16  0.00E+00  0.00E+00  1.04E-05  4.91E-04  5.34E-03  0.00000
    688.   14.535  1.04E-05  4.92E-04  9.58E-19  4.53E-17  0.00E+00  0.00E+00  1.04E-05  4.92E-04  5.36E-03  0.00000
    690.   14.493  1.04E-05  4.95E-04  2.86E-16  1.36E-14  0.00E+00  0.00E+00  1.04E-05  4.95E-04  5.38E-03  0.00000
    692.   14.451  1.04E-05  4.99E-04  9.16E-16  4.39E-14  0.00E+00  0.00E+00  1.04E-05  4.99E-04  5.40E-03  0.00000
    694.   14.409  1.04E-05  5.02E-04  1.06E-15  5.11E-14  0.00E+00  0.00E+00  1.04E-05  5.02E-04  5.42E-03  0.00000
    696.   14.368  1.04E-05  5.04E-04  7.85E-15  3.80E-13  0.00E+00  0.00E+00  1.04E-05  5.04E-04  5.44E-03  0.00000
    698.   14.327  1.04E-05  5.08E-04  1.01E-11  4.92E-10  0.00E+00  0.00E+00  1.04E-05  5.08E-04  5.46E-03  0.00000
    700.   14.286  1.05E-05  5.13E-04  3.49E-11  1.71E-09  0.00E+00  0.00E+00  1.05E-05  5.13E-04  5.48E-03  0.00000
  iv          705
1                                             RADIANCE(WATTS/CM2-STER-XXX)
0  FREQ   WAVLEN    PATH THERMAL      SURFACE EMISSION    SURFACE REFLECTED     TOTAL RADIANCE   INTEGRAL    TOTAL
  (CM-1) (MICRN)    (CM-1)   (MICRN)    (CM-1)   (MICRN)    (CM-1)   (MICRN)    (CM-1)   (MICRN)    (CM-1)   TRANS

    702.   14.245  1.05E-05  5.15E-04  2.76E-11  1.36E-09  0.00E+00  0.00E+00  1.05E-05  5.15E-04  5.50E-03  0.00000
    704.   14.205  1.05E-05  5.20E-04  2.02E-11  9.99E-10  0.00E+00  0.00E+00  1.05E-05  5.20E-04  5.52E-03  0.00000
    706.   14.164  1.06E-05  5.27E-04  1.58E-10  7.90E-09  0.00E+00  0.00E+00  1.06E-05  5.27E-04  5.55E-03  0.00001
    708.   14.124  1.07E-05  5.34E-04  3.51E-09  1.76E-07  0.00E+00  0.00E+00  1.07E-05  5.34E-04  5.57E-03  0.00025
    710.   14.085  1.07E-05  5.42E-04  1.40E-08  7.04E-07  0.00E+00  0.00E+00  1.08E-05  5.42E-04  5.59E-03  0.00098
    712.   14.045  1.08E-05  5.48E-04  2.13E-08  1.08E-06  0.00E+00  0.00E+00  1.08E-05  5.49E-04  5.61E-03  0.00149
    714.   14.006  1.09E-05  5.54E-04  3.05E-08  1.56E-06  0.00E+00  0.00E+00  1.09E-05  5.56E-04  5.63E-03  0.00214
    716.   13.966  1.10E-05  5.62E-04  6.82E-08  3.49E-06  0.00E+00  0.00E+00  1.10E-05  5.66E-04  5.65E-03  0.00479
    718.   13.928  1.07E-05  5.50E-04  3.48E-08  1.79E-06  0.00E+00  0.00E+00  1.07E-05  5.52E-04  5.68E-03  0.00245
    720.   13.889  1.03E-05  5.34E-04  7.24E-09  3.75E-07  0.00E+00  0.00E+00  1.03E-05  5.35E-04  5.70E-03  0.00051
    722.   13.850  1.08E-05  5.65E-04  1.84E-07  9.59E-06  0.00E+00  0.00E+00  1.10E-05  5.74E-04  5.72E-03  0.01299
    724.   13.812  1.12E-05  5.85E-04  4.51E-07  2.36E-05  0.00E+00  0.00E+00  1.16E-05  6.08E-04  5.74E-03  0.03191
    726.   13.774  1.11E-05  5.84E-04  6.54E-07  3.45E-05  0.00E+00  0.00E+00  1.17E-05  6.18E-04  5.76E-03  0.04634
    728.   13.736  1.10E-05  5.85E-04  4.56E-07  2.42E-05  0.00E+00  0.00E+00  1.15E-05  6.09E-04  5.79E-03  0.03231
    730.   13.699  1.10E-05  5.84E-04  1.66E-07  8.87E-06  0.00E+00  0.00E+00  1.11E-05  5.92E-04  5.81E-03  0.01182
    732.   13.661  1.09E-05  5.85E-04  2.42E-07  1.30E-05  0.00E+00  0.00E+00  1.12E-05  5.98E-04  5.83E-03  0.01727
    734.   13.624  1.09E-05  5.88E-04  3.95E-07  2.13E-05  0.00E+00  0.00E+00  1.13E-05  6.10E-04  5.85E-03  0.02817
    736.   13.587  1.09E-05  5.90E-04  4.12E-07  2.23E-05  0.00E+00  0.00E+00  1.13E-05  6.12E-04  5.88E-03  0.02945
    738.   13.550  1.09E-05  5.92E-04  3.21E-07  1.75E-05  0.00E+00  0.00E+00  1.12E-05  6.10E-04  5.90E-03  0.02293
    740.   13.514  1.08E-05  5.89E-04  1.28E-07  6.98E-06  0.00E+00  0.00E+00  1.09E-05  5.96E-04  5.92E-03  0.00914
    742.   13.477  1.07E-05  5.88E-04  2.25E-07  1.24E-05  0.00E+00  0.00E+00  1.09E-05  6.01E-04  5.94E-03  0.01615
    744.   13.441  1.09E-05  6.01E-04  4.71E-07  2.61E-05  0.00E+00  0.00E+00  1.13E-05  6.27E-04  5.97E-03  0.03387
    746.   13.405  1.07E-05  5.98E-04  8.21E-07  4.57E-05  0.00E+00  0.00E+00  1.16E-05  6.43E-04  5.99E-03  0.05920
    748.   13.369  1.07E-05  6.00E-04  9.01E-07  5.04E-05  0.00E+00  0.00E+00  1.16E-05  6.51E-04  6.01E-03  0.06509
    750.   13.333  1.07E-05  6.01E-04  1.08E-06  6.08E-05  0.00E+00  0.00E+00  1.18E-05  6.62E-04  6.04E-03  0.07814
    752.   13.298  1.07E-05  6.06E-04  1.06E-06  5.98E-05  0.00E+00  0.00E+00  1.18E-05  6.66E-04  6.06E-03  0.07667
    754.   13.263  1.09E-05  6.17E-04  7.42E-07  4.22E-05  0.00E+00  0.00E+00  1.16E-05  6.59E-04  6.08E-03  0.05384
    756.   13.228  1.06E-05  6.07E-04  1.17E-06  6.70E-05  0.00E+00  0.00E+00  1.18E-05  6.74E-04  6.11E-03  0.08540
    758.   13.193  9.98E-06  5.73E-04  2.27E-06  1.31E-04  0.00E+00  0.00E+00  1.22E-05  7.04E-04  6.13E-03  0.16579
    760.   13.158  9.76E-06  5.64E-04  2.63E-06  1.52E-04  0.00E+00  0.00E+00  1.24E-05  7.15E-04  6.16E-03  0.19199
    762.   13.123  9.48E-06  5.50E-04  3.00E-06  1.74E-04  0.00E+00  0.00E+00  1.25E-05  7.25E-04  6.18E-03  0.21985
    764.   13.089  9.13E-06  5.33E-04  3.45E-06  2.01E-04  0.00E+00  0.00E+00  1.26E-05  7.34E-04  6.21E-03  0.25288
    766.   13.055  9.14E-06  5.36E-04  3.42E-06  2.01E-04  0.00E+00  0.00E+00  1.26E-05  7.37E-04  6.23E-03  0.25135
    768.   13.021  9.48E-06  5.59E-04  2.88E-06  1.70E-04  0.00E+00  0.00E+00  1.24E-05  7.29E-04  6.26E-03  0.21217
    770.   12.987  9.54E-06  5.65E-04  2.75E-06  1.63E-04  0.00E+00  0.00E+00  1.23E-05  7.28E-04  6.28E-03  0.20290
    772.   12.953  8.83E-06  5.26E-04  3.73E-06  2.22E-04  0.00E+00  0.00E+00  1.26E-05  7.48E-04  6.31E-03  0.27545
    774.   12.920  8.98E-06  5.38E-04  3.49E-06  2.09E-04  0.00E+00  0.00E+00  1.25E-05  7.47E-04  6.33E-03  0.25815
    776.   12.887  9.84E-06  5.92E-04  2.15E-06  1.30E-04  0.00E+00  0.00E+00  1.20E-05  7.22E-04  6.35E-03  0.15980
    778.   12.853  9.54E-06  5.77E-04  2.53E-06  1.53E-04  0.00E+00  0.00E+00  1.21E-05  7.30E-04  6.38E-03  0.18843
    780.   12.821  8.78E-06  5.34E-04  3.62E-06  2.21E-04  0.00E+00  0.00E+00  1.24E-05  7.55E-04  6.40E-03  0.27029
    782.   12.788  8.63E-06  5.28E-04  3.73E-06  2.28E-04  0.00E+00  0.00E+00  1.24E-05  7.56E-04  6.43E-03  0.27836
    784.   12.755  9.47E-06  5.82E-04  2.45E-06  1.51E-04  0.00E+00  0.00E+00  1.19E-05  7.33E-04  6.45E-03  0.18361
    786.   12.723  8.79E-06  5.43E-04  3.46E-06  2.14E-04  0.00E+00  0.00E+00  1.23E-05  7.57E-04  6.48E-03  0.26012
    788.   12.690  7.93E-06  4.92E-04  4.58E-06  2.85E-04  0.00E+00  0.00E+00  1.25E-05  7.77E-04  6.50E-03  0.34468
    790.   12.658  8.12E-06  5.07E-04  4.24E-06  2.65E-04  0.00E+00  0.00E+00  1.24E-05  7.72E-04  6.53E-03  0.31980
    792.   12.626  9.06E-06  5.68E-04  2.91E-06  1.83E-04  0.00E+00  0.00E+00  1.20E-05  7.51E-04  6.55E-03  0.21984
    794.   12.594  9.74E-06  6.14E-04  1.95E-06  1.23E-04  0.00E+00  0.00E+00  1.17E-05  7.37E-04  6.57E-03  0.14759
    796.   12.563  9.82E-06  6.22E-04  1.73E-06  1.10E-04  0.00E+00  0.00E+00  1.15E-05  7.32E-04  6.60E-03  0.13133
    798.   12.531  9.76E-06  6.22E-04  1.66E-06  1.06E-04  0.00E+00  0.00E+00  1.14E-05  7.27E-04  6.62E-03  0.12601
    800.   12.500  8.83E-06  5.65E-04  2.93E-06  1.88E-04  0.00E+00  0.00E+00  1.18E-05  7.53E-04  6.64E-03  0.22387
  iv          805
1                                             RADIANCE(WATTS/CM2-STER-XXX)
0  FREQ   WAVLEN    PATH THERMAL      SURFACE EMISSION    SURFACE REFLECTED     TOTAL RADIANCE   INTEGRAL    TOTAL
  (CM-1) (MICRN)    (CM-1)   (MICRN)    (CM-1)   (MICRN)    (CM-1)   (MICRN)    (CM-1)   (MICRN)    (CM-1)   TRANS

    802.   12.469  8.52E-06  5.48E-04  3.51E-06  2.26E-04  0.00E+00  0.00E+00  1.20E-05  7.74E-04  6.67E-03  0.26797
    804.   12.438  8.81E-06  5.69E-04  3.01E-06  1.95E-04  0.00E+00  0.00E+00  1.18E-05  7.64E-04  6.69E-03  0.23057
    806.   12.407  8.26E-06  5.37E-04  3.73E-06  2.42E-04  0.00E+00  0.00E+00  1.20E-05  7.79E-04  6.71E-03  0.28619
    808.   12.376  8.42E-06  5.50E-04  3.46E-06  2.26E-04  0.00E+00  0.00E+00  1.19E-05  7.76E-04  6.74E-03  0.26610
    810.   12.346  7.58E-06  4.97E-04  4.54E-06  2.98E-04  0.00E+00  0.00E+00  1.21E-05  7.95E-04  6.76E-03  0.35017
    812.   12.315  7.40E-06  4.88E-04  4.74E-06  3.13E-04  0.00E+00  0.00E+00  1.21E-05  8.00E-04  6.79E-03  0.36644
    814.   12.285  8.34E-06  5.53E-04  3.46E-06  2.29E-04  0.00E+00  0.00E+00  1.18E-05  7.82E-04  6.81E-03  0.26831
    816.   12.255  7.75E-06  5.16E-04  4.18E-06  2.78E-04  0.00E+00  0.00E+00  1.19E-05  7.95E-04  6.83E-03  0.32502
    818.   12.225  6.84E-06  4.57E-04  5.33E-06  3.57E-04  0.00E+00  0.00E+00  1.22E-05  8.14E-04  6.86E-03  0.41529
    820.   12.195  6.71E-06  4.51E-04  5.45E-06  3.66E-04  0.00E+00  0.00E+00  1.22E-05  8.17E-04  6.88E-03  0.42548
    822.   12.165  6.67E-06  4.51E-04  5.45E-06  3.68E-04  0.00E+00  0.00E+00  1.21E-05  8.19E-04  6.91E-03  0.42676
    824.   12.136  6.93E-06  4.70E-04  5.08E-06  3.45E-04  0.00E+00  0.00E+00  1.20E-05  8.15E-04  6.93E-03  0.39876
    826.   12.107  7.49E-06  5.11E-04  4.34E-06  2.96E-04  0.00E+00  0.00E+00  1.18E-05  8.07E-04  6.95E-03  0.34131
    828.   12.077  7.71E-06  5.28E-04  4.01E-06  2.75E-04  0.00E+00  0.00E+00  1.17E-05  8.03E-04  6.98E-03  0.31592
    830.   12.048  6.72E-06  4.63E-04  5.21E-06  3.59E-04  0.00E+00  0.00E+00  1.19E-05  8.22E-04  7.00E-03  0.41166
    832.   12.019  6.33E-06  4.38E-04  5.67E-06  3.92E-04  0.00E+00  0.00E+00  1.20E-05  8.31E-04  7.03E-03  0.44943
    834.   11.990  6.39E-06  4.44E-04  5.56E-06  3.87E-04  0.00E+00  0.00E+00  1.20E-05  8.31E-04  7.05E-03  0.44211
    836.   11.962  6.58E-06  4.60E-04  5.30E-06  3.71E-04  0.00E+00  0.00E+00  1.19E-05  8.30E-04  7.07E-03  0.42263
    838.   11.933  6.73E-06  4.72E-04  5.05E-06  3.55E-04  0.00E+00  0.00E+00  1.18E-05  8.27E-04  7.10E-03  0.40360
    840.   11.905  7.37E-06  5.20E-04  4.17E-06  2.94E-04  0.00E+00  0.00E+00  1.15E-05  8.14E-04  7.12E-03  0.33405
    842.   11.876  6.80E-06  4.82E-04  4.87E-06  3.45E-04  0.00E+00  0.00E+00  1.17E-05  8.27E-04  7.14E-03  0.39098
    844.   11.848  6.14E-06  4.37E-04  5.67E-06  4.04E-04  0.00E+00  0.00E+00  1.18E-05  8.41E-04  7.17E-03  0.45635
    846.   11.820  6.02E-06  4.31E-04  5.77E-06  4.13E-04  0.00E+00  0.00E+00  1.18E-05  8.44E-04  7.19E-03  0.46612
    848.   11.792  6.33E-06  4.55E-04  5.34E-06  3.84E-04  0.00E+00  0.00E+00  1.17E-05  8.39E-04  7.21E-03  0.43189
    850.   11.765  7.25E-06  5.24E-04  4.07E-06  2.94E-04  0.00E+00  0.00E+00  1.13E-05  8.18E-04  7.24E-03  0.33026
    852.   11.737  8.06E-06  5.85E-04  2.93E-06  2.13E-04  0.00E+00  0.00E+00  1.10E-05  7.98E-04  7.26E-03  0.23885
    854.   11.710  7.71E-06  5.62E-04  3.43E-06  2.50E-04  0.00E+00  0.00E+00  1.11E-05  8.12E-04  7.28E-03  0.28015
    856.   11.682  6.45E-06  4.73E-04  5.01E-06  3.67E-04  0.00E+00  0.00E+00  1.15E-05  8.40E-04  7.30E-03  0.41000
    858.   11.655  5.82E-06  4.29E-04  5.77E-06  4.25E-04  0.00E+00  0.00E+00  1.16E-05  8.54E-04  7.33E-03  0.47383
    860.   11.628  5.82E-06  4.30E-04  5.74E-06  4.25E-04  0.00E+00  0.00E+00  1.16E-05  8.55E-04  7.35E-03  0.47256
    862.   11.601  5.57E-06  4.14E-04  6.00E-06  4.46E-04  0.00E+00  0.00E+00  1.16E-05  8.60E-04  7.37E-03  0.49485
    864.   11.574  6.06E-06  4.52E-04  5.34E-06  3.99E-04  0.00E+00  0.00E+00  1.14E-05  8.51E-04  7.40E-03  0.44219
    866.   11.547  6.06E-06  4.55E-04  5.30E-06  3.97E-04  0.00E+00  0.00E+00  1.14E-05  8.52E-04  7.42E-03  0.43987
    868.   11.521  5.41E-06  4.08E-04  6.07E-06  4.57E-04  0.00E+00  0.00E+00  1.15E-05  8.65E-04  7.44E-03  0.50492
    870.   11.494  5.80E-06  4.39E-04  5.52E-06  4.18E-04  0.00E+00  0.00E+00  1.13E-05  8.57E-04  7.46E-03  0.46063
    872.   11.468  5.83E-06  4.43E-04  5.44E-06  4.14E-04  0.00E+00  0.00E+00  1.13E-05  8.57E-04  7.49E-03  0.45581
    874.   11.442  5.29E-06  4.04E-04  6.09E-06  4.66E-04  0.00E+00  0.00E+00  1.14E-05  8.70E-04  7.51E-03  0.51157
    876.   11.416  5.27E-06  4.04E-04  6.08E-06  4.67E-04  0.00E+00  0.00E+00  1.14E-05  8.71E-04  7.53E-03  0.51226
    878.   11.390  5.66E-06  4.37E-04  5.55E-06  4.28E-04  0.00E+00  0.00E+00  1.12E-05  8.64E-04  7.56E-03  0.46869
    880.   11.364  5.74E-06  4.45E-04  5.41E-06  4.19E-04  0.00E+00  0.00E+00  1.12E-05  8.64E-04  7.58E-03  0.45820
    882.   11.338  5.66E-06  4.40E-04  5.48E-06  4.27E-04  0.00E+00  0.00E+00  1.11E-05  8.67E-04  7.60E-03  0.46577
    884.   11.312  5.82E-06  4.55E-04  5.23E-06  4.08E-04  0.00E+00  0.00E+00  1.11E-05  8.64E-04  7.62E-03  0.44519
    886.   11.287  5.76E-06  4.52E-04  5.23E-06  4.11E-04  0.00E+00  0.00E+00  1.10E-05  8.63E-04  7.64E-03  0.44705
    888.   11.261  5.97E-06  4.71E-04  4.95E-06  3.91E-04  0.00E+00  0.00E+00  1.09E-05  8.61E-04  7.67E-03  0.42438
    890.   11.236  5.67E-06  4.49E-04  5.32E-06  4.22E-04  0.00E+00  0.00E+00  1.10E-05  8.71E-04  7.69E-03  0.45757
    892.   11.211  5.10E-06  4.06E-04  5.97E-06  4.75E-04  0.00E+00  0.00E+00  1.11E-05  8.80E-04  7.71E-03  0.51456
    894.   11.186  4.79E-06  3.82E-04  6.30E-06  5.04E-04  0.00E+00  0.00E+00  1.11E-05  8.86E-04  7.73E-03  0.54474
    896.   11.161  4.87E-06  3.91E-04  6.16E-06  4.95E-04  0.00E+00  0.00E+00  1.10E-05  8.86E-04  7.75E-03  0.53452
    898.   11.136  4.93E-06  3.98E-04  6.05E-06  4.88E-04  0.00E+00  0.00E+00  1.10E-05  8.86E-04  7.78E-03  0.52658
    900.   11.111  4.70E-06  3.81E-04  6.28E-06  5.09E-04  0.00E+00  0.00E+00  1.10E-05  8.90E-04  7.80E-03  0.54812
  iv          905
1                                             RADIANCE(WATTS/CM2-STER-XXX)
0  FREQ   WAVLEN    PATH THERMAL      SURFACE EMISSION    SURFACE REFLECTED     TOTAL RADIANCE   INTEGRAL    TOTAL
  (CM-1) (MICRN)    (CM-1)   (MICRN)    (CM-1)   (MICRN)    (CM-1)   (MICRN)    (CM-1)   (MICRN)    (CM-1)   TRANS

    902.   11.086  4.63E-06  3.76E-04  6.33E-06  5.15E-04  0.00E+00  0.00E+00  1.10E-05  8.92E-04  7.82E-03  0.55427
    904.   11.062  4.75E-06  3.88E-04  6.14E-06  5.02E-04  0.00E+00  0.00E+00  1.09E-05  8.90E-04  7.84E-03  0.53945
    906.   11.038  5.08E-06  4.17E-04  5.71E-06  4.68E-04  0.00E+00  0.00E+00  1.08E-05  8.86E-04  7.86E-03  0.50255
    908.   11.013  5.54E-06  4.57E-04  5.07E-06  4.18E-04  0.00E+00  0.00E+00  1.06E-05  8.75E-04  7.88E-03  0.44823
    910.   10.989  5.36E-06  4.44E-04  5.25E-06  4.35E-04  0.00E+00  0.00E+00  1.06E-05  8.79E-04  7.91E-03  0.46537
    912.   10.965  4.69E-06  3.90E-04  6.06E-06  5.04E-04  0.00E+00  0.00E+00  1.08E-05  8.94E-04  7.93E-03  0.53856
    914.   10.941  4.71E-06  3.93E-04  6.00E-06  5.01E-04  0.00E+00  0.00E+00  1.07E-05  8.94E-04  7.95E-03  0.53489
    916.   10.917  4.59E-06  3.85E-04  6.10E-06  5.12E-04  0.00E+00  0.00E+00  1.07E-05  8.97E-04  7.97E-03  0.54536
    918.   10.893  4.68E-06  3.94E-04  5.96E-06  5.02E-04  0.00E+00  0.00E+00  1.06E-05  8.96E-04  7.99E-03  0.53451
    920.   10.870  4.83E-06  4.09E-04  5.72E-06  4.84E-04  0.00E+00  0.00E+00  1.05E-05  8.93E-04  8.01E-03  0.51478
    922.   10.846  5.25E-06  4.46E-04  5.14E-06  4.37E-04  0.00E+00  0.00E+00  1.04E-05  8.84E-04  8.03E-03  0.46465
    924.   10.823  5.10E-06  4.35E-04  5.30E-06  4.52E-04  0.00E+00  0.00E+00  1.04E-05  8.87E-04  8.05E-03  0.47999
    926.   10.799  4.71E-06  4.04E-04  5.73E-06  4.91E-04  0.00E+00  0.00E+00  1.04E-05  8.95E-04  8.07E-03  0.52070
    928.   10.776  4.36E-06  3.76E-04  6.14E-06  5.29E-04  0.00E+00  0.00E+00  1.05E-05  9.04E-04  8.10E-03  0.55979
    930.   10.753  4.33E-06  3.74E-04  6.14E-06  5.31E-04  0.00E+00  0.00E+00  1.05E-05  9.05E-04  8.12E-03  0.56172
    932.   10.730  4.17E-06  3.62E-04  6.28E-06  5.46E-04  0.00E+00  0.00E+00  1.05E-05  9.08E-04  8.14E-03  0.57680
    934.   10.707  4.11E-06  3.58E-04  6.31E-06  5.51E-04  0.00E+00  0.00E+00  1.04E-05  9.09E-04  8.16E-03  0.58156
    936.   10.684  4.10E-06  3.59E-04  6.28E-06  5.50E-04  0.00E+00  0.00E+00  1.04E-05  9.10E-04  8.18E-03  0.58051
    938.   10.661  4.08E-06  3.59E-04  6.27E-06  5.52E-04  0.00E+00  0.00E+00  1.03E-05  9.10E-04  8.20E-03  0.58131
    940.   10.638  4.19E-06  3.70E-04  6.09E-06  5.38E-04  0.00E+00  0.00E+00  1.03E-05  9.09E-04  8.22E-03  0.56672
    942.   10.616  4.20E-06  3.73E-04  6.03E-06  5.35E-04  0.00E+00  0.00E+00  1.02E-05  9.08E-04  8.24E-03  0.56300
    944.   10.593  4.20E-06  3.74E-04  6.00E-06  5.35E-04  0.00E+00  0.00E+00  1.02E-05  9.09E-04  8.26E-03  0.56175
    946.   10.571  4.42E-06  3.96E-04  5.68E-06  5.08E-04  0.00E+00  0.00E+00  1.01E-05  9.04E-04  8.28E-03  0.53333
    948.   10.549  4.71E-06  4.23E-04  5.24E-06  4.71E-04  0.00E+00  0.00E+00  9.95E-06  8.95E-04  8.30E-03  0.49412
    950.   10.526  4.14E-06  3.73E-04  5.93E-06  5.35E-04  0.00E+00  0.00E+00  1.01E-05  9.09E-04  8.32E-03  0.56125
    952.   10.504  4.05E-06  3.67E-04  6.01E-06  5.45E-04  0.00E+00  0.00E+00  1.01E-05  9.12E-04  8.34E-03  0.57050
    954.   10.482  4.38E-06  3.99E-04  5.57E-06  5.07E-04  0.00E+00  0.00E+00  9.95E-06  9.06E-04  8.36E-03  0.53090
    956.   10.460  4.17E-06  3.81E-04  5.79E-06  5.29E-04  0.00E+00  0.00E+00  9.96E-06  9.10E-04  8.38E-03  0.55330
    958.   10.438  3.86E-06  3.54E-04  6.13E-06  5.63E-04  0.00E+00  0.00E+00  9.99E-06  9.17E-04  8.40E-03  0.58798
    960.   10.417  3.90E-06  3.59E-04  6.06E-06  5.59E-04  0.00E+00  0.00E+00  9.96E-06  9.18E-04  8.42E-03  0.58328
    962.   10.395  3.61E-06  3.34E-04  6.35E-06  5.88E-04  0.00E+00  0.00E+00  9.97E-06  9.22E-04  8.44E-03  0.61360
    964.   10.373  3.54E-06  3.29E-04  6.39E-06  5.94E-04  0.00E+00  0.00E+00  9.93E-06  9.23E-04  8.46E-03  0.61955
    966.   10.352  3.82E-06  3.57E-04  6.02E-06  5.61E-04  0.00E+00  0.00E+00  9.84E-06  9.18E-04  8.48E-03  0.58482
    968.   10.331  3.73E-06  3.50E-04  6.08E-06  5.70E-04  0.00E+00  0.00E+00  9.81E-06  9.19E-04  8.50E-03  0.59312
    970.   10.309  3.89E-06  3.66E-04  5.84E-06  5.50E-04  0.00E+00  0.00E+00  9.74E-06  9.16E-04  8.52E-03  0.57204
    972.   10.288  4.36E-06  4.12E-04  5.24E-06  4.95E-04  0.00E+00  0.00E+00  9.60E-06  9.07E-04  8.54E-03  0.51500
    974.   10.267  4.21E-06  4.00E-04  5.37E-06  5.09E-04  0.00E+00  0.00E+00  9.58E-06  9.09E-04  8.56E-03  0.52910
    976.   10.246  4.23E-06  4.03E-04  5.31E-06  5.05E-04  0.00E+00  0.00E+00  9.53E-06  9.08E-04  8.58E-03  0.52496
    978.   10.225  3.74E-06  3.57E-04  5.87E-06  5.61E-04  0.00E+00  0.00E+00  9.60E-06  9.18E-04  8.60E-03  0.58260
    980.   10.204  3.34E-06  3.21E-04  6.31E-06  6.06E-04  0.00E+00  0.00E+00  9.65E-06  9.27E-04  8.62E-03  0.62877
    982.   10.183  3.36E-06  3.24E-04  6.25E-06  6.03E-04  0.00E+00  0.00E+00  9.61E-06  9.26E-04  8.64E-03  0.62519
    984.   10.163  3.31E-06  3.21E-04  6.27E-06  6.07E-04  0.00E+00  0.00E+00  9.58E-06  9.28E-04  8.65E-03  0.62897
    986.   10.142  3.09E-06  3.00E-04  6.50E-06  6.32E-04  0.00E+00  0.00E+00  9.58E-06  9.32E-04  8.67E-03  0.65448
    988.   10.121  3.01E-06  2.94E-04  6.55E-06  6.39E-04  0.00E+00  0.00E+00  9.56E-06  9.33E-04  8.69E-03  0.66228
    990.   10.101  3.01E-06  2.95E-04  6.51E-06  6.38E-04  0.00E+00  0.00E+00  9.52E-06  9.33E-04  8.71E-03  0.66036
    992.   10.081  2.93E-06  2.88E-04  6.57E-06  6.46E-04  0.00E+00  0.00E+00  9.50E-06  9.35E-04  8.73E-03  0.66889
    994.   10.060  2.91E-06  2.87E-04  6.56E-06  6.48E-04  0.00E+00  0.00E+00  9.46E-06  9.35E-04  8.75E-03  0.67011
    996.   10.040  2.89E-06  2.86E-04  6.54E-06  6.49E-04  0.00E+00  0.00E+00  9.43E-06  9.35E-04  8.77E-03  0.67120
    998.   10.020  3.19E-06  3.18E-04  6.15E-06  6.12E-04  0.00E+00  0.00E+00  9.33E-06  9.30E-04  8.79E-03  0.63259
   1000.   10.000  3.42E-06  3.42E-04  5.84E-06  5.84E-04  0.00E+00  0.00E+00  9.25E-06  9.25E-04  8.81E-03  0.60311
  iv         1005
1                                             RADIANCE(WATTS/CM2-STER-XXX)
0  FREQ   WAVLEN    PATH THERMAL      SURFACE EMISSION    SURFACE REFLECTED     TOTAL RADIANCE   INTEGRAL    TOTAL
  (CM-1) (MICRN)    (CM-1)   (MICRN)    (CM-1)   (MICRN)    (CM-1)   (MICRN)    (CM-1)   (MICRN)    (CM-1)   TRANS

   1002.    9.980  3.09E-06  3.10E-04  6.18E-06  6.21E-04  0.00E+00  0.00E+00  9.27E-06  9.31E-04  8.82E-03  0.64106
   1004.    9.960  3.15E-06  3.17E-04  6.07E-06  6.12E-04  0.00E+00  0.00E+00  9.22E-06  9.29E-04  8.84E-03  0.63202
   1006.    9.940  2.97E-06  3.00E-04  6.24E-06  6.32E-04  0.00E+00  0.00E+00  9.21E-06  9.32E-04  8.86E-03  0.65238
   1008.    9.921  3.01E-06  3.06E-04  6.15E-06  6.24E-04  0.00E+00  0.00E+00  9.16E-06  9.31E-04  8.88E-03  0.64452
   1010.    9.901  3.61E-06  3.69E-04  5.37E-06  5.48E-04  0.00E+00  0.00E+00  8.99E-06  9.17E-04  8.90E-03  0.56552
   1012.    9.881  3.58E-06  3.67E-04  5.36E-06  5.49E-04  0.00E+00  0.00E+00  8.94E-06  9.16E-04  8.92E-03  0.56631
   1014.    9.862  3.62E-06  3.72E-04  5.25E-06  5.40E-04  0.00E+00  0.00E+00  8.87E-06  9.12E-04  8.93E-03  0.55675
   1016.    9.843  3.50E-06  3.62E-04  5.38E-06  5.55E-04  0.00E+00  0.00E+00  8.88E-06  9.17E-04  8.95E-03  0.57267
   1018.    9.823  3.59E-06  3.72E-04  5.23E-06  5.42E-04  0.00E+00  0.00E+00  8.82E-06  9.15E-04  8.97E-03  0.55936
   1020.    9.804  3.11E-06  3.23E-04  5.78E-06  6.01E-04  0.00E+00  0.00E+00  8.88E-06  9.24E-04  8.99E-03  0.61978
   1022.    9.785  2.90E-06  3.03E-04  5.98E-06  6.25E-04  0.00E+00  0.00E+00  8.88E-06  9.28E-04  9.00E-03  0.64431
   1024.    9.766  2.79E-06  2.93E-04  6.07E-06  6.36E-04  0.00E+00  0.00E+00  8.86E-06  9.29E-04  9.02E-03  0.65602
   1026.    9.747  2.94E-06  3.09E-04  5.85E-06  6.16E-04  0.00E+00  0.00E+00  8.79E-06  9.25E-04  9.04E-03  0.63503
   1028.    9.728  3.79E-06  4.00E-04  4.77E-06  5.04E-04  0.00E+00  0.00E+00  8.56E-06  9.05E-04  9.06E-03  0.51971
   1030.    9.709  3.85E-06  4.08E-04  4.68E-06  4.96E-04  0.00E+00  0.00E+00  8.53E-06  9.05E-04  9.07E-03  0.51165
   1032.    9.690  3.17E-06  3.37E-04  5.48E-06  5.84E-04  0.00E+00  0.00E+00  8.64E-06  9.21E-04  9.09E-03  0.60149
   1034.    9.671  2.78E-06  2.97E-04  5.90E-06  6.31E-04  0.00E+00  0.00E+00  8.68E-06  9.28E-04  9.11E-03  0.65017
   1036.    9.653  2.71E-06  2.91E-04  5.94E-06  6.37E-04  0.00E+00  0.00E+00  8.65E-06  9.28E-04  9.13E-03  0.65669
   1038.    9.634  3.09E-06  3.33E-04  5.44E-06  5.86E-04  0.00E+00  0.00E+00  8.53E-06  9.19E-04  9.14E-03  0.60401
   1040.    9.615  3.14E-06  3.39E-04  5.35E-06  5.78E-04  0.00E+00  0.00E+00  8.49E-06  9.18E-04  9.16E-03  0.59624
   1042.    9.597  2.73E-06  2.96E-04  5.81E-06  6.31E-04  0.00E+00  0.00E+00  8.54E-06  9.28E-04  9.18E-03  0.65072
   1044.    9.579  2.55E-06  2.78E-04  6.01E-06  6.55E-04  0.00E+00  0.00E+00  8.55E-06  9.32E-04  9.19E-03  0.67496
   1046.    9.560  2.51E-06  2.74E-04  6.00E-06  6.57E-04  0.00E+00  0.00E+00  8.51E-06  9.31E-04  9.21E-03  0.67690
   1048.    9.542  2.97E-06  3.26E-04  5.38E-06  5.91E-04  0.00E+00  0.00E+00  8.35E-06  9.17E-04  9.23E-03  0.60881
   1050.    9.524  3.48E-06  3.84E-04  4.71E-06  5.19E-04  0.00E+00  0.00E+00  8.19E-06  9.03E-04  9.24E-03  0.53543
   1052.    9.506  3.23E-06  3.57E-04  4.98E-06  5.51E-04  0.00E+00  0.00E+00  8.20E-06  9.08E-04  9.26E-03  0.56799
   1054.    9.488  3.02E-06  3.36E-04  5.18E-06  5.75E-04  0.00E+00  0.00E+00  8.20E-06  9.11E-04  9.28E-03  0.59322
   1056.    9.470  3.20E-06  3.57E-04  4.92E-06  5.49E-04  0.00E+00  0.00E+00  8.12E-06  9.06E-04  9.29E-03  0.56615
   1058.    9.452  3.11E-06  3.48E-04  5.01E-06  5.61E-04  0.00E+00  0.00E+00  8.12E-06  9.09E-04  9.31E-03  0.57889
   1060.    9.434  3.16E-06  3.56E-04  4.93E-06  5.54E-04  0.00E+00  0.00E+00  8.09E-06  9.09E-04  9.33E-03  0.57152
   1062.    9.416  2.94E-06  3.31E-04  5.18E-06  5.84E-04  0.00E+00  0.00E+00  8.12E-06  9.16E-04  9.34E-03  0.60340
   1064.    9.398  2.99E-06  3.38E-04  5.06E-06  5.73E-04  0.00E+00  0.00E+00  8.05E-06  9.11E-04  9.36E-03  0.59188
   1066.    9.381  3.59E-06  4.07E-04  4.24E-06  4.82E-04  0.00E+00  0.00E+00  7.82E-06  8.89E-04  9.37E-03  0.49730
   1068.    9.363  2.89E-06  3.29E-04  5.13E-06  5.85E-04  0.00E+00  0.00E+00  8.02E-06  9.15E-04  9.39E-03  0.60494
   1070.    9.346  2.23E-06  2.56E-04  5.91E-06  6.77E-04  0.00E+00  0.00E+00  8.15E-06  9.33E-04  9.41E-03  0.69978
   1072.    9.328  2.75E-06  3.17E-04  5.23E-06  6.01E-04  0.00E+00  0.00E+00  7.99E-06  9.18E-04  9.42E-03  0.62145
   1074.    9.311  3.49E-06  4.03E-04  4.28E-06  4.93E-04  0.00E+00  0.00E+00  7.77E-06  8.96E-04  9.44E-03  0.50998
   1076.    9.294  2.85E-06  3.30E-04  5.04E-06  5.84E-04  0.00E+00  0.00E+00  7.89E-06  9.14E-04  9.45E-03  0.60422
   1078.    9.276  2.23E-06  2.60E-04  5.76E-06  6.70E-04  0.00E+00  0.00E+00  8.00E-06  9.30E-04  9.47E-03  0.69330
   1080.    9.259  2.26E-06  2.64E-04  5.70E-06  6.64E-04  0.00E+00  0.00E+00  7.95E-06  9.28E-04  9.48E-03  0.68770
   1082.    9.242  2.21E-06  2.59E-04  5.72E-06  6.70E-04  0.00E+00  0.00E+00  7.93E-06  9.29E-04  9.50E-03  0.69361
   1084.    9.225  2.23E-06  2.62E-04  5.67E-06  6.67E-04  0.00E+00  0.00E+00  7.90E-06  9.29E-04  9.52E-03  0.69087
   1086.    9.208  2.26E-06  2.67E-04  5.60E-06  6.60E-04  0.00E+00  0.00E+00  7.86E-06  9.27E-04  9.53E-03  0.68462
   1088.    9.191  2.09E-06  2.47E-04  5.78E-06  6.84E-04  0.00E+00  0.00E+00  7.87E-06  9.31E-04  9.55E-03  0.70920
   1090.    9.174  2.66E-06  3.16E-04  5.02E-06  5.96E-04  0.00E+00  0.00E+00  7.68E-06  9.12E-04  9.56E-03  0.61841
   1092.    9.158  2.73E-06  3.25E-04  4.91E-06  5.86E-04  0.00E+00  0.00E+00  7.64E-06  9.11E-04  9.58E-03  0.60838
   1094.    9.141  1.89E-06  2.26E-04  5.92E-06  7.09E-04  0.00E+00  0.00E+00  7.81E-06  9.35E-04  9.59E-03  0.73647
   1096.    9.124  1.75E-06  2.10E-04  6.05E-06  7.27E-04  0.00E+00  0.00E+00  7.80E-06  9.37E-04  9.61E-03  0.75512
   1098.    9.107  2.21E-06  2.67E-04  5.45E-06  6.57E-04  0.00E+00  0.00E+00  7.66E-06  9.24E-04  9.62E-03  0.68299
   1100.    9.091  3.42E-06  4.14E-04  3.87E-06  4.69E-04  0.00E+00  0.00E+00  7.30E-06  8.83E-04  9.64E-03  0.48749
  iv         1105
1                                             RADIANCE(WATTS/CM2-STER-XXX)
0  FREQ   WAVLEN    PATH THERMAL      SURFACE EMISSION    SURFACE REFLECTED     TOTAL RADIANCE   INTEGRAL    TOTAL
  (CM-1) (MICRN)    (CM-1)   (MICRN)    (CM-1)   (MICRN)    (CM-1)   (MICRN)    (CM-1)   (MICRN)    (CM-1)   TRANS

   1102.    9.074  2.93E-06  3.56E-04  4.47E-06  5.43E-04  0.00E+00  0.00E+00  7.40E-06  8.99E-04  9.65E-03  0.56558
   1104.    9.058  2.11E-06  2.57E-04  5.50E-06  6.70E-04  0.00E+00  0.00E+00  7.61E-06  9.27E-04  9.67E-03  0.69800
   1106.    9.042  3.04E-06  3.71E-04  4.27E-06  5.22E-04  0.00E+00  0.00E+00  7.30E-06  8.93E-04  9.68E-03  0.54371
   1108.    9.025  2.83E-06  3.47E-04  4.47E-06  5.49E-04  0.00E+00  0.00E+00  7.30E-06  8.96E-04  9.70E-03  0.57298
   1110.    9.009  2.50E-06  3.09E-04  4.88E-06  6.01E-04  0.00E+00  0.00E+00  7.38E-06  9.10E-04  9.71E-03  0.62709
   1112.    8.993  3.03E-06  3.74E-04  4.13E-06  5.10E-04  0.00E+00  0.00E+00  7.15E-06  8.85E-04  9.73E-03  0.53277
   1114.    8.977  2.11E-06  2.61E-04  5.28E-06  6.55E-04  0.00E+00  0.00E+00  7.38E-06  9.16E-04  9.74E-03  0.68455
   1116.    8.961  1.86E-06  2.31E-04  5.59E-06  6.96E-04  0.00E+00  0.00E+00  7.44E-06  9.27E-04  9.76E-03  0.72732
   1118.    8.945  2.17E-06  2.72E-04  5.18E-06  6.47E-04  0.00E+00  0.00E+00  7.35E-06  9.19E-04  9.77E-03  0.67723
   1120.    8.929  3.01E-06  3.77E-04  4.01E-06  5.03E-04  0.00E+00  0.00E+00  7.02E-06  8.80E-04  9.79E-03  0.52622
   1122.    8.913  3.04E-06  3.82E-04  3.94E-06  4.97E-04  0.00E+00  0.00E+00  6.98E-06  8.79E-04  9.80E-03  0.52052
   1124.    8.897  1.91E-06  2.41E-04  5.40E-06  6.82E-04  0.00E+00  0.00E+00  7.30E-06  9.23E-04  9.81E-03  0.71481
   1126.    8.881  1.65E-06  2.09E-04  5.67E-06  7.19E-04  0.00E+00  0.00E+00  7.31E-06  9.27E-04  9.83E-03  0.75392
   1128.    8.865  1.61E-06  2.05E-04  5.68E-06  7.22E-04  0.00E+00  0.00E+00  7.29E-06  9.27E-04  9.84E-03  0.75826
   1130.    8.850  1.69E-06  2.16E-04  5.55E-06  7.08E-04  0.00E+00  0.00E+00  7.24E-06  9.24E-04  9.86E-03  0.74413
   1132.    8.834  1.91E-06  2.45E-04  5.26E-06  6.74E-04  0.00E+00  0.00E+00  7.17E-06  9.19E-04  9.87E-03  0.70852
   1134.    8.818  3.27E-06  4.21E-04  3.46E-06  4.45E-04  0.00E+00  0.00E+00  6.73E-06  8.66E-04  9.89E-03  0.46749
   1136.    8.803  4.64E-06  5.99E-04  1.43E-06  1.85E-04  0.00E+00  0.00E+00  6.07E-06  7.84E-04  9.90E-03  0.19430
   1138.    8.787  3.50E-06  4.53E-04  3.03E-06  3.93E-04  0.00E+00  0.00E+00  6.53E-06  8.46E-04  9.91E-03  0.41496
   1140.    8.772  2.07E-06  2.69E-04  4.94E-06  6.42E-04  0.00E+00  0.00E+00  7.01E-06  9.11E-04  9.93E-03  0.67719
   1142.    8.757  1.89E-06  2.46E-04  5.12E-06  6.67E-04  0.00E+00  0.00E+00  7.01E-06  9.14E-04  9.94E-03  0.70492
   1144.    8.741  1.67E-06  2.18E-04  5.35E-06  7.00E-04  0.00E+00  0.00E+00  7.01E-06  9.18E-04  9.95E-03  0.73987
   1146.    8.726  1.65E-06  2.16E-04  5.34E-06  7.02E-04  0.00E+00  0.00E+00  6.99E-06  9.18E-04  9.97E-03  0.74222
   1148.    8.711  2.56E-06  3.37E-04  4.11E-06  5.42E-04  0.00E+00  0.00E+00  6.67E-06  8.79E-04  9.98E-03  0.57374
   1150.    8.696  3.36E-06  4.45E-04  3.06E-06  4.05E-04  0.00E+00  0.00E+00  6.43E-06  8.50E-04  9.99E-03  0.42938
   1152.    8.681  3.40E-06  4.52E-04  2.96E-06  3.93E-04  0.00E+00  0.00E+00  6.36E-06  8.44E-04  1.00E-02  0.41665
   1154.    8.666  2.39E-06  3.18E-04  4.26E-06  5.68E-04  0.00E+00  0.00E+00  6.65E-06  8.86E-04  1.00E-02  0.60332
   1156.    8.651  1.59E-06  2.13E-04  5.24E-06  7.00E-04  0.00E+00  0.00E+00  6.83E-06  9.13E-04  1.00E-02  0.74411
   1158.    8.636  1.51E-06  2.02E-04  5.31E-06  7.12E-04  0.00E+00  0.00E+00  6.81E-06  9.14E-04  1.00E-02  0.75732
   1160.    8.621  1.55E-06  2.09E-04  5.22E-06  7.02E-04  0.00E+00  0.00E+00  6.77E-06  9.11E-04  1.01E-02  0.74826
   1162.    8.606  1.73E-06  2.34E-04  4.97E-06  6.72E-04  0.00E+00  0.00E+00  6.71E-06  9.06E-04  1.01E-02  0.71611
   1164.    8.591  2.93E-06  3.97E-04  3.34E-06  4.52E-04  0.00E+00  0.00E+00  6.26E-06  8.49E-04  1.01E-02  0.48206
   1166.    8.576  3.40E-06  4.63E-04  2.68E-06  3.64E-04  0.00E+00  0.00E+00  6.09E-06  8.27E-04  1.01E-02  0.38977
   1168.    8.562  2.13E-06  2.91E-04  4.38E-06  5.97E-04  0.00E+00  0.00E+00  6.51E-06  8.88E-04  1.01E-02  0.63904
   1170.    8.547  2.00E-06  2.74E-04  4.53E-06  6.20E-04  0.00E+00  0.00E+00  6.53E-06  8.94E-04  1.01E-02  0.66421
   1172.    8.532  2.87E-06  3.94E-04  3.38E-06  4.64E-04  0.00E+00  0.00E+00  6.24E-06  8.58E-04  1.01E-02  0.49714
   1174.    8.518  4.21E-06  5.80E-04  1.27E-06  1.74E-04  0.00E+00  0.00E+00  5.47E-06  7.55E-04  1.01E-02  0.18696
   1176.    8.503  3.67E-06  5.07E-04  2.07E-06  2.86E-04  0.00E+00  0.00E+00  5.73E-06  7.93E-04  1.02E-02  0.30751
   1178.    8.489  2.42E-06  3.36E-04  3.90E-06  5.42E-04  0.00E+00  0.00E+00  6.32E-06  8.77E-04  1.02E-02  0.58299
   1180.    8.475  2.16E-06  3.01E-04  4.17E-06  5.80E-04  0.00E+00  0.00E+00  6.33E-06  8.81E-04  1.02E-02  0.62515
   1182.    8.460  2.02E-06  2.82E-04  4.30E-06  6.01E-04  0.00E+00  0.00E+00  6.33E-06  8.84E-04  1.02E-02  0.64846
   1184.    8.446  2.39E-06  3.35E-04  3.84E-06  5.39E-04  0.00E+00  0.00E+00  6.24E-06  8.74E-04  1.02E-02  0.58155
   1186.    8.432  3.63E-06  5.11E-04  2.00E-06  2.81E-04  0.00E+00  0.00E+00  5.63E-06  7.92E-04  1.02E-02  0.30303
   1188.    8.418  3.91E-06  5.51E-04  1.55E-06  2.19E-04  0.00E+00  0.00E+00  5.46E-06  7.70E-04  1.02E-02  0.23700
   1190.    8.403  2.77E-06  3.93E-04  3.24E-06  4.58E-04  0.00E+00  0.00E+00  6.01E-06  8.51E-04  1.02E-02  0.49690
   1192.    8.389  2.20E-06  3.12E-04  3.93E-06  5.59E-04  0.00E+00  0.00E+00  6.13E-06  8.71E-04  1.03E-02  0.60622
   1194.    8.375  2.12E-06  3.03E-04  4.00E-06  5.70E-04  0.00E+00  0.00E+00  6.12E-06  8.72E-04  1.03E-02  0.61871
   1196.    8.361  2.62E-06  3.75E-04  3.27E-06  4.68E-04  0.00E+00  0.00E+00  5.89E-06  8.43E-04  1.03E-02  0.50851
   1198.    8.347  3.61E-06  5.18E-04  1.80E-06  2.58E-04  0.00E+00  0.00E+00  5.41E-06  7.76E-04  1.03E-02  0.28123
   1200.    8.333  2.92E-06  4.21E-04  2.80E-06  4.04E-04  0.00E+00  0.00E+00  5.73E-06  8.25E-04  1.03E-02  0.44088
  iv         1205
1                                             RADIANCE(WATTS/CM2-STER-XXX)
0  FREQ   WAVLEN    PATH THERMAL      SURFACE EMISSION    SURFACE REFLECTED     TOTAL RADIANCE   INTEGRAL    TOTAL
  (CM-1) (MICRN)    (CM-1)   (MICRN)    (CM-1)   (MICRN)    (CM-1)   (MICRN)    (CM-1)   (MICRN)    (CM-1)   TRANS

   1202.    8.319  1.83E-06  2.65E-04  4.24E-06  6.12E-04  0.00E+00  0.00E+00  6.07E-06  8.77E-04  1.03E-02  0.66875
   1204.    8.306  1.82E-06  2.64E-04  4.21E-06  6.10E-04  0.00E+00  0.00E+00  6.03E-06  8.74E-04  1.03E-02  0.66622
   1206.    8.292  2.34E-06  3.40E-04  3.53E-06  5.14E-04  0.00E+00  0.00E+00  5.87E-06  8.54E-04  1.03E-02  0.56245
   1208.    8.278  2.48E-06  3.63E-04  3.35E-06  4.88E-04  0.00E+00  0.00E+00  5.83E-06  8.51E-04  1.04E-02  0.53508
   1210.    8.264  3.33E-06  4.87E-04  1.99E-06  2.92E-04  0.00E+00  0.00E+00  5.32E-06  7.79E-04  1.04E-02  0.31945
   1212.    8.251  4.07E-06  5.98E-04  6.42E-07  9.43E-05  0.00E+00  0.00E+00  4.71E-06  6.92E-04  1.04E-02  0.10365
   1214.    8.237  3.62E-06  5.33E-04  1.58E-06  2.33E-04  0.00E+00  0.00E+00  5.20E-06  7.67E-04  1.04E-02  0.25721
   1216.    8.224  2.98E-06  4.41E-04  2.58E-06  3.82E-04  0.00E+00  0.00E+00  5.57E-06  8.24E-04  1.04E-02  0.42124
   1218.    8.210  3.54E-06  5.25E-04  1.65E-06  2.45E-04  0.00E+00  0.00E+00  5.19E-06  7.70E-04  1.04E-02  0.27025
   1220.    8.197  3.72E-06  5.54E-04  1.35E-06  2.01E-04  0.00E+00  0.00E+00  5.07E-06  7.55E-04  1.04E-02  0.22260
   1222.    8.183  3.42E-06  5.11E-04  1.88E-06  2.81E-04  0.00E+00  0.00E+00  5.31E-06  7.93E-04  1.04E-02  0.31133
   1224.    8.170  3.83E-06  5.73E-04  1.00E-06  1.50E-04  0.00E+00  0.00E+00  4.83E-06  7.23E-04  1.04E-02  0.16565
   1226.    8.157  3.77E-06  5.67E-04  8.84E-07  1.33E-04  0.00E+00  0.00E+00  4.65E-06  7.00E-04  1.04E-02  0.14790
   1228.    8.143  2.95E-06  4.44E-04  2.34E-06  3.53E-04  0.00E+00  0.00E+00  5.29E-06  7.97E-04  1.05E-02  0.39261
   1230.    8.130  2.25E-06  3.40E-04  3.26E-06  4.93E-04  0.00E+00  0.00E+00  5.50E-06  8.32E-04  1.05E-02  0.54888
   1232.    8.117  1.87E-06  2.83E-04  3.73E-06  5.67E-04  0.00E+00  0.00E+00  5.60E-06  8.50E-04  1.05E-02  0.63207
   1234.    8.104  1.97E-06  3.00E-04  3.57E-06  5.43E-04  0.00E+00  0.00E+00  5.54E-06  8.43E-04  1.05E-02  0.60628
   1236.    8.091  2.62E-06  4.01E-04  2.63E-06  4.01E-04  0.00E+00  0.00E+00  5.25E-06  8.02E-04  1.05E-02  0.44824
   1238.    8.078  3.22E-06  4.93E-04  1.78E-06  2.73E-04  0.00E+00  0.00E+00  5.00E-06  7.67E-04  1.05E-02  0.30614
   1240.    8.065  3.39E-06  5.21E-04  1.58E-06  2.43E-04  0.00E+00  0.00E+00  4.97E-06  7.64E-04  1.05E-02  0.27279
   1242.    8.052  3.52E-06  5.44E-04  1.22E-06  1.88E-04  0.00E+00  0.00E+00  4.74E-06  7.32E-04  1.05E-02  0.21104
   1244.    8.039  3.80E-06  5.87E-04  4.28E-07  6.62E-05  0.00E+00  0.00E+00  4.22E-06  6.54E-04  1.05E-02  0.07445
   1246.    8.026  3.47E-06  5.38E-04  1.13E-06  1.75E-04  0.00E+00  0.00E+00  4.60E-06  7.13E-04  1.05E-02  0.19775
   1248.    8.013  3.20E-06  4.98E-04  1.66E-06  2.58E-04  0.00E+00  0.00E+00  4.86E-06  7.56E-04  1.06E-02  0.29144
   1250.    8.000  3.10E-06  4.85E-04  1.77E-06  2.77E-04  0.00E+00  0.00E+00  4.87E-06  7.61E-04  1.06E-02  0.31322
   1252.    7.987  3.39E-06  5.32E-04  1.31E-06  2.06E-04  0.00E+00  0.00E+00  4.71E-06  7.38E-04  1.06E-02  0.23317
   1254.    7.974  3.48E-06  5.47E-04  1.17E-06  1.85E-04  0.00E+00  0.00E+00  4.65E-06  7.32E-04  1.06E-02  0.20962
   1256.    7.962  3.51E-06  5.54E-04  1.18E-06  1.87E-04  0.00E+00  0.00E+00  4.69E-06  7.40E-04  1.06E-02  0.21228
   1258.    7.949  3.76E-06  5.96E-04  4.92E-07  7.78E-05  0.00E+00  0.00E+00  4.26E-06  6.73E-04  1.06E-02  0.08834
   1260.    7.937  3.60E-06  5.71E-04  7.92E-08  1.26E-05  0.00E+00  0.00E+00  3.68E-06  5.84E-04  1.06E-02  0.01432
   1262.    7.924  3.72E-06  5.92E-04  2.52E-07  4.02E-05  0.00E+00  0.00E+00  3.97E-06  6.32E-04  1.06E-02  0.04596
   1264.    7.911  3.77E-06  6.03E-04  2.61E-07  4.17E-05  0.00E+00  0.00E+00  4.03E-06  6.44E-04  1.06E-02  0.04764
   1266.    7.899  3.61E-06  5.79E-04  3.82E-08  6.12E-06  0.00E+00  0.00E+00  3.65E-06  5.85E-04  1.06E-02  0.00699
   1268.    7.886  3.41E-06  5.48E-04  1.46E-09  2.35E-07  0.00E+00  0.00E+00  3.41E-06  5.49E-04  1.06E-02  0.00027
   1270.    7.874  3.32E-06  5.35E-04  4.81E-10  7.77E-08  0.00E+00  0.00E+00  3.32E-06  5.35E-04  1.06E-02  0.00009
   1272.    7.862  3.41E-06  5.52E-04  4.04E-08  6.54E-06  0.00E+00  0.00E+00  3.45E-06  5.58E-04  1.07E-02  0.00757
   1274.    7.849  3.57E-06  5.80E-04  4.73E-07  7.67E-05  0.00E+00  0.00E+00  4.04E-06  6.56E-04  1.07E-02  0.08878
   1276.    7.837  3.32E-06  5.40E-04  1.09E-06  1.78E-04  0.00E+00  0.00E+00  4.41E-06  7.17E-04  1.07E-02  0.20549
   1278.    7.825  3.22E-06  5.26E-04  1.20E-06  1.95E-04  0.00E+00  0.00E+00  4.42E-06  7.21E-04  1.07E-02  0.22634
   1280.    7.812  3.44E-06  5.64E-04  5.37E-07  8.80E-05  0.00E+00  0.00E+00  3.98E-06  6.52E-04  1.07E-02  0.10183
   1282.    7.800  3.55E-06  5.83E-04  2.84E-07  4.67E-05  0.00E+00  0.00E+00  3.83E-06  6.30E-04  1.07E-02  0.05429
   1284.    7.788  3.60E-06  5.93E-04  2.21E-07  3.64E-05  0.00E+00  0.00E+00  3.82E-06  6.29E-04  1.07E-02  0.04229
   1286.    7.776  3.49E-06  5.78E-04  7.23E-08  1.20E-05  0.00E+00  0.00E+00  3.57E-06  5.90E-04  1.07E-02  0.01393
   1288.    7.764  3.25E-06  5.39E-04  9.33E-09  1.55E-06  0.00E+00  0.00E+00  3.26E-06  5.40E-04  1.07E-02  0.00181
   1290.    7.752  3.46E-06  5.75E-04  4.36E-08  7.26E-06  0.00E+00  0.00E+00  3.50E-06  5.83E-04  1.07E-02  0.00854
   1292.    7.740  3.57E-06  5.97E-04  1.97E-07  3.29E-05  0.00E+00  0.00E+00  3.77E-06  6.29E-04  1.07E-02  0.03863
   1294.    7.728  3.53E-06  5.91E-04  3.04E-07  5.09E-05  0.00E+00  0.00E+00  3.83E-06  6.42E-04  1.07E-02  0.05980
   1296.    7.716  3.34E-06  5.60E-04  1.49E-07  2.50E-05  0.00E+00  0.00E+00  3.48E-06  5.85E-04  1.07E-02  0.02933
   1298.    7.704  3.32E-06  5.59E-04  3.40E-07  5.72E-05  0.00E+00  0.00E+00  3.66E-06  6.16E-04  1.07E-02  0.06771
   1300.    7.692  3.33E-06  5.63E-04  5.51E-07  9.32E-05  0.00E+00  0.00E+00  3.89E-06  6.57E-04  1.08E-02  0.11013
  iv         1305
1                                             RADIANCE(WATTS/CM2-STER-XXX)
0  FREQ   WAVLEN    PATH THERMAL      SURFACE EMISSION    SURFACE REFLECTED     TOTAL RADIANCE   INTEGRAL    TOTAL
  (CM-1) (MICRN)    (CM-1)   (MICRN)    (CM-1)   (MICRN)    (CM-1)   (MICRN)    (CM-1)   (MICRN)    (CM-1)   TRANS

   1302.    7.680  3.29E-06  5.58E-04  3.48E-07  5.89E-05  0.00E+00  0.00E+00  3.64E-06  6.17E-04  1.08E-02  0.06972
   1304.    7.669  3.16E-06  5.38E-04  1.17E-07  1.98E-05  0.00E+00  0.00E+00  3.28E-06  5.58E-04  1.08E-02  0.02347
   1306.    7.657  3.08E-06  5.25E-04  1.60E-08  2.72E-06  0.00E+00  0.00E+00  3.10E-06  5.28E-04  1.08E-02  0.00323
   1308.    7.645  3.14E-06  5.37E-04  4.87E-09  8.33E-07  0.00E+00  0.00E+00  3.14E-06  5.38E-04  1.08E-02  0.00099
   1310.    7.634  3.23E-06  5.55E-04  6.82E-09  1.17E-06  0.00E+00  0.00E+00  3.24E-06  5.56E-04  1.08E-02  0.00140
   1312.    7.622  2.96E-06  5.10E-04  2.62E-09  4.50E-07  0.00E+00  0.00E+00  2.96E-06  5.10E-04  1.08E-02  0.00054
   1314.    7.610  2.75E-06  4.75E-04  5.75E-15  9.92E-13  0.00E+00  0.00E+00  2.75E-06  4.75E-04  1.08E-02  0.00000
   1316.    7.599  2.74E-06  4.74E-04  1.34E-14  2.32E-12  0.00E+00  0.00E+00  2.74E-06  4.74E-04  1.08E-02  0.00000
   1318.    7.587  2.66E-06  4.63E-04  2.11E-13  3.66E-11  0.00E+00  0.00E+00  2.66E-06  4.63E-04  1.08E-02  0.00000
   1320.    7.576  2.72E-06  4.74E-04  7.93E-11  1.38E-08  0.00E+00  0.00E+00  2.72E-06  4.74E-04  1.08E-02  0.00002
   1322.    7.564  2.94E-06  5.14E-04  5.17E-10  9.04E-08  0.00E+00  0.00E+00  2.94E-06  5.14E-04  1.08E-02  0.00011
   1324.    7.553  3.16E-06  5.54E-04  1.40E-08  2.45E-06  0.00E+00  0.00E+00  3.17E-06  5.56E-04  1.08E-02  0.00297
   1326.    7.541  3.19E-06  5.61E-04  2.10E-08  3.70E-06  0.00E+00  0.00E+00  3.21E-06  5.64E-04  1.08E-02  0.00448
   1328.    7.530  3.05E-06  5.39E-04  6.95E-09  1.23E-06  0.00E+00  0.00E+00  3.06E-06  5.40E-04  1.08E-02  0.00149
   1330.    7.519  3.07E-06  5.42E-04  1.25E-08  2.21E-06  0.00E+00  0.00E+00  3.08E-06  5.45E-04  1.08E-02  0.00270
   1332.    7.508  3.04E-06  5.40E-04  1.32E-08  2.34E-06  0.00E+00  0.00E+00  3.06E-06  5.42E-04  1.09E-02  0.00285
   1334.    7.496  2.93E-06  5.21E-04  1.07E-09  1.90E-07  0.00E+00  0.00E+00  2.93E-06  5.22E-04  1.09E-02  0.00023
   1336.    7.485  2.68E-06  4.79E-04  1.44E-10  2.57E-08  0.00E+00  0.00E+00  2.68E-06  4.79E-04  1.09E-02  0.00003
   1338.    7.474  2.45E-06  4.39E-04  1.10E-19  1.97E-17  0.00E+00  0.00E+00  2.45E-06  4.39E-04  1.09E-02  0.00000
   1340.    7.463  2.43E-06  4.36E-04  4.16E-17  7.47E-15  0.00E+00  0.00E+00  2.43E-06  4.36E-04  1.09E-02  0.00000
   1342.    7.452  2.62E-06  4.72E-04  2.34E-11  4.21E-09  0.00E+00  0.00E+00  2.62E-06  4.72E-04  1.09E-02  0.00001
   1344.    7.440  2.86E-06  5.16E-04  6.48E-10  1.17E-07  0.00E+00  0.00E+00  2.86E-06  5.16E-04  1.09E-02  0.00015
   1346.    7.429  2.89E-06  5.23E-04  9.91E-10  1.80E-07  0.00E+00  0.00E+00  2.89E-06  5.23E-04  1.09E-02  0.00022
   1348.    7.418  2.71E-06  4.92E-04  2.51E-10  4.55E-08  0.00E+00  0.00E+00  2.71E-06  4.92E-04  1.09E-02  0.00006
   1350.    7.407  2.65E-06  4.83E-04  1.38E-10  2.51E-08  0.00E+00  0.00E+00  2.65E-06  4.83E-04  1.09E-02  0.00003
   1352.    7.396  2.74E-06  5.01E-04  2.17E-10  3.97E-08  0.00E+00  0.00E+00  2.74E-06  5.01E-04  1.09E-02  0.00005
   1354.    7.386  2.59E-06  4.74E-04  6.02E-11  1.10E-08  0.00E+00  0.00E+00  2.59E-06  4.74E-04  1.09E-02  0.00001
   1356.    7.375  2.56E-06  4.72E-04  3.53E-12  6.49E-10  0.00E+00  0.00E+00  2.56E-06  4.72E-04  1.09E-02  0.00000
   1358.    7.364  2.57E-06  4.74E-04  3.08E-12  5.68E-10  0.00E+00  0.00E+00  2.57E-06  4.74E-04  1.09E-02  0.00000
   1360.    7.353  2.43E-06  4.49E-04  6.06E-14  1.12E-11  0.00E+00  0.00E+00  2.43E-06  4.49E-04  1.09E-02  0.00000
   1362.    7.342  2.26E-06  4.20E-04  6.98E-21  1.30E-18  0.00E+00  0.00E+00  2.26E-06  4.20E-04  1.09E-02  0.00000
   1364.    7.331  2.31E-06  4.29E-04  5.40E-16  1.01E-13  0.00E+00  0.00E+00  2.31E-06  4.29E-04  1.09E-02  0.00000
   1366.    7.321  2.46E-06  4.59E-04  3.02E-15  5.63E-13  0.00E+00  0.00E+00  2.46E-06  4.59E-04  1.09E-02  0.00000
   1368.    7.310  2.36E-06  4.42E-04  2.30E-15  4.31E-13  0.00E+00  0.00E+00  2.36E-06  4.42E-04  1.09E-02  0.00000
   1370.    7.299  2.31E-06  4.34E-04  3.68E-16  6.90E-14  0.00E+00  0.00E+00  2.31E-06  4.34E-04  1.10E-02  0.00000
   1372.    7.289  2.26E-06  4.25E-04  1.78E-19  3.35E-17  0.00E+00  0.00E+00  2.26E-06  4.25E-04  1.10E-02  0.00000
   1374.    7.278  2.15E-06  4.07E-04  2.95E-27  5.57E-25  0.00E+00  0.00E+00  2.15E-06  4.07E-04  1.10E-02  0.00000
   1376.    7.267  2.19E-06  4.14E-04  7.77E-22  1.47E-19  0.00E+00  0.00E+00  2.19E-06  4.14E-04  1.10E-02  0.00000
   1378.    7.257  2.24E-06  4.26E-04  1.62E-18  3.07E-16  0.00E+00  0.00E+00  2.24E-06  4.26E-04  1.10E-02  0.00000
   1380.    7.246  2.30E-06  4.38E-04  5.22E-15  9.94E-13  0.00E+00  0.00E+00  2.30E-06  4.38E-04  1.10E-02  0.00000
   1382.    7.236  2.36E-06  4.51E-04  7.91E-15  1.51E-12  0.00E+00  0.00E+00  2.36E-06  4.51E-04  1.10E-02  0.00000
   1384.    7.225  2.31E-06  4.42E-04  1.62E-15  3.10E-13  0.00E+00  0.00E+00  2.31E-06  4.42E-04  1.10E-02  0.00000
   1386.    7.215  2.14E-06  4.12E-04  1.12E-17  2.16E-15  0.00E+00  0.00E+00  2.14E-06  4.12E-04  1.10E-02  0.00000
   1388.    7.205  2.07E-06  3.99E-04  1.18E-22  2.27E-20  0.00E+00  0.00E+00  2.07E-06  3.99E-04  1.10E-02  0.00000
   1390.    7.194  2.13E-06  4.11E-04  3.93E-23  7.60E-21  0.00E+00  0.00E+00  2.13E-06  4.11E-04  1.10E-02  0.00000
   1392.    7.184  2.10E-06  4.07E-04  1.01E-26  1.95E-24  0.00E+00  0.00E+00  2.10E-06  4.07E-04  1.10E-02  0.00000
   1394.    7.174  2.02E-06  3.92E-04  1.99E-27  3.86E-25  0.00E+00  0.00E+00  2.02E-06  3.92E-04  1.10E-02  0.00000
   1396.    7.163  2.00E-06  3.89E-04  6.62E-28  1.29E-25  0.00E+00  0.00E+00  2.00E-06  3.89E-04  1.10E-02  0.00000
   1398.    7.153  1.99E-06  3.89E-04  3.64E-23  7.11E-21  0.00E+00  0.00E+00  1.99E-06  3.89E-04  1.10E-02  0.00000
   1400.    7.143  2.00E-06  3.92E-04  3.64E-23  7.13E-21  0.00E+00  0.00E+00  2.00E-06  3.92E-04  1.10E-02  0.00000
  iv         1405
1                                             RADIANCE(WATTS/CM2-STER-XXX)
0  FREQ   WAVLEN    PATH THERMAL      SURFACE EMISSION    SURFACE REFLECTED     TOTAL RADIANCE   INTEGRAL    TOTAL
  (CM-1) (MICRN)    (CM-1)   (MICRN)    (CM-1)   (MICRN)    (CM-1)   (MICRN)    (CM-1)   (MICRN)    (CM-1)   TRANS

   1402.    7.133  2.05E-06  4.02E-04  1.03E-26  2.03E-24  0.00E+00  0.00E+00  2.05E-06  4.02E-04  1.10E-02  0.00000
   1404.    7.123  1.99E-06  3.93E-04  4.26E-18  8.39E-16  0.00E+00  0.00E+00  1.99E-06  3.93E-04  1.10E-02  0.00000
   1406.    7.112  2.03E-06  4.02E-04  4.38E-18  8.66E-16  0.00E+00  0.00E+00  2.03E-06  4.02E-04  1.10E-02  0.00000
   1408.    7.102  2.11E-06  4.18E-04  3.68E-19  7.29E-17  0.00E+00  0.00E+00  2.11E-06  4.18E-04  1.10E-02  0.00000
   1410.    7.092  2.04E-06  4.06E-04  1.26E-19  2.50E-17  0.00E+00  0.00E+00  2.04E-06  4.06E-04  1.10E-02  0.00000
   1412.    7.082  2.02E-06  4.03E-04  2.48E-21  4.95E-19  0.00E+00  0.00E+00  2.02E-06  4.03E-04  1.10E-02  0.00000
   1414.    7.072  2.02E-06  4.03E-04  1.35E-21  2.70E-19  0.00E+00  0.00E+00  2.02E-06  4.03E-04  1.10E-02  0.00000
   1416.    7.062  1.92E-06  3.85E-04  3.12E-24  6.26E-22  0.00E+00  0.00E+00  1.92E-06  3.85E-04  1.10E-02  0.00000
   1418.    7.052  1.84E-06  3.71E-04  2.94E-40  5.91E-38  0.00E+00  0.00E+00  1.84E-06  3.71E-04  1.11E-02  0.00000
   1420.    7.042  1.83E-06  3.69E-04  0.00E+00  0.00E+00  0.00E+00  0.00E+00  1.83E-06  3.69E-04  1.11E-02  0.00000
   1422.    7.032  1.85E-06  3.73E-04  9.89E-31  2.00E-28  0.00E+00  0.00E+00  1.85E-06  3.73E-04  1.11E-02  0.00000
   1424.    7.022  1.84E-06  3.74E-04  2.97E-30  6.02E-28  0.00E+00  0.00E+00  1.84E-06  3.74E-04  1.11E-02  0.00000
   1426.    7.013  1.88E-06  3.82E-04  1.31E-30  2.66E-28  0.00E+00  0.00E+00  1.88E-06  3.82E-04  1.11E-02  0.00000
   1428.    7.003  1.85E-06  3.77E-04  1.02E-25  2.09E-23  0.00E+00  0.00E+00  1.85E-06  3.77E-04  1.11E-02  0.00000
   1430.    6.993  1.81E-06  3.69E-04  3.07E-25  6.28E-23  0.00E+00  0.00E+00  1.81E-06  3.69E-04  1.11E-02  0.00000
   1432.    6.983  1.81E-06  3.72E-04  1.02E-25  2.10E-23  0.00E+00  0.00E+00  1.81E-06  3.72E-04  1.11E-02  0.00000
   1434.    6.974  1.78E-06  3.67E-04  3.46E-39  7.12E-37  0.00E+00  0.00E+00  1.78E-06  3.67E-04  1.11E-02  0.00000
   1436.    6.964  1.74E-06  3.58E-04  0.00E+00  0.00E+00  0.00E+00  0.00E+00  1.74E-06  3.58E-04  1.11E-02  0.00000
   1438.    6.954  1.75E-06  3.61E-04  1.95E-36  4.03E-34  0.00E+00  0.00E+00  1.75E-06  3.61E-04  1.11E-02  0.00000
   1440.    6.944  1.81E-06  3.74E-04  7.11E-28  1.48E-25  0.00E+00  0.00E+00  1.81E-06  3.74E-04  1.11E-02  0.00000
   1442.    6.935  1.84E-06  3.83E-04  2.54E-26  5.29E-24  0.00E+00  0.00E+00  1.84E-06  3.83E-04  1.11E-02  0.00000
   1444.    6.925  1.82E-06  3.80E-04  3.15E-26  6.57E-24  0.00E+00  0.00E+00  1.82E-06  3.80E-04  1.11E-02  0.00000
   1446.    6.916  1.74E-06  3.64E-04  4.06E-27  8.48E-25  0.00E+00  0.00E+00  1.74E-06  3.64E-04  1.11E-02  0.00000
   1448.    6.906  1.70E-06  3.57E-04  9.61E-28  2.01E-25  0.00E+00  0.00E+00  1.70E-06  3.57E-04  1.11E-02  0.00000
   1450.    6.897  1.72E-06  3.61E-04  3.20E-28  6.73E-26  0.00E+00  0.00E+00  1.72E-06  3.61E-04  1.11E-02  0.00000
   1452.    6.887  1.69E-06  3.57E-04  3.75E-42  7.91E-40  0.00E+00  0.00E+00  1.69E-06  3.57E-04  1.11E-02  0.00000
   1454.    6.878  1.65E-06  3.49E-04  1.40E-45  2.96E-43  0.00E+00  0.00E+00  1.65E-06  3.49E-04  1.11E-02  0.00000
   1456.    6.868  1.61E-06  3.42E-04  0.00E+00  0.00E+00  0.00E+00  0.00E+00  1.61E-06  3.42E-04  1.11E-02  0.00000
   1458.    6.859  1.60E-06  3.40E-04  0.00E+00  0.00E+00  0.00E+00  0.00E+00  1.60E-06  3.40E-04  1.11E-02  0.00000
   1460.    6.849  1.61E-06  3.44E-04  0.00E+00  0.00E+00  0.00E+00  0.00E+00  1.61E-06  3.44E-04  1.11E-02  0.00000
   1462.    6.840  1.62E-06  3.47E-04  0.00E+00  0.00E+00  0.00E+00  0.00E+00  1.62E-06  3.47E-04  1.11E-02  0.00000
   1464.    6.831  1.59E-06  3.42E-04  9.28E-36  1.99E-33  0.00E+00  0.00E+00  1.59E-06  3.42E-04  1.11E-02  0.00000
   1466.    6.821  1.59E-06  3.42E-04  9.28E-36  1.99E-33  0.00E+00  0.00E+00  1.59E-06  3.42E-04  1.11E-02  0.00000
   1468.    6.812  1.60E-06  3.46E-04  0.00E+00  0.00E+00  0.00E+00  0.00E+00  1.60E-06  3.46E-04  1.11E-02  0.00000
   1470.    6.803  1.58E-06  3.42E-04  0.00E+00  0.00E+00  0.00E+00  0.00E+00  1.58E-06  3.42E-04  1.11E-02  0.00000
   1472.    6.793  1.54E-06  3.34E-04  0.00E+00  0.00E+00  0.00E+00  0.00E+00  1.54E-06  3.34E-04  1.11E-02  0.00000
   1474.    6.784  1.53E-06  3.32E-04  0.00E+00  0.00E+00  0.00E+00  0.00E+00  1.53E-06  3.32E-04  1.11E-02  0.00000
   1476.    6.775  1.53E-06  3.33E-04  0.00E+00  0.00E+00  0.00E+00  0.00E+00  1.53E-06  3.33E-04  1.12E-02  0.00000
   1478.    6.766  1.55E-06  3.39E-04  0.00E+00  0.00E+00  0.00E+00  0.00E+00  1.55E-06  3.39E-04  1.12E-02  0.00000
   1480.    6.757  1.55E-06  3.40E-04  1.93E-42  4.23E-40  0.00E+00  0.00E+00  1.55E-06  3.40E-04  1.12E-02  0.00000
   1482.    6.748  1.54E-06  3.38E-04  1.94E-42  4.27E-40  0.00E+00  0.00E+00  1.54E-06  3.38E-04  1.12E-02  0.00000
   1484.    6.739  1.53E-06  3.38E-04  1.40E-44  3.09E-42  0.00E+00  0.00E+00  1.53E-06  3.38E-04  1.12E-02  0.00000
   1486.    6.729  1.50E-06  3.31E-04  0.00E+00  0.00E+00  0.00E+00  0.00E+00  1.50E-06  3.31E-04  1.12E-02  0.00000
   1488.    6.720  1.46E-06  3.23E-04  0.00E+00  0.00E+00  0.00E+00  0.00E+00  1.46E-06  3.23E-04  1.12E-02  0.00000
   1490.    6.711  1.45E-06  3.21E-04  0.00E+00  0.00E+00  0.00E+00  0.00E+00  1.45E-06  3.21E-04  1.12E-02  0.00000
   1492.    6.702  1.46E-06  3.25E-04  0.00E+00  0.00E+00  0.00E+00  0.00E+00  1.46E-06  3.25E-04  1.12E-02  0.00000
   1494.    6.693  1.45E-06  3.25E-04  0.00E+00  0.00E+00  0.00E+00  0.00E+00  1.45E-06  3.25E-04  1.12E-02  0.00000
   1496.    6.684  1.42E-06  3.19E-04  0.00E+00  0.00E+00  0.00E+00  0.00E+00  1.42E-06  3.19E-04  1.12E-02  0.00000
   1498.    6.676  1.41E-06  3.15E-04  0.00E+00  0.00E+00  0.00E+00  0.00E+00  1.41E-06  3.15E-04  1.12E-02  0.00000
   1500.    6.667  1.41E-06  3.17E-04  0.00E+00  0.00E+00  0.00E+00  0.00E+00  1.41E-06  3.17E-04  1.12E-02  0.00000
  iv         1505
1                                             RADIANCE(WATTS/CM2-STER-XXX)
0  FREQ   WAVLEN    PATH THERMAL      SURFACE EMISSION    SURFACE REFLECTED     TOTAL RADIANCE   INTEGRAL    TOTAL
  (CM-1) (MICRN)    (CM-1)   (MICRN)    (CM-1)   (MICRN)    (CM-1)   (MICRN)    (CM-1)   (MICRN)    (CM-1)   TRANS

   1502.    6.658  1.41E-06  3.18E-04  0.00E+00  0.00E+00  0.00E+00  0.00E+00  1.41E-06  3.18E-04  1.12E-02  0.00000
   1504.    6.649  1.39E-06  3.14E-04  0.00E+00  0.00E+00  0.00E+00  0.00E+00  1.39E-06  3.14E-04  1.12E-02  0.00000
   1506.    6.640  1.36E-06  3.09E-04  0.00E+00  0.00E+00  0.00E+00  0.00E+00  1.36E-06  3.09E-04  1.12E-02  0.00000
   1508.    6.631  1.35E-06  3.08E-04  0.00E+00  0.00E+00  0.00E+00  0.00E+00  1.35E-06  3.08E-04  1.12E-02  0.00000
   1510.    6.623  1.35E-06  3.08E-04  0.00E+00  0.00E+00  0.00E+00  0.00E+00  1.35E-06  3.08E-04  1.12E-02  0.00000
   1512.    6.614  1.35E-06  3.09E-04  0.00E+00  0.00E+00  0.00E+00  0.00E+00  1.35E-06  3.09E-04  1.12E-02  0.00000
   1514.    6.605  1.34E-06  3.08E-04  0.00E+00  0.00E+00  0.00E+00  0.00E+00  1.34E-06  3.08E-04  1.12E-02  0.00000
   1516.    6.596  1.33E-06  3.05E-04  0.00E+00  0.00E+00  0.00E+00  0.00E+00  1.33E-06  3.05E-04  1.12E-02  0.00000
   1518.    6.588  1.31E-06  3.03E-04  0.00E+00  0.00E+00  0.00E+00  0.00E+00  1.31E-06  3.03E-04  1.12E-02  0.00000
   1520.    6.579  1.30E-06  3.01E-04  0.00E+00  0.00E+00  0.00E+00  0.00E+00  1.30E-06  3.01E-04  1.12E-02  0.00000
   1522.    6.570  1.29E-06  2.99E-04  0.00E+00  0.00E+00  0.00E+00  0.00E+00  1.29E-06  2.99E-04  1.12E-02  0.00000
   1524.    6.562  1.29E-06  2.99E-04  0.00E+00  0.00E+00  0.00E+00  0.00E+00  1.29E-06  2.99E-04  1.12E-02  0.00000
   1526.    6.553  1.28E-06  2.99E-04  0.00E+00  0.00E+00  0.00E+00  0.00E+00  1.28E-06  2.99E-04  1.12E-02  0.00000
   1528.    6.545  1.28E-06  2.99E-04  0.00E+00  0.00E+00  0.00E+00  0.00E+00  1.28E-06  2.99E-04  1.12E-02  0.00000
   1530.    6.536  1.28E-06  3.00E-04  0.00E+00  0.00E+00  0.00E+00  0.00E+00  1.28E-06  3.00E-04  1.12E-02  0.00000
   1532.    6.527  1.26E-06  2.96E-04  0.00E+00  0.00E+00  0.00E+00  0.00E+00  1.26E-06  2.96E-04  1.12E-02  0.00000
   1534.    6.519  1.25E-06  2.93E-04  0.00E+00  0.00E+00  0.00E+00  0.00E+00  1.25E-06  2.93E-04  1.12E-02  0.00000
   1536.    6.510  1.24E-06  2.94E-04  0.00E+00  0.00E+00  0.00E+00  0.00E+00  1.24E-06  2.94E-04  1.12E-02  0.00000
   1538.    6.502  1.23E-06  2.90E-04  0.00E+00  0.00E+00  0.00E+00  0.00E+00  1.23E-06  2.90E-04  1.12E-02  0.00000
   1540.    6.494  1.21E-06  2.88E-04  0.00E+00  0.00E+00  0.00E+00  0.00E+00  1.21E-06  2.88E-04  1.12E-02  0.00000
   1542.    6.485  1.21E-06  2.87E-04  0.00E+00  0.00E+00  0.00E+00  0.00E+00  1.21E-06  2.87E-04  1.12E-02  0.00000
   1544.    6.477  1.20E-06  2.86E-04  0.00E+00  0.00E+00  0.00E+00  0.00E+00  1.20E-06  2.86E-04  1.12E-02  0.00000
   1546.    6.468  1.20E-06  2.88E-04  0.00E+00  0.00E+00  0.00E+00  0.00E+00  1.20E-06  2.88E-04  1.12E-02  0.00000
   1548.    6.460  1.21E-06  2.89E-04  0.00E+00  0.00E+00  0.00E+00  0.00E+00  1.21E-06  2.89E-04  1.12E-02  0.00000
   1550.    6.452  1.19E-06  2.87E-04  0.00E+00  0.00E+00  0.00E+00  0.00E+00  1.19E-06  2.87E-04  1.13E-02  0.00000
   1552.    6.443  1.18E-06  2.85E-04  0.00E+00  0.00E+00  0.00E+00  0.00E+00  1.18E-06  2.85E-04  1.13E-02  0.00000
   1554.    6.435  1.17E-06  2.82E-04  0.00E+00  0.00E+00  0.00E+00  0.00E+00  1.17E-06  2.82E-04  1.13E-02  0.00000
   1556.    6.427  1.15E-06  2.79E-04  0.00E+00  0.00E+00  0.00E+00  0.00E+00  1.15E-06  2.79E-04  1.13E-02  0.00000
   1558.    6.418  1.14E-06  2.77E-04  0.00E+00  0.00E+00  0.00E+00  0.00E+00  1.14E-06  2.77E-04  1.13E-02  0.00000
   1560.    6.410  1.13E-06  2.76E-04  0.00E+00  0.00E+00  0.00E+00  0.00E+00  1.13E-06  2.76E-04  1.13E-02  0.00000
   1562.    6.402  1.14E-06  2.77E-04  0.00E+00  0.00E+00  0.00E+00  0.00E+00  1.14E-06  2.77E-04  1.13E-02  0.00000
   1564.    6.394  1.14E-06  2.78E-04  0.00E+00  0.00E+00  0.00E+00  0.00E+00  1.14E-06  2.78E-04  1.13E-02  0.00000
   1566.    6.386  1.14E-06  2.78E-04  0.00E+00  0.00E+00  0.00E+00  0.00E+00  1.14E-06  2.78E-04  1.13E-02  0.00000
   1568.    6.378  1.12E-06  2.75E-04  0.00E+00  0.00E+00  0.00E+00  0.00E+00  1.12E-06  2.75E-04  1.13E-02  0.00000
   1570.    6.369  1.11E-06  2.74E-04  0.00E+00  0.00E+00  0.00E+00  0.00E+00  1.11E-06  2.74E-04  1.13E-02  0.00000
   1572.    6.361  1.11E-06  2.75E-04  0.00E+00  0.00E+00  0.00E+00  0.00E+00  1.11E-06  2.75E-04  1.13E-02  0.00000
   1574.    6.353  1.10E-06  2.73E-04  3.12E-43  7.74E-41  0.00E+00  0.00E+00  1.10E-06  2.73E-04  1.13E-02  0.00000
   1576.    6.345  1.09E-06  2.70E-04  9.39E-43  2.33E-40  0.00E+00  0.00E+00  1.09E-06  2.70E-04  1.13E-02  0.00000
   1578.    6.337  1.09E-06  2.70E-04  3.12E-43  7.78E-41  0.00E+00  0.00E+00  1.09E-06  2.70E-04  1.13E-02  0.00000
   1580.    6.329  1.10E-06  2.76E-04  0.00E+00  0.00E+00  0.00E+00  0.00E+00  1.10E-06  2.76E-04  1.13E-02  0.00000
   1582.    6.321  1.12E-06  2.79E-04  1.43E-38  3.58E-36  0.00E+00  0.00E+00  1.12E-06  2.79E-04  1.13E-02  0.00000
   1584.    6.313  1.13E-06  2.83E-04  5.85E-34  1.47E-31  0.00E+00  0.00E+00  1.13E-06  2.83E-04  1.13E-02  0.00000
   1586.    6.305  1.13E-06  2.85E-04  2.23E-32  5.60E-30  0.00E+00  0.00E+00  1.13E-06  2.85E-04  1.13E-02  0.00000
   1588.    6.297  1.12E-06  2.83E-04  5.36E-32  1.35E-29  0.00E+00  0.00E+00  1.12E-06  2.83E-04  1.13E-02  0.00000
   1590.    6.289  1.09E-06  2.77E-04  1.63E-32  4.12E-30  0.00E+00  0.00E+00  1.09E-06  2.77E-04  1.13E-02  0.00000
   1592.    6.281  1.08E-06  2.74E-04  2.15E-32  5.46E-30  0.00E+00  0.00E+00  1.08E-06  2.74E-04  1.13E-02  0.00000
   1594.    6.274  1.07E-06  2.71E-04  6.44E-32  1.64E-29  0.00E+00  0.00E+00  1.07E-06  2.71E-04  1.13E-02  0.00000
   1596.    6.266  1.06E-06  2.71E-04  1.93E-30  4.92E-28  0.00E+00  0.00E+00  1.06E-06  2.71E-04  1.13E-02  0.00000
   1598.    6.258  1.09E-06  2.78E-04  1.96E-29  5.02E-27  0.00E+00  0.00E+00  1.09E-06  2.78E-04  1.13E-02  0.00000
   1600.    6.250  1.08E-06  2.75E-04  1.59E-29  4.06E-27  0.00E+00  0.00E+00  1.08E-06  2.75E-04  1.13E-02  0.00000
  iv         1605
1                                             RADIANCE(WATTS/CM2-STER-XXX)
0  FREQ   WAVLEN    PATH THERMAL      SURFACE EMISSION    SURFACE REFLECTED     TOTAL RADIANCE   INTEGRAL    TOTAL
  (CM-1) (MICRN)    (CM-1)   (MICRN)    (CM-1)   (MICRN)    (CM-1)   (MICRN)    (CM-1)   (MICRN)    (CM-1)   TRANS

   1602.    6.242  1.04E-06  2.66E-04  2.78E-32  7.13E-30  0.00E+00  0.00E+00  1.04E-06  2.66E-04  1.13E-02  0.00000
   1604.    6.234  1.04E-06  2.67E-04  3.07E-34  7.89E-32  0.00E+00  0.00E+00  1.04E-06  2.67E-04  1.13E-02  0.00000
   1606.    6.227  1.03E-06  2.66E-04  2.97E-34  7.66E-32  0.00E+00  0.00E+00  1.03E-06  2.66E-04  1.13E-02  0.00000
   1608.    6.219  1.00E-06  2.59E-04  5.44E-40  1.41E-37  0.00E+00  0.00E+00  1.00E-06  2.59E-04  1.13E-02  0.00000
   1610.    6.211  9.98E-07  2.59E-04  1.34E-40  3.47E-38  0.00E+00  0.00E+00  9.98E-07  2.59E-04  1.13E-02  0.00000
   1612.    6.203  9.99E-07  2.60E-04  1.40E-45  3.64E-43  0.00E+00  0.00E+00  9.99E-07  2.60E-04  1.13E-02  0.00000
   1614.    6.196  9.74E-07  2.54E-04  0.00E+00  0.00E+00  0.00E+00  0.00E+00  9.74E-07  2.54E-04  1.13E-02  0.00000
   1616.    6.188  9.49E-07  2.48E-04  1.58E-34  4.13E-32  0.00E+00  0.00E+00  9.49E-07  2.48E-04  1.13E-02  0.00000
   1618.    6.180  9.45E-07  2.47E-04  1.58E-34  4.14E-32  0.00E+00  0.00E+00  9.45E-07  2.47E-04  1.13E-02  0.00000
   1620.    6.173  9.49E-07  2.49E-04  0.00E+00  0.00E+00  0.00E+00  0.00E+00  9.49E-07  2.49E-04  1.13E-02  0.00000
   1622.    6.165  9.36E-07  2.46E-04  0.00E+00  0.00E+00  0.00E+00  0.00E+00  9.36E-07  2.46E-04  1.13E-02  0.00000
   1624.    6.158  9.27E-07  2.44E-04  0.00E+00  0.00E+00  0.00E+00  0.00E+00  9.27E-07  2.44E-04  1.13E-02  0.00000
   1626.    6.150  9.24E-07  2.44E-04  0.00E+00  0.00E+00  0.00E+00  0.00E+00  9.24E-07  2.44E-04  1.13E-02  0.00000
   1628.    6.143  9.21E-07  2.44E-04  0.00E+00  0.00E+00  0.00E+00  0.00E+00  9.21E-07  2.44E-04  1.13E-02  0.00000
   1630.    6.135  9.27E-07  2.46E-04  0.00E+00  0.00E+00  0.00E+00  0.00E+00  9.27E-07  2.46E-04  1.13E-02  0.00000
   1632.    6.127  9.17E-07  2.44E-04  0.00E+00  0.00E+00  0.00E+00  0.00E+00  9.17E-07  2.44E-04  1.13E-02  0.00000
   1634.    6.120  8.89E-07  2.37E-04  0.00E+00  0.00E+00  0.00E+00  0.00E+00  8.89E-07  2.37E-04  1.13E-02  0.00000
   1636.    6.112  8.77E-07  2.35E-04  0.00E+00  0.00E+00  0.00E+00  0.00E+00  8.77E-07  2.35E-04  1.13E-02  0.00000
   1638.    6.105  8.79E-07  2.36E-04  0.00E+00  0.00E+00  0.00E+00  0.00E+00  8.79E-07  2.36E-04  1.13E-02  0.00000
   1640.    6.098  8.86E-07  2.38E-04  0.00E+00  0.00E+00  0.00E+00  0.00E+00  8.86E-07  2.38E-04  1.13E-02  0.00000
   1642.    6.090  8.83E-07  2.38E-04  0.00E+00  0.00E+00  0.00E+00  0.00E+00  8.83E-07  2.38E-04  1.13E-02  0.00000
   1644.    6.083  8.65E-07  2.34E-04  0.00E+00  0.00E+00  0.00E+00  0.00E+00  8.65E-07  2.34E-04  1.13E-02  0.00000
   1646.    6.075  8.49E-07  2.30E-04  0.00E+00  0.00E+00  0.00E+00  0.00E+00  8.49E-07  2.30E-04  1.14E-02  0.00000
   1648.    6.068  8.41E-07  2.29E-04  0.00E+00  0.00E+00  0.00E+00  0.00E+00  8.41E-07  2.29E-04  1.14E-02  0.00000
   1650.    6.061  8.36E-07  2.28E-04  0.00E+00  0.00E+00  0.00E+00  0.00E+00  8.36E-07  2.28E-04  1.14E-02  0.00000
   1652.    6.053  8.26E-07  2.26E-04  0.00E+00  0.00E+00  0.00E+00  0.00E+00  8.26E-07  2.26E-04  1.14E-02  0.00000
   1654.    6.046  8.21E-07  2.25E-04  0.00E+00  0.00E+00  0.00E+00  0.00E+00  8.21E-07  2.25E-04  1.14E-02  0.00000
   1656.    6.039  8.25E-07  2.26E-04  0.00E+00  0.00E+00  0.00E+00  0.00E+00  8.25E-07  2.26E-04  1.14E-02  0.00000
   1658.    6.031  8.34E-07  2.29E-04  0.00E+00  0.00E+00  0.00E+00  0.00E+00  8.34E-07  2.29E-04  1.14E-02  0.00000
   1660.    6.024  8.29E-07  2.28E-04  0.00E+00  0.00E+00  0.00E+00  0.00E+00  8.29E-07  2.28E-04  1.14E-02  0.00000
   1662.    6.017  8.12E-07  2.24E-04  0.00E+00  0.00E+00  0.00E+00  0.00E+00  8.12E-07  2.24E-04  1.14E-02  0.00000
   1664.    6.010  8.12E-07  2.25E-04  0.00E+00  0.00E+00  0.00E+00  0.00E+00  8.12E-07  2.25E-04  1.14E-02  0.00000
   1666.    6.002  8.11E-07  2.25E-04  0.00E+00  0.00E+00  0.00E+00  0.00E+00  8.11E-07  2.25E-04  1.14E-02  0.00000
   1668.    5.995  7.94E-07  2.21E-04  0.00E+00  0.00E+00  0.00E+00  0.00E+00  7.94E-07  2.21E-04  1.14E-02  0.00000
   1670.    5.988  7.79E-07  2.17E-04  0.00E+00  0.00E+00  0.00E+00  0.00E+00  7.79E-07  2.17E-04  1.14E-02  0.00000
   1672.    5.981  7.79E-07  2.18E-04  0.00E+00  0.00E+00  0.00E+00  0.00E+00  7.79E-07  2.18E-04  1.14E-02  0.00000
   1674.    5.974  7.74E-07  2.17E-04  0.00E+00  0.00E+00  0.00E+00  0.00E+00  7.74E-07  2.17E-04  1.14E-02  0.00000
   1676.    5.967  7.67E-07  2.15E-04  0.00E+00  0.00E+00  0.00E+00  0.00E+00  7.67E-07  2.15E-04  1.14E-02  0.00000
   1678.    5.959  7.70E-07  2.17E-04  0.00E+00  0.00E+00  0.00E+00  0.00E+00  7.70E-07  2.17E-04  1.14E-02  0.00000
   1680.    5.952  7.62E-07  2.15E-04  0.00E+00  0.00E+00  0.00E+00  0.00E+00  7.62E-07  2.15E-04  1.14E-02  0.00000
   1682.    5.945  7.50E-07  2.12E-04  0.00E+00  0.00E+00  0.00E+00  0.00E+00  7.50E-07  2.12E-04  1.14E-02  0.00000
   1684.    5.938  7.41E-07  2.10E-04  0.00E+00  0.00E+00  0.00E+00  0.00E+00  7.41E-07  2.10E-04  1.14E-02  0.00000
   1686.    5.931  7.39E-07  2.10E-04  0.00E+00  0.00E+00  0.00E+00  0.00E+00  7.39E-07  2.10E-04  1.14E-02  0.00000
   1688.    5.924  7.40E-07  2.11E-04  0.00E+00  0.00E+00  0.00E+00  0.00E+00  7.40E-07  2.11E-04  1.14E-02  0.00000
   1690.    5.917  7.38E-07  2.11E-04  0.00E+00  0.00E+00  0.00E+00  0.00E+00  7.38E-07  2.11E-04  1.14E-02  0.00000
   1692.    5.910  7.35E-07  2.10E-04  0.00E+00  0.00E+00  0.00E+00  0.00E+00  7.35E-07  2.10E-04  1.14E-02  0.00000
   1694.    5.903  7.22E-07  2.07E-04  0.00E+00  0.00E+00  0.00E+00  0.00E+00  7.22E-07  2.07E-04  1.14E-02  0.00000
   1696.    5.896  7.09E-07  2.04E-04  0.00E+00  0.00E+00  0.00E+00  0.00E+00  7.09E-07  2.04E-04  1.14E-02  0.00000
   1698.    5.889  7.04E-07  2.03E-04  0.00E+00  0.00E+00  0.00E+00  0.00E+00  7.04E-07  2.03E-04  1.14E-02  0.00000
   1700.    5.882  6.96E-07  2.01E-04  0.00E+00  0.00E+00  0.00E+00  0.00E+00  6.96E-07  2.01E-04  1.14E-02  0.00000
  iv         1705
1                                             RADIANCE(WATTS/CM2-STER-XXX)
0  FREQ   WAVLEN    PATH THERMAL      SURFACE EMISSION    SURFACE REFLECTED     TOTAL RADIANCE   INTEGRAL    TOTAL
  (CM-1) (MICRN)    (CM-1)   (MICRN)    (CM-1)   (MICRN)    (CM-1)   (MICRN)    (CM-1)   (MICRN)    (CM-1)   TRANS

   1702.    5.875  6.96E-07  2.02E-04  0.00E+00  0.00E+00  0.00E+00  0.00E+00  6.96E-07  2.02E-04  1.14E-02  0.00000
   1704.    5.869  6.96E-07  2.02E-04  0.00E+00  0.00E+00  0.00E+00  0.00E+00  6.96E-07  2.02E-04  1.14E-02  0.00000
   1706.    5.862  6.91E-07  2.01E-04  0.00E+00  0.00E+00  0.00E+00  0.00E+00  6.91E-07  2.01E-04  1.14E-02  0.00000
   1708.    5.855  6.95E-07  2.03E-04  0.00E+00  0.00E+00  0.00E+00  0.00E+00  6.95E-07  2.03E-04  1.14E-02  0.00000
   1710.    5.848  6.96E-07  2.03E-04  0.00E+00  0.00E+00  0.00E+00  0.00E+00  6.96E-07  2.03E-04  1.14E-02  0.00000
   1712.    5.841  6.90E-07  2.02E-04  0.00E+00  0.00E+00  0.00E+00  0.00E+00  6.90E-07  2.02E-04  1.14E-02  0.00000
   1714.    5.834  6.76E-07  1.99E-04  0.00E+00  0.00E+00  0.00E+00  0.00E+00  6.76E-07  1.99E-04  1.14E-02  0.00000
   1716.    5.828  6.64E-07  1.95E-04  0.00E+00  0.00E+00  0.00E+00  0.00E+00  6.64E-07  1.95E-04  1.14E-02  0.00000
   1718.    5.821  6.59E-07  1.95E-04  0.00E+00  0.00E+00  0.00E+00  0.00E+00  6.59E-07  1.95E-04  1.14E-02  0.00000
   1720.    5.814  6.65E-07  1.97E-04  0.00E+00  0.00E+00  0.00E+00  0.00E+00  6.65E-07  1.97E-04  1.14E-02  0.00000
   1722.    5.807  6.70E-07  1.99E-04  0.00E+00  0.00E+00  0.00E+00  0.00E+00  6.70E-07  1.99E-04  1.14E-02  0.00000
   1724.    5.800  6.73E-07  2.00E-04  1.40E-45  4.16E-43  0.00E+00  0.00E+00  6.73E-07  2.00E-04  1.14E-02  0.00000
   1726.    5.794  6.75E-07  2.01E-04  2.80E-45  8.35E-43  0.00E+00  0.00E+00  6.75E-07  2.01E-04  1.14E-02  0.00000
   1728.    5.787  6.63E-07  1.98E-04  1.40E-45  4.19E-43  0.00E+00  0.00E+00  6.63E-07  1.98E-04  1.14E-02  0.00000
   1730.    5.780  6.44E-07  1.93E-04  0.00E+00  0.00E+00  0.00E+00  0.00E+00  6.44E-07  1.93E-04  1.14E-02  0.00000
   1732.    5.774  6.31E-07  1.89E-04  0.00E+00  0.00E+00  0.00E+00  0.00E+00  6.31E-07  1.89E-04  1.14E-02  0.00000
   1734.    5.767  6.22E-07  1.87E-04  0.00E+00  0.00E+00  0.00E+00  0.00E+00  6.22E-07  1.87E-04  1.14E-02  0.00000
   1736.    5.760  6.23E-07  1.88E-04  0.00E+00  0.00E+00  0.00E+00  0.00E+00  6.23E-07  1.88E-04  1.14E-02  0.00000
   1738.    5.754  6.21E-07  1.87E-04  0.00E+00  0.00E+00  0.00E+00  0.00E+00  6.21E-07  1.87E-04  1.14E-02  0.00000
   1740.    5.747  6.17E-07  1.87E-04  0.00E+00  0.00E+00  0.00E+00  0.00E+00  6.17E-07  1.87E-04  1.14E-02  0.00000
   1742.    5.741  6.17E-07  1.87E-04  0.00E+00  0.00E+00  0.00E+00  0.00E+00  6.17E-07  1.87E-04  1.14E-02  0.00000
   1744.    5.734  6.12E-07  1.86E-04  0.00E+00  0.00E+00  0.00E+00  0.00E+00  6.12E-07  1.86E-04  1.14E-02  0.00000
   1746.    5.727  6.08E-07  1.85E-04  0.00E+00  0.00E+00  0.00E+00  0.00E+00  6.08E-07  1.85E-04  1.14E-02  0.00000
   1748.    5.721  5.98E-07  1.83E-04  0.00E+00  0.00E+00  0.00E+00  0.00E+00  5.98E-07  1.83E-04  1.14E-02  0.00000
   1750.    5.714  5.92E-07  1.81E-04  0.00E+00  0.00E+00  0.00E+00  0.00E+00  5.92E-07  1.81E-04  1.14E-02  0.00000
   1752.    5.708  5.95E-07  1.83E-04  0.00E+00  0.00E+00  0.00E+00  0.00E+00  5.95E-07  1.83E-04  1.14E-02  0.00000
   1754.    5.701  6.05E-07  1.86E-04  0.00E+00  0.00E+00  0.00E+00  0.00E+00  6.05E-07  1.86E-04  1.14E-02  0.00000
   1756.    5.695  5.94E-07  1.83E-04  2.21E-34  6.83E-32  0.00E+00  0.00E+00  5.94E-07  1.83E-04  1.14E-02  0.00000
   1758.    5.688  5.90E-07  1.82E-04  2.21E-34  6.84E-32  0.00E+00  0.00E+00  5.90E-07  1.82E-04  1.14E-02  0.00000
   1760.    5.682  5.84E-07  1.81E-04  3.59E-31  1.11E-28  0.00E+00  0.00E+00  5.84E-07  1.81E-04  1.14E-02  0.00000
   1762.    5.675  5.77E-07  1.79E-04  1.08E-30  3.34E-28  0.00E+00  0.00E+00  5.77E-07  1.79E-04  1.14E-02  0.00000
   1764.    5.669  5.87E-07  1.83E-04  3.59E-31  1.12E-28  0.00E+00  0.00E+00  5.87E-07  1.83E-04  1.14E-02  0.00000
   1766.    5.663  5.88E-07  1.83E-04  5.99E-40  1.87E-37  0.00E+00  0.00E+00  5.88E-07  1.83E-04  1.14E-02  0.00000
   1768.    5.656  5.67E-07  1.77E-04  1.77E-40  5.54E-38  0.00E+00  0.00E+00  5.67E-07  1.77E-04  1.14E-02  0.00000
   1770.    5.650  5.54E-07  1.73E-04  0.00E+00  0.00E+00  0.00E+00  0.00E+00  5.54E-07  1.73E-04  1.14E-02  0.00000
   1772.    5.643  5.46E-07  1.71E-04  0.00E+00  0.00E+00  0.00E+00  0.00E+00  5.46E-07  1.71E-04  1.14E-02  0.00000
   1774.    5.637  5.46E-07  1.72E-04  5.47E-44  1.72E-41  0.00E+00  0.00E+00  5.46E-07  1.72E-04  1.14E-02  0.00000
   1776.    5.631  5.55E-07  1.75E-04  9.70E-40  3.06E-37  0.00E+00  0.00E+00  5.55E-07  1.75E-04  1.14E-02  0.00000
   1778.    5.624  5.58E-07  1.76E-04  2.91E-39  9.20E-37  0.00E+00  0.00E+00  5.58E-07  1.76E-04  1.14E-02  0.00000
   1780.    5.618  5.45E-07  1.73E-04  2.40E-35  7.60E-33  0.00E+00  0.00E+00  5.45E-07  1.73E-04  1.14E-02  0.00000
   1782.    5.612  5.48E-07  1.74E-04  3.64E-35  1.16E-32  0.00E+00  0.00E+00  5.48E-07  1.74E-04  1.14E-02  0.00000
   1784.    5.605  5.50E-07  1.75E-04  1.06E-29  3.38E-27  0.00E+00  0.00E+00  5.50E-07  1.75E-04  1.14E-02  0.00000
   1786.    5.599  5.62E-07  1.79E-04  1.38E-26  4.41E-24  0.00E+00  0.00E+00  5.62E-07  1.79E-04  1.14E-02  0.00000
   1788.    5.593  5.59E-07  1.79E-04  1.38E-26  4.42E-24  0.00E+00  0.00E+00  5.59E-07  1.79E-04  1.14E-02  0.00000
   1790.    5.587  5.28E-07  1.69E-04  1.76E-30  5.64E-28  0.00E+00  0.00E+00  5.28E-07  1.69E-04  1.14E-02  0.00000
   1792.    5.580  5.10E-07  1.64E-04  3.27E-27  1.05E-24  0.00E+00  0.00E+00  5.10E-07  1.64E-04  1.14E-02  0.00000
   1794.    5.574  5.12E-07  1.65E-04  3.27E-27  1.05E-24  0.00E+00  0.00E+00  5.12E-07  1.65E-04  1.15E-02  0.00000
   1796.    5.568  5.17E-07  1.67E-04  6.01E-40  1.94E-37  0.00E+00  0.00E+00  5.17E-07  1.67E-04  1.15E-02  0.00000
   1798.    5.562  5.17E-07  1.67E-04  1.22E-26  3.96E-24  0.00E+00  0.00E+00  5.17E-07  1.67E-04  1.15E-02  0.00000
   1800.    5.556  5.07E-07  1.64E-04  3.67E-26  1.19E-23  0.00E+00  0.00E+00  5.07E-07  1.64E-04  1.15E-02  0.00000
  iv         1805
1                                             RADIANCE(WATTS/CM2-STER-XXX)
0  FREQ   WAVLEN    PATH THERMAL      SURFACE EMISSION    SURFACE REFLECTED     TOTAL RADIANCE   INTEGRAL    TOTAL
  (CM-1) (MICRN)    (CM-1)   (MICRN)    (CM-1)   (MICRN)    (CM-1)   (MICRN)    (CM-1)   (MICRN)    (CM-1)   TRANS

   1802.    5.549  5.13E-07  1.66E-04  5.37E-24  1.74E-21  0.00E+00  0.00E+00  5.13E-07  1.66E-04  1.15E-02  0.00000
   1804.    5.543  5.37E-07  1.75E-04  6.57E-22  2.14E-19  0.00E+00  0.00E+00  5.37E-07  1.75E-04  1.15E-02  0.00000
   1806.    5.537  5.40E-07  1.76E-04  1.06E-21  3.45E-19  0.00E+00  0.00E+00  5.40E-07  1.76E-04  1.15E-02  0.00000
   1808.    5.531  5.21E-07  1.70E-04  1.22E-21  3.98E-19  0.00E+00  0.00E+00  5.21E-07  1.70E-04  1.15E-02  0.00000
   1810.    5.525  4.99E-07  1.63E-04  6.99E-21  2.29E-18  0.00E+00  0.00E+00  4.99E-07  1.63E-04  1.15E-02  0.00000
   1812.    5.519  5.05E-07  1.66E-04  1.76E-18  5.79E-16  0.00E+00  0.00E+00  5.05E-07  1.66E-04  1.15E-02  0.00000
   1814.    5.513  5.52E-07  1.82E-04  2.14E-16  7.04E-14  0.00E+00  0.00E+00  5.52E-07  1.82E-04  1.15E-02  0.00000
   1816.    5.507  5.56E-07  1.83E-04  3.15E-16  1.04E-13  0.00E+00  0.00E+00  5.56E-07  1.83E-04  1.15E-02  0.00000
   1818.    5.501  5.57E-07  1.84E-04  3.84E-15  1.27E-12  0.00E+00  0.00E+00  5.57E-07  1.84E-04  1.15E-02  0.00000
   1820.    5.495  5.62E-07  1.86E-04  4.43E-15  1.47E-12  0.00E+00  0.00E+00  5.62E-07  1.86E-04  1.15E-02  0.00000
   1822.    5.488  5.15E-07  1.71E-04  3.23E-16  1.07E-13  0.00E+00  0.00E+00  5.15E-07  1.71E-04  1.15E-02  0.00000
   1824.    5.482  4.75E-07  1.58E-04  4.65E-21  1.55E-18  0.00E+00  0.00E+00  4.75E-07  1.58E-04  1.15E-02  0.00000
   1826.    5.476  4.63E-07  1.54E-04  4.65E-21  1.55E-18  0.00E+00  0.00E+00  4.63E-07  1.54E-04  1.15E-02  0.00000
   1828.    5.470  4.62E-07  1.54E-04  1.43E-42  4.78E-40  0.00E+00  0.00E+00  4.62E-07  1.54E-04  1.15E-02  0.00000
   1830.    5.464  4.50E-07  1.51E-04  2.62E-42  8.76E-40  0.00E+00  0.00E+00  4.50E-07  1.51E-04  1.15E-02  0.00000
   1832.    5.459  4.67E-07  1.57E-04  3.12E-22  1.05E-19  0.00E+00  0.00E+00  4.67E-07  1.57E-04  1.15E-02  0.00000
   1834.    5.453  4.92E-07  1.65E-04  5.40E-21  1.82E-18  0.00E+00  0.00E+00  4.92E-07  1.65E-04  1.15E-02  0.00000
   1836.    5.447  4.79E-07  1.61E-04  8.24E-19  2.78E-16  0.00E+00  0.00E+00  4.79E-07  1.61E-04  1.15E-02  0.00000
   1838.    5.441  4.73E-07  1.60E-04  8.32E-19  2.81E-16  0.00E+00  0.00E+00  4.73E-07  1.60E-04  1.15E-02  0.00000
   1840.    5.435  4.87E-07  1.65E-04  3.15E-20  1.07E-17  0.00E+00  0.00E+00  4.87E-07  1.65E-04  1.15E-02  0.00000
   1842.    5.429  4.55E-07  1.54E-04  1.00E-20  3.40E-18  0.00E+00  0.00E+00  4.55E-07  1.54E-04  1.15E-02  0.00000
   1844.    5.423  4.25E-07  1.45E-04  2.64E-21  8.98E-19  0.00E+00  0.00E+00  4.25E-07  1.45E-04  1.15E-02  0.00000
   1846.    5.417  4.26E-07  1.45E-04  1.05E-21  3.58E-19  0.00E+00  0.00E+00  4.26E-07  1.45E-04  1.15E-02  0.00000
   1848.    5.411  4.48E-07  1.53E-04  3.33E-17  1.14E-14  0.00E+00  0.00E+00  4.48E-07  1.53E-04  1.15E-02  0.00000
   1850.    5.405  4.97E-07  1.70E-04  3.16E-14  1.08E-11  0.00E+00  0.00E+00  4.97E-07  1.70E-04  1.15E-02  0.00000
   1852.    5.400  5.23E-07  1.79E-04  9.06E-13  3.11E-10  0.00E+00  0.00E+00  5.23E-07  1.79E-04  1.15E-02  0.00000
   1854.    5.394  5.41E-07  1.86E-04  9.31E-12  3.20E-09  0.00E+00  0.00E+00  5.41E-07  1.86E-04  1.15E-02  0.00001
   1856.    5.388  5.36E-07  1.85E-04  1.07E-11  3.67E-09  0.00E+00  0.00E+00  5.36E-07  1.85E-04  1.15E-02  0.00001
   1858.    5.382  4.92E-07  1.70E-04  2.12E-12  7.31E-10  0.00E+00  0.00E+00  4.92E-07  1.70E-04  1.15E-02  0.00000
   1860.    5.376  4.74E-07  1.64E-04  4.33E-14  1.50E-11  0.00E+00  0.00E+00  4.74E-07  1.64E-04  1.15E-02  0.00000
   1862.    5.371  4.89E-07  1.70E-04  1.08E-13  3.73E-11  0.00E+00  0.00E+00  4.89E-07  1.70E-04  1.15E-02  0.00000
   1864.    5.365  4.70E-07  1.63E-04  6.25E-14  2.17E-11  0.00E+00  0.00E+00  4.70E-07  1.63E-04  1.15E-02  0.00000
   1866.    5.359  4.18E-07  1.46E-04  8.16E-17  2.84E-14  0.00E+00  0.00E+00  4.18E-07  1.46E-04  1.15E-02  0.00000
   1868.    5.353  3.91E-07  1.36E-04  3.76E-25  1.31E-22  0.00E+00  0.00E+00  3.91E-07  1.36E-04  1.15E-02  0.00000
   1870.    5.348  3.98E-07  1.39E-04  3.41E-20  1.19E-17  0.00E+00  0.00E+00  3.98E-07  1.39E-04  1.15E-02  0.00000
   1872.    5.342  4.52E-07  1.59E-04  7.88E-13  2.76E-10  0.00E+00  0.00E+00  4.52E-07  1.59E-04  1.15E-02  0.00000
   1874.    5.336  5.15E-07  1.81E-04  2.89E-11  1.01E-08  0.00E+00  0.00E+00  5.15E-07  1.81E-04  1.15E-02  0.00003
   1876.    5.330  5.31E-07  1.87E-04  1.49E-10  5.24E-08  0.00E+00  0.00E+00  5.31E-07  1.87E-04  1.15E-02  0.00016
   1878.    5.325  5.22E-07  1.84E-04  2.92E-10  1.03E-07  0.00E+00  0.00E+00  5.23E-07  1.84E-04  1.15E-02  0.00031
   1880.    5.319  5.26E-07  1.86E-04  5.92E-10  2.09E-07  0.00E+00  0.00E+00  5.26E-07  1.86E-04  1.15E-02  0.00064
   1882.    5.313  5.36E-07  1.90E-04  8.02E-10  2.84E-07  0.00E+00  0.00E+00  5.37E-07  1.90E-04  1.15E-02  0.00086
   1884.    5.308  4.65E-07  1.65E-04  1.88E-10  6.66E-08  0.00E+00  0.00E+00  4.66E-07  1.65E-04  1.15E-02  0.00020
   1886.    5.302  4.44E-07  1.58E-04  6.79E-14  2.42E-11  0.00E+00  0.00E+00  4.44E-07  1.58E-04  1.15E-02  0.00000
   1888.    5.297  4.22E-07  1.50E-04  9.44E-13  3.36E-10  0.00E+00  0.00E+00  4.22E-07  1.50E-04  1.15E-02  0.00000
   1890.    5.291  3.86E-07  1.38E-04  2.68E-12  9.57E-10  0.00E+00  0.00E+00  3.86E-07  1.38E-04  1.15E-02  0.00000
   1892.    5.285  4.20E-07  1.50E-04  9.02E-13  3.23E-10  0.00E+00  0.00E+00  4.20E-07  1.50E-04  1.15E-02  0.00000
   1894.    5.280  4.08E-07  1.46E-04  1.68E-14  6.03E-12  0.00E+00  0.00E+00  4.08E-07  1.46E-04  1.15E-02  0.00000
   1896.    5.274  4.09E-07  1.47E-04  1.73E-11  6.21E-09  0.00E+00  0.00E+00  4.09E-07  1.47E-04  1.15E-02  0.00002
   1898.    5.269  4.86E-07  1.75E-04  9.64E-10  3.47E-07  0.00E+00  0.00E+00  4.87E-07  1.75E-04  1.15E-02  0.00110
   1900.    5.263  5.25E-07  1.90E-04  2.36E-09  8.53E-07  0.00E+00  0.00E+00  5.27E-07  1.90E-04  1.15E-02  0.00270
  iv         1905
1                                             RADIANCE(WATTS/CM2-STER-XXX)
0  FREQ   WAVLEN    PATH THERMAL      SURFACE EMISSION    SURFACE REFLECTED     TOTAL RADIANCE   INTEGRAL    TOTAL
  (CM-1) (MICRN)    (CM-1)   (MICRN)    (CM-1)   (MICRN)    (CM-1)   (MICRN)    (CM-1)   (MICRN)    (CM-1)   TRANS

   1902.    5.258  4.87E-07  1.76E-04  1.02E-09  3.70E-07  0.00E+00  0.00E+00  4.88E-07  1.77E-04  1.15E-02  0.00117
   1904.    5.252  4.42E-07  1.60E-04  1.05E-10  3.79E-08  0.00E+00  0.00E+00  4.43E-07  1.60E-04  1.15E-02  0.00012
   1906.    5.247  4.23E-07  1.53E-04  1.00E-11  3.64E-09  0.00E+00  0.00E+00  4.23E-07  1.53E-04  1.15E-02  0.00001
   1908.    5.241  3.73E-07  1.36E-04  3.09E-12  1.13E-09  0.00E+00  0.00E+00  3.73E-07  1.36E-04  1.15E-02  0.00000
   1910.    5.236  3.76E-07  1.37E-04  3.40E-12  1.24E-09  0.00E+00  0.00E+00  3.76E-07  1.37E-04  1.15E-02  0.00000
   1912.    5.230  4.36E-07  1.59E-04  3.20E-11  1.17E-08  0.00E+00  0.00E+00  4.36E-07  1.60E-04  1.15E-02  0.00004
   1914.    5.225  4.47E-07  1.64E-04  3.86E-11  1.41E-08  0.00E+00  0.00E+00  4.47E-07  1.64E-04  1.15E-02  0.00005
   1916.    5.219  3.98E-07  1.46E-04  5.74E-12  2.11E-09  0.00E+00  0.00E+00  3.98E-07  1.46E-04  1.15E-02  0.00001
   1918.    5.214  3.46E-07  1.27E-04  3.39E-15  1.25E-12  0.00E+00  0.00E+00  3.46E-07  1.27E-04  1.15E-02  0.00000
   1920.    5.208  3.52E-07  1.30E-04  9.34E-16  3.44E-13  0.00E+00  0.00E+00  3.52E-07  1.30E-04  1.15E-02  0.00000
   1922.    5.203  3.45E-07  1.27E-04  7.36E-21  2.72E-18  0.00E+00  0.00E+00  3.45E-07  1.27E-04  1.15E-02  0.00000
   1924.    5.198  3.61E-07  1.34E-04  1.57E-11  5.80E-09  0.00E+00  0.00E+00  3.61E-07  1.34E-04  1.15E-02  0.00002
   1926.    5.192  4.39E-07  1.63E-04  6.48E-10  2.40E-07  0.00E+00  0.00E+00  4.39E-07  1.63E-04  1.15E-02  0.00081
   1928.    5.187  4.88E-07  1.81E-04  6.57E-09  2.44E-06  0.00E+00  0.00E+00  4.94E-07  1.84E-04  1.15E-02  0.00825
   1930.    5.181  5.03E-07  1.87E-04  1.35E-08  5.03E-06  0.00E+00  0.00E+00  5.16E-07  1.92E-04  1.15E-02  0.01701
   1932.    5.176  4.50E-07  1.68E-04  6.12E-09  2.28E-06  0.00E+00  0.00E+00  4.56E-07  1.70E-04  1.15E-02  0.00772
   1934.    5.171  4.41E-07  1.65E-04  4.50E-09  1.68E-06  0.00E+00  0.00E+00  4.45E-07  1.66E-04  1.15E-02  0.00576
   1936.    5.165  4.81E-07  1.80E-04  9.91E-09  3.72E-06  0.00E+00  0.00E+00  4.91E-07  1.84E-04  1.15E-02  0.01273
   1938.    5.160  4.62E-07  1.73E-04  4.60E-09  1.73E-06  0.00E+00  0.00E+00  4.66E-07  1.75E-04  1.15E-02  0.00593
   1940.    5.155  4.06E-07  1.53E-04  6.73E-10  2.53E-07  0.00E+00  0.00E+00  4.07E-07  1.53E-04  1.15E-02  0.00087
   1942.    5.149  3.32E-07  1.25E-04  5.03E-12  1.90E-09  0.00E+00  0.00E+00  3.32E-07  1.25E-04  1.15E-02  0.00001
   1944.    5.144  3.18E-07  1.20E-04  1.55E-15  5.86E-13  0.00E+00  0.00E+00  3.18E-07  1.20E-04  1.15E-02  0.00000
   1946.    5.139  3.41E-07  1.29E-04  1.75E-10  6.63E-08  0.00E+00  0.00E+00  3.41E-07  1.29E-04  1.15E-02  0.00023
   1948.    5.133  4.07E-07  1.55E-04  1.58E-09  5.99E-07  0.00E+00  0.00E+00  4.09E-07  1.55E-04  1.15E-02  0.00212
   1950.    5.128  4.51E-07  1.71E-04  9.86E-09  3.75E-06  0.00E+00  0.00E+00  4.61E-07  1.75E-04  1.15E-02  0.01329
   1952.    5.123  4.61E-07  1.76E-04  2.04E-08  7.76E-06  0.00E+00  0.00E+00  4.81E-07  1.83E-04  1.15E-02  0.02755
   1954.    5.118  4.03E-07  1.54E-04  8.72E-09  3.33E-06  0.00E+00  0.00E+00  4.12E-07  1.57E-04  1.15E-02  0.01181
   1956.    5.112  3.86E-07  1.48E-04  1.78E-09  6.80E-07  0.00E+00  0.00E+00  3.87E-07  1.48E-04  1.15E-02  0.00245
   1958.    5.107  4.33E-07  1.66E-04  1.60E-08  6.13E-06  0.00E+00  0.00E+00  4.49E-07  1.72E-04  1.15E-02  0.02210
   1960.    5.102  4.21E-07  1.62E-04  1.59E-08  6.12E-06  0.00E+00  0.00E+00  4.37E-07  1.68E-04  1.15E-02  0.02206
   1962.    5.097  4.10E-07  1.58E-04  7.21E-09  2.78E-06  0.00E+00  0.00E+00  4.17E-07  1.61E-04  1.15E-02  0.01010
   1964.    5.092  4.19E-07  1.61E-04  8.10E-09  3.12E-06  0.00E+00  0.00E+00  4.27E-07  1.65E-04  1.15E-02  0.01137
   1966.    5.086  3.35E-07  1.29E-04  1.15E-09  4.46E-07  0.00E+00  0.00E+00  3.36E-07  1.30E-04  1.15E-02  0.00162
   1968.    5.081  3.34E-07  1.29E-04  1.14E-09  4.43E-07  0.00E+00  0.00E+00  3.35E-07  1.30E-04  1.15E-02  0.00164
   1970.    5.076  4.16E-07  1.61E-04  2.59E-08  1.01E-05  0.00E+00  0.00E+00  4.42E-07  1.71E-04  1.15E-02  0.03738
   1972.    5.071  4.29E-07  1.67E-04  8.50E-08  3.30E-05  0.00E+00  0.00E+00  5.14E-07  2.00E-04  1.15E-02  0.12293
   1974.    5.066  4.11E-07  1.60E-04  1.06E-07  4.14E-05  0.00E+00  0.00E+00  5.17E-07  2.02E-04  1.15E-02  0.15422
   1976.    5.061  4.06E-07  1.59E-04  6.92E-08  2.70E-05  0.00E+00  0.00E+00  4.75E-07  1.86E-04  1.15E-02  0.10122
   1978.    5.056  3.98E-07  1.56E-04  1.09E-07  4.27E-05  0.00E+00  0.00E+00  5.07E-07  1.98E-04  1.15E-02  0.16112
   1980.    5.051  3.87E-07  1.52E-04  1.33E-07  5.22E-05  0.00E+00  0.00E+00  5.21E-07  2.04E-04  1.15E-02  0.19748
   1982.    5.045  4.01E-07  1.58E-04  1.00E-07  3.93E-05  0.00E+00  0.00E+00  5.01E-07  1.97E-04  1.15E-02  0.14937
   1984.    5.040  4.12E-07  1.62E-04  7.50E-08  2.95E-05  0.00E+00  0.00E+00  4.87E-07  1.92E-04  1.15E-02  0.11259
   1986.    5.035  3.92E-07  1.54E-04  2.65E-08  1.05E-05  0.00E+00  0.00E+00  4.18E-07  1.65E-04  1.15E-02  0.03994
   1988.    5.030  3.29E-07  1.30E-04  2.35E-09  9.27E-07  0.00E+00  0.00E+00  3.31E-07  1.31E-04  1.15E-02  0.00355
   1990.    5.025  3.07E-07  1.22E-04  2.68E-11  1.06E-08  0.00E+00  0.00E+00  3.07E-07  1.22E-04  1.15E-02  0.00004
   1992.    5.020  2.83E-07  1.12E-04  4.84E-12  1.92E-09  0.00E+00  0.00E+00  2.83E-07  1.12E-04  1.15E-02  0.00001
   1994.    5.015  3.38E-07  1.35E-04  6.67E-09  2.65E-06  0.00E+00  0.00E+00  3.45E-07  1.37E-04  1.15E-02  0.01041
   1996.    5.010  3.97E-07  1.58E-04  2.69E-08  1.07E-05  0.00E+00  0.00E+00  4.24E-07  1.69E-04  1.15E-02  0.04214
   1998.    5.005  3.70E-07  1.48E-04  2.03E-08  8.09E-06  0.00E+00  0.00E+00  3.90E-07  1.56E-04  1.15E-02  0.03182
   2000.    5.000  3.61E-07  1.44E-04  5.56E-08  2.23E-05  0.00E+00  0.00E+00  4.17E-07  1.67E-04  1.15E-02  0.08843
  iv         2005
1                                             RADIANCE(WATTS/CM2-STER-XXX)
0  FREQ   WAVLEN    PATH THERMAL      SURFACE EMISSION    SURFACE REFLECTED     TOTAL RADIANCE   INTEGRAL    TOTAL
  (CM-1) (MICRN)    (CM-1)   (MICRN)    (CM-1)   (MICRN)    (CM-1)   (MICRN)    (CM-1)   (MICRN)    (CM-1)   TRANS

   2002.    4.995  3.54E-07  1.42E-04  1.38E-07  5.54E-05  0.00E+00  0.00E+00  4.92E-07  1.97E-04  1.15E-02  0.22048
   2004.    4.990  3.39E-07  1.36E-04  1.61E-07  6.48E-05  0.00E+00  0.00E+00  5.01E-07  2.01E-04  1.15E-02  0.25911
   2006.    4.985  3.52E-07  1.42E-04  9.00E-08  3.62E-05  0.00E+00  0.00E+00  4.42E-07  1.78E-04  1.15E-02  0.14497
   2008.    4.980  3.47E-07  1.40E-04  1.66E-08  6.67E-06  0.00E+00  0.00E+00  3.63E-07  1.46E-04  1.15E-02  0.02687
   2010.    4.975  3.55E-07  1.44E-04  5.42E-08  2.19E-05  0.00E+00  0.00E+00  4.10E-07  1.65E-04  1.15E-02  0.08908
   2012.    4.970  3.57E-07  1.44E-04  1.10E-07  4.44E-05  0.00E+00  0.00E+00  4.67E-07  1.89E-04  1.15E-02  0.18090
   2014.    4.965  3.57E-07  1.45E-04  6.63E-08  2.69E-05  0.00E+00  0.00E+00  4.23E-07  1.72E-04  1.15E-02  0.10977
   2016.    4.960  3.01E-07  1.22E-04  9.51E-09  3.87E-06  0.00E+00  0.00E+00  3.11E-07  1.26E-04  1.16E-02  0.01580
   2018.    4.955  2.67E-07  1.09E-04  9.51E-12  3.87E-09  0.00E+00  0.00E+00  2.67E-07  1.09E-04  1.16E-02  0.00002
   2020.    4.950  3.22E-07  1.31E-04  1.50E-08  6.12E-06  0.00E+00  0.00E+00  3.37E-07  1.37E-04  1.16E-02  0.02551
   2022.    4.946  3.51E-07  1.43E-04  2.87E-08  1.17E-05  0.00E+00  0.00E+00  3.80E-07  1.55E-04  1.16E-02  0.04896
   2024.    4.941  3.44E-07  1.41E-04  3.95E-08  1.62E-05  0.00E+00  0.00E+00  3.84E-07  1.57E-04  1.16E-02  0.06787
   2026.    4.936  3.39E-07  1.39E-04  4.83E-08  1.98E-05  0.00E+00  0.00E+00  3.87E-07  1.59E-04  1.16E-02  0.08350
   2028.    4.931  3.05E-07  1.25E-04  1.11E-07  4.55E-05  0.00E+00  0.00E+00  4.15E-07  1.71E-04  1.16E-02  0.19284
   2030.    4.926  2.57E-07  1.06E-04  2.26E-07  9.32E-05  0.00E+00  0.00E+00  4.83E-07  1.99E-04  1.16E-02  0.39629
   2032.    4.921  2.39E-07  9.85E-05  2.44E-07  1.01E-04  0.00E+00  0.00E+00  4.82E-07  1.99E-04  1.16E-02  0.42958
   2034.    4.916  2.76E-07  1.14E-04  1.69E-07  6.99E-05  0.00E+00  0.00E+00  4.45E-07  1.84E-04  1.16E-02  0.29962
   2036.    4.912  2.92E-07  1.21E-04  1.42E-07  5.89E-05  0.00E+00  0.00E+00  4.34E-07  1.80E-04  1.16E-02  0.25384
   2038.    4.907  3.15E-07  1.31E-04  7.99E-08  3.32E-05  0.00E+00  0.00E+00  3.95E-07  1.64E-04  1.16E-02  0.14344
   2040.    4.902  3.04E-07  1.27E-04  3.18E-08  1.33E-05  0.00E+00  0.00E+00  3.36E-07  1.40E-04  1.16E-02  0.05750
   2042.    4.897  2.88E-07  1.20E-04  3.05E-09  1.27E-06  0.00E+00  0.00E+00  2.91E-07  1.21E-04  1.16E-02  0.00555
   2044.    4.892  3.01E-07  1.26E-04  3.98E-08  1.66E-05  0.00E+00  0.00E+00  3.40E-07  1.42E-04  1.16E-02  0.07341
   2046.    4.888  2.99E-07  1.25E-04  8.40E-08  3.52E-05  0.00E+00  0.00E+00  3.83E-07  1.60E-04  1.16E-02  0.15537
   2048.    4.883  2.59E-07  1.08E-04  1.54E-07  6.46E-05  0.00E+00  0.00E+00  4.13E-07  1.73E-04  1.16E-02  0.28704
   2050.    4.878  2.24E-07  9.41E-05  2.19E-07  9.21E-05  0.00E+00  0.00E+00  4.43E-07  1.86E-04  1.16E-02  0.41075
   2052.    4.873  2.29E-07  9.63E-05  2.03E-07  8.54E-05  0.00E+00  0.00E+00  4.32E-07  1.82E-04  1.16E-02  0.38265
   2054.    4.869  2.26E-07  9.55E-05  1.99E-07  8.39E-05  0.00E+00  0.00E+00  4.25E-07  1.79E-04  1.16E-02  0.37770
   2056.    4.864  2.04E-07  8.61E-05  2.29E-07  9.70E-05  0.00E+00  0.00E+00  4.33E-07  1.83E-04  1.16E-02  0.43868
   2058.    4.859  2.30E-07  9.74E-05  1.73E-07  7.33E-05  0.00E+00  0.00E+00  4.03E-07  1.71E-04  1.16E-02  0.33250
   2060.    4.854  2.70E-07  1.14E-04  7.22E-08  3.07E-05  0.00E+00  0.00E+00  3.42E-07  1.45E-04  1.16E-02  0.13980
   2062.    4.850  2.80E-07  1.19E-04  6.81E-08  2.89E-05  0.00E+00  0.00E+00  3.48E-07  1.48E-04  1.16E-02  0.13287
   2064.    4.845  2.61E-07  1.11E-04  3.03E-08  1.29E-05  0.00E+00  0.00E+00  2.91E-07  1.24E-04  1.16E-02  0.05919
   2066.    4.840  2.56E-07  1.09E-04  2.89E-08  1.23E-05  0.00E+00  0.00E+00  2.85E-07  1.22E-04  1.16E-02  0.05753
   2068.    4.836  2.46E-07  1.05E-04  1.32E-07  5.66E-05  0.00E+00  0.00E+00  3.78E-07  1.62E-04  1.16E-02  0.26400
   2070.    4.831  1.93E-07  8.29E-05  2.28E-07  9.75E-05  0.00E+00  0.00E+00  4.21E-07  1.80E-04  1.16E-02  0.45659
   2072.    4.826  2.16E-07  9.26E-05  1.77E-07  7.59E-05  0.00E+00  0.00E+00  3.93E-07  1.69E-04  1.16E-02  0.35626
   2074.    4.822  2.49E-07  1.07E-04  1.07E-07  4.60E-05  0.00E+00  0.00E+00  3.55E-07  1.53E-04  1.16E-02  0.21727
   2076.    4.817  2.34E-07  1.01E-04  1.09E-07  4.68E-05  0.00E+00  0.00E+00  3.43E-07  1.48E-04  1.16E-02  0.22220
   2078.    4.812  2.42E-07  1.04E-04  6.38E-08  2.75E-05  0.00E+00  0.00E+00  3.06E-07  1.32E-04  1.16E-02  0.13137
   2080.    4.808  2.31E-07  9.98E-05  1.28E-07  5.52E-05  0.00E+00  0.00E+00  3.58E-07  1.55E-04  1.16E-02  0.26527
   2082.    4.803  1.97E-07  8.55E-05  1.93E-07  8.35E-05  0.00E+00  0.00E+00  3.90E-07  1.69E-04  1.16E-02  0.40282
   2084.    4.798  1.64E-07  7.14E-05  2.49E-07  1.08E-04  0.00E+00  0.00E+00  4.13E-07  1.79E-04  1.16E-02  0.52281
   2086.    4.794  2.05E-07  8.93E-05  1.72E-07  7.49E-05  0.00E+00  0.00E+00  3.77E-07  1.64E-04  1.16E-02  0.36391
   2088.    4.789  2.61E-07  1.14E-04  6.44E-08  2.81E-05  0.00E+00  0.00E+00  3.25E-07  1.42E-04  1.16E-02  0.13702
   2090.    4.785  2.55E-07  1.12E-04  3.79E-08  1.65E-05  0.00E+00  0.00E+00  2.93E-07  1.28E-04  1.16E-02  0.08137
   2092.    4.780  2.37E-07  1.04E-04  9.93E-08  4.34E-05  0.00E+00  0.00E+00  3.36E-07  1.47E-04  1.16E-02  0.21499
   2094.    4.776  2.07E-07  9.07E-05  1.69E-07  7.43E-05  0.00E+00  0.00E+00  3.76E-07  1.65E-04  1.16E-02  0.36895
   2096.    4.771  1.82E-07  8.02E-05  1.98E-07  8.71E-05  0.00E+00  0.00E+00  3.81E-07  1.67E-04  1.16E-02  0.43433
   2098.    4.766  1.71E-07  7.55E-05  2.08E-07  9.13E-05  0.00E+00  0.00E+00  3.79E-07  1.67E-04  1.16E-02  0.45776
   2100.    4.762  1.69E-07  7.45E-05  2.06E-07  9.07E-05  0.00E+00  0.00E+00  3.75E-07  1.65E-04  1.16E-02  0.45674
  iv         2105
1                                             RADIANCE(WATTS/CM2-STER-XXX)
0  FREQ   WAVLEN    PATH THERMAL      SURFACE EMISSION    SURFACE REFLECTED     TOTAL RADIANCE   INTEGRAL    TOTAL
  (CM-1) (MICRN)    (CM-1)   (MICRN)    (CM-1)   (MICRN)    (CM-1)   (MICRN)    (CM-1)   (MICRN)    (CM-1)   TRANS

   2102.    4.757  1.29E-07  5.70E-05  2.70E-07  1.19E-04  0.00E+00  0.00E+00  3.99E-07  1.76E-04  1.16E-02  0.60485
   2104.    4.753  1.16E-07  5.12E-05  2.86E-07  1.27E-04  0.00E+00  0.00E+00  4.01E-07  1.78E-04  1.16E-02  0.64321
   2106.    4.748  1.63E-07  7.25E-05  2.02E-07  8.97E-05  0.00E+00  0.00E+00  3.66E-07  1.62E-04  1.16E-02  0.45812
   2108.    4.744  1.55E-07  6.89E-05  2.18E-07  9.68E-05  0.00E+00  0.00E+00  3.73E-07  1.66E-04  1.16E-02  0.49772
   2110.    4.739  1.04E-07  4.63E-05  2.96E-07  1.32E-04  0.00E+00  0.00E+00  4.00E-07  1.78E-04  1.16E-02  0.68018
   2112.    4.735  1.21E-07  5.41E-05  2.64E-07  1.18E-04  0.00E+00  0.00E+00  3.85E-07  1.72E-04  1.16E-02  0.61028
   2114.    4.730  1.99E-07  8.91E-05  1.03E-07  4.62E-05  0.00E+00  0.00E+00  3.03E-07  1.35E-04  1.16E-02  0.23990
   2116.    4.726  1.99E-07  8.92E-05  1.08E-07  4.84E-05  0.00E+00  0.00E+00  3.07E-07  1.38E-04  1.16E-02  0.25472
   2118.    4.721  1.15E-07  5.17E-05  2.68E-07  1.20E-04  0.00E+00  0.00E+00  3.83E-07  1.72E-04  1.16E-02  0.63249
   2120.    4.717  1.16E-07  5.22E-05  2.61E-07  1.17E-04  0.00E+00  0.00E+00  3.77E-07  1.69E-04  1.16E-02  0.61964
   2122.    4.713  1.67E-07  7.50E-05  1.85E-07  8.32E-05  0.00E+00  0.00E+00  3.51E-07  1.58E-04  1.16E-02  0.44207
   2124.    4.708  1.74E-07  7.84E-05  1.66E-07  7.48E-05  0.00E+00  0.00E+00  3.40E-07  1.53E-04  1.16E-02  0.39974
   2126.    4.704  1.11E-07  5.02E-05  2.54E-07  1.15E-04  0.00E+00  0.00E+00  3.65E-07  1.65E-04  1.16E-02  0.61819
   2128.    4.699  7.84E-08  3.55E-05  3.04E-07  1.38E-04  0.00E+00  0.00E+00  3.83E-07  1.73E-04  1.16E-02  0.74315
   2130.    4.695  8.96E-08  4.06E-05  2.84E-07  1.29E-04  0.00E+00  0.00E+00  3.74E-07  1.70E-04  1.16E-02  0.70014
   2132.    4.690  7.36E-08  3.34E-05  3.07E-07  1.40E-04  0.00E+00  0.00E+00  3.81E-07  1.73E-04  1.16E-02  0.76111
   2134.    4.686  8.89E-08  4.05E-05  2.76E-07  1.26E-04  0.00E+00  0.00E+00  3.65E-07  1.66E-04  1.16E-02  0.68785
   2136.    4.682  1.72E-07  7.87E-05  1.18E-07  5.40E-05  0.00E+00  0.00E+00  2.91E-07  1.33E-04  1.16E-02  0.29666
   2138.    4.677  2.12E-07  9.68E-05  5.62E-08  2.57E-05  0.00E+00  0.00E+00  2.68E-07  1.23E-04  1.16E-02  0.14251
   2140.    4.673  1.66E-07  7.61E-05  1.49E-07  6.82E-05  0.00E+00  0.00E+00  3.15E-07  1.44E-04  1.16E-02  0.38010
   2142.    4.669  1.01E-07  4.64E-05  2.56E-07  1.17E-04  0.00E+00  0.00E+00  3.57E-07  1.64E-04  1.16E-02  0.65709
   2144.    4.664  1.18E-07  5.43E-05  2.18E-07  1.00E-04  0.00E+00  0.00E+00  3.36E-07  1.54E-04  1.16E-02  0.56135
   2146.    4.660  1.67E-07  7.71E-05  1.38E-07  6.37E-05  0.00E+00  0.00E+00  3.06E-07  1.41E-04  1.16E-02  0.35965
   2148.    4.655  1.40E-07  6.48E-05  1.85E-07  8.54E-05  0.00E+00  0.00E+00  3.25E-07  1.50E-04  1.16E-02  0.48533
   2150.    4.651  9.38E-08  4.34E-05  2.54E-07  1.17E-04  0.00E+00  0.00E+00  3.48E-07  1.61E-04  1.16E-02  0.67027
   2152.    4.647  1.11E-07  5.15E-05  2.20E-07  1.02E-04  0.00E+00  0.00E+00  3.32E-07  1.54E-04  1.16E-02  0.58495
   2154.    4.643  1.07E-07  4.98E-05  2.23E-07  1.03E-04  0.00E+00  0.00E+00  3.30E-07  1.53E-04  1.16E-02  0.59602
   2156.    4.638  9.98E-08  4.64E-05  2.35E-07  1.09E-04  0.00E+00  0.00E+00  3.35E-07  1.56E-04  1.16E-02  0.63284
   2158.    4.634  8.33E-08  3.88E-05  2.55E-07  1.19E-04  0.00E+00  0.00E+00  3.39E-07  1.58E-04  1.16E-02  0.69239
   2160.    4.630  1.02E-07  4.76E-05  2.25E-07  1.05E-04  0.00E+00  0.00E+00  3.27E-07  1.52E-04  1.16E-02  0.61224
   2162.    4.625  1.54E-07  7.18E-05  1.33E-07  6.22E-05  0.00E+00  0.00E+00  2.87E-07  1.34E-04  1.16E-02  0.36588
   2164.    4.621  1.03E-07  4.84E-05  2.11E-07  9.90E-05  0.00E+00  0.00E+00  3.15E-07  1.47E-04  1.16E-02  0.58595
   2166.    4.617  6.12E-08  2.87E-05  2.78E-07  1.30E-04  0.00E+00  0.00E+00  3.39E-07  1.59E-04  1.16E-02  0.77423
   2168.    4.613  5.02E-08  2.36E-05  2.90E-07  1.36E-04  0.00E+00  0.00E+00  3.40E-07  1.60E-04  1.16E-02  0.81317
   2170.    4.608  6.59E-08  3.10E-05  2.62E-07  1.23E-04  0.00E+00  0.00E+00  3.28E-07  1.54E-04  1.16E-02  0.73958
   2172.    4.604  8.40E-08  3.96E-05  2.35E-07  1.11E-04  0.00E+00  0.00E+00  3.19E-07  1.50E-04  1.16E-02  0.66801
   2174.    4.600  5.73E-08  2.71E-05  2.72E-07  1.29E-04  0.00E+00  0.00E+00  3.29E-07  1.56E-04  1.16E-02  0.77940
   2176.    4.596  4.70E-08  2.23E-05  2.83E-07  1.34E-04  0.00E+00  0.00E+00  3.30E-07  1.56E-04  1.16E-02  0.81795
   2178.    4.591  4.56E-08  2.16E-05  2.83E-07  1.34E-04  0.00E+00  0.00E+00  3.29E-07  1.56E-04  1.16E-02  0.82271
   2180.    4.587  7.22E-08  3.43E-05  2.40E-07  1.14E-04  0.00E+00  0.00E+00  3.12E-07  1.48E-04  1.16E-02  0.70255
   2182.    4.583  7.09E-08  3.37E-05  2.40E-07  1.14E-04  0.00E+00  0.00E+00  3.11E-07  1.48E-04  1.16E-02  0.70768
   2184.    4.579  6.99E-08  3.34E-05  2.41E-07  1.15E-04  0.00E+00  0.00E+00  3.11E-07  1.48E-04  1.16E-02  0.71492
   2186.    4.575  1.07E-07  5.10E-05  1.82E-07  8.70E-05  0.00E+00  0.00E+00  2.89E-07  1.38E-04  1.16E-02  0.54372
   2188.    4.570  9.28E-08  4.44E-05  2.00E-07  9.59E-05  0.00E+00  0.00E+00  2.93E-07  1.40E-04  1.16E-02  0.60327
   2190.    4.566  6.07E-08  2.91E-05  2.48E-07  1.19E-04  0.00E+00  0.00E+00  3.09E-07  1.48E-04  1.16E-02  0.75198
   2192.    4.562  6.24E-08  3.00E-05  2.43E-07  1.17E-04  0.00E+00  0.00E+00  3.05E-07  1.47E-04  1.16E-02  0.73994
   2194.    4.558  6.37E-08  3.07E-05  2.37E-07  1.14E-04  0.00E+00  0.00E+00  3.01E-07  1.45E-04  1.16E-02  0.72872
   2196.    4.554  4.15E-08  2.00E-05  2.66E-07  1.28E-04  0.00E+00  0.00E+00  3.08E-07  1.48E-04  1.16E-02  0.82348
   2198.    4.550  5.75E-08  2.78E-05  2.41E-07  1.17E-04  0.00E+00  0.00E+00  2.99E-07  1.44E-04  1.16E-02  0.75103
   2200.    4.545  7.41E-08  3.59E-05  2.14E-07  1.03E-04  0.00E+00  0.00E+00  2.88E-07  1.39E-04  1.16E-02  0.67025
0INTEGRATED ABSORPTION FROM    2 TO 2200 CM-1 =   1861.67 CM-1
 AVERAGE TRANSMITTANCE =0.1530

0INTEGRATED RADIANCE =  1.161E-02 WATTS CM-2 STER-1
 MINIMUM RADIANCE    =  1.265E-09 WATTS CM-2 STER-1 (CM-1)-1 AT        2.0 CM-1
 MAXIMUM RADIANCE    =  1.306E-05 WATTS CM-2 STER-1 (CM-1)-1 AT      560.0 CM-1
 BOUNDARY TEMPERATURE =     299.70 K
 BOUNDARY EMISSIVITY =       0.971
0 CARD 5 *****    0
